Report Number,Local Case Number,Agency Name,ACRS Report Type,Crash Date/Time,Route Type,Road Name,Cross-Street Type,Cross-Street Name,Off-Road Description,Municipality,Related Non-Motorist,Collision Type,Weather,Surface Condition,Light,Traffic Control,Driver Substance Abuse,Non-Motorist Substance Abuse,Person ID,Pedestrian Type,Pedestrian Movement,Pedestrian Actions,Pedestrian Location,Pedestrian Obeyed Traffic Signal,Pedestrian Visibility,At Fault,Injury Severity,Latitude,Longitude,Location
MCP2134000S,16051464,Montgomery County Police,Injury Crash,10/06/2016 07:28:00 PM,Maryland (State),GEORGIA AVE,County,DAWSON AVE,,N/A,PEDESTRIAN,OTHER,CLEAR,DRY,DARK LIGHTS ON,NO CONTROLS,NONE DETECTED,ALCOHOL PRESENT,02073349-3511-4B26-A5A4-B147CE9966CE,PEDESTRIAN,Cross/Enter not at Intersection,IN ROADWAY IMPROPERLY,ON ROADWAY NOT AT CROSSWALK,NO PED. SIGNAL,DARK CLOTHING,Unknown,SUSPECTED SERIOUS INJURY,39.04516101,-77.05215365,"(39.04516101, -77.05215365)"
EJ7852001K,17007003,Gaithersburg Police Depar,Injury Crash,02/08/2017 10:11:00 AM,Maryland (State),CLOPPER RD,Municipality,FIRSTFIELD RD,,GAITHERSBURG,PEDESTRIAN,OTHER,CLEAR,DRY,DARK LIGHTS ON,TRAFFIC SIGNAL,NONE DETECTED,NONE DETECTED,7CB64214-6003-4779-98E7-16022AF1B980,PEDESTRIAN,Cross/Enter at Intersection,UNKNOWN,ON ROADWAY AT CROSSWALK,UNKNOWN,DARK CLOTHING,No,SUSPECTED MINOR INJURY,39.14376194,-77.22382441,"(39.14376194, -77.22382441)"
MCP2046005K,16027508,Montgomery County Police,Injury Crash,06/02/2016 08:13:00 AM,County,OLD COLUMBIA PIKE,County,FAIRLAND RD,,N/A,PEDESTRIAN,STRAIGHT MOVEMENT ANGLE,CLOUDY,DRY,DAYLIGHT,TRAFFIC SIGNAL,NONE DETECTED,NONE DETECTED,52AB336F-A15E-4FC2-885D-35A3E8052A5D,PEDESTRIAN,Cross/Enter at Intersection,DART DASH,ON ROADWAY NOT AT CROSSWALK,NO PED. SIGNAL,DARK CLOTHING,Yes,SUSPECTED MINOR INJURY,39.07626165,-76.95760176,"(39.07626165, -76.95760176)"
HA2413000C,16000302,Maryland-National Capital,Property Damage Crash,03/17/2016 07:26:00 AM,,,,,PARKING LOT OF CEDAR CREEK LP AT CROSS WALK,,BICYCLIST,OTHER,CLEAR,,DAYLIGHT,NO CONTROLS,N/A,NONE DETECTED,08C62822-BA60-4126-BC4C-D7C036D7CC33,BICYCLIST,Cross/Enter at Intersection,NO IMPROPER ACTIONS,AT INTERSECTION MARKED CROSSWALK,NO PED. SIGNAL,N/A,No,NO APPARENT INJURY,39.15187644,-77.28348613,"(39.15187644, -77.28348613)"
MCP2770001L,17003840,Montgomery County Police,Injury Crash,01/22/2017 06:56:00 PM,,,,,PARKING LOT OF 16004 SHADY GROVE ROAD,,PEDESTRIAN,OTHER,CLOUDY,,DARK LIGHTS ON,NO CONTROLS,NONE DETECTED,NONE DETECTED,72109333-16BB-4A09-9D1C-F5A955AE6DDB,PEDESTRIAN,Other,DART DASH,OTHER,NO PED. SIGNAL,MIXED CLOTHING,Yes,POSSIBLE INJURY,39.12015,-77.18208,"(39.12015, -77.18208)"
MCP2046006N,17014779,Montgomery County Police,Injury Crash,03/23/2017 06:32:00 AM,County,MT PISGAH RD,County,OAKVIEW DR,,N/A,PEDESTRIAN,OTHER,CLEAR,DRY,DARK LIGHTS ON,NO CONTROLS,NONE DETECTED,NONE DETECTED,3001CF27-168F-4ED9-9AF7-705C232E9CD0,PEDESTRIAN,Cross/Enter at Intersection,NO IMPROPER ACTIONS,ON ROADWAY AT CROSSWALK,NO PED. SIGNAL,DARK CLOTHING,No,SUSPECTED MINOR INJURY,39.01524833,-76.97705,"(39.01524833, -76.97705)"
MCP2756000X,15046374,MONTGOMERY,Injury Crash,09/13/2015 07:19:00 PM,Maryland (State),UNIVERSITY BLVD W,County,INWOOD AVE,,N/A,PEDESTRIAN,SINGLE VEHICLE,CLEAR,DRY,DUSK,TRAFFIC SIGNAL,NONE DETECTED,NONE DETECTED,E088262F-2BCD-499D-89B0-5ECAF2F1CFEE,PEDESTRIAN,Cross/Enter at Intersection,N/A,ON ROADWAY AT CROSSWALK,OBEYED PED. SIGNAL,LIGHT CLOTHING,No,SUSPECTED SERIOUS INJURY,39.036108,-77.036404,"(39.036108, -77.036404)"
MCP2639001R,17003191,Montgomery County Police,Injury Crash,01/18/2017 10:06:00 PM,Maryland (State),GEORGIA AVE,County,PRICE AVE,,N/A,PEDESTRIAN,STRAIGHT MOVEMENT ANGLE,CLOUDY,DRY,DARK LIGHTS ON,OTHER,NONE DETECTED,ALCOHOL CONTRIBUTED,44664C05-1C5F-4610-860C-E4EFAFF9259E,PEDESTRIAN,Cross/Enter at Intersection,NOT VISIBLE,ON ROADWAY AT CROSSWALK,NO PED. SIGNAL,DARK CLOTHING,No,POSSIBLE INJURY,39.03984167,-77.05149333,"(39.03984167, -77.05149333)"
MCP25260013,170503188,Montgomery County Police,Injury Crash,04/20/2017 05:25:00 PM,Maryland (State),FISHER AVE,Unknown,ENT TO POOLESVILLE PLAZA,,N/A,BICYCLIST,HEAD ON LEFT TURN,CLEAR,DRY,DAYLIGHT,NO CONTROLS,NONE DETECTED,N/A,2D0C3F77-9FBE-4900-8C5E-181E957D01EE,BICYCLIST,Cross/Enter at Intersection,NO IMPROPER ACTIONS,AT INTERSECTION BUT NO CROSSWALK,N/A,LIGHT CLOTHING,No,POSSIBLE INJURY,39.1440719,-77.40945339,"(39.1440719, -77.40945339)"
MCP29320012,16047891,Montgomery County Police,Injury Crash,09/18/2016 02:21:00 AM,US (State),GEORGIA AVE,County,RIPLEY ST,,N/A,PEDESTRIAN,OTHER,CLEAR,N/A,DARK LIGHTS ON,N/A,N/A,ALCOHOL PRESENT,D888CFD0-6F71-4A2C-A8C2-04491CAE17A4,PEDESTRIAN,Cross/Enter at Intersection,IN ROADWAY IMPROPERLY,ON ROADWAY NOT AT CROSSWALK,NO PED. SIGNAL,LIGHT CLOTHING,Yes,SUSPECTED SERIOUS INJURY,38.99259167,-77.02651333,"(38.99259167, -77.02651333)"
MCP29020016,16008347,Montgomery County Police,Injury Crash,02/19/2016 02:01:00 PM,,,,,MILESTONE PARKING LOT,,PEDESTRIAN,N/A,CLEAR,,DAYLIGHT,NO CONTROLS,N/A,NONE DETECTED,FFD702E0-A793-41B1-A7D2-34D9812E2CFD,PEDESTRIAN,Other,UNKNOWN,OTHER,NO PED. SIGNAL,MIXED CLOTHING,Yes,POSSIBLE INJURY,39.20264833,-77.24698333,"(39.20264833, -77.24698333)"
DD5621001F,170529129,Rockville Police Departme,Injury Crash,09/07/2017 08:55:00 AM,Maryland (State),ROCKVILLE PIKE,Maryland (State),DODGE ST,,N/A,PEDESTRIAN,SINGLE VEHICLE,CLEAR,DRY,DAYLIGHT,TRAFFIC SIGNAL,NONE DETECTED,NONE DETECTED,C33EB9B5-50A5-4844-9B6E-3BAEDE04C61B,PEDESTRIAN,Cross/Enter at Intersection,FAILURE TO OBEY TRAFFIC SIGNS SIGNALS OR OFFICER,ON ROADWAY AT CROSSWALK,DISOBEYED PED. SIGNAL,MIXED CLOTHING,Yes,SUSPECTED MINOR INJURY,39.08011233,-77.14363067,"(39.08011233, -77.14363067)"
MCP30060014,16039639,Montgomery County Police,Injury Crash,08/05/2016 01:00:00 PM,Maryland (State),UNIVERSITY BLVD W,County,DENNIS AVE,,N/A,BICYCLIST,HEAD ON LEFT TURN,N/A,DRY,DAYLIGHT,TRAFFIC SIGNAL,NONE DETECTED,NONE DETECTED,85CF0FC2-EAA6-4C20-A0B0-1738413B790E,BICYCLIST,Walking/Riding w/Traffic,NO IMPROPER ACTIONS,AT INTERSECTION BUT NO CROSSWALK,NO PED. SIGNAL,MIXED CLOTHING,No,SUSPECTED MINOR INJURY,39.02615667,-77.02019333,"(39.02615667, -77.02019333)"
MCP25040013,16000449,Montgomery County Police,Injury Crash,01/03/2016 05:40:00 PM,,,,,PARKING LOT ROADWAY IN FRONT OF 7901 TUCKERMAN LANE,,PEDESTRIAN,STRAIGHT MOVEMENT ANGLE,CLEAR,,DUSK,OTHER,NONE DETECTED,NONE DETECTED,7D2231B3-619F-47BC-A5FD-C190EC7DF2C9,PEDESTRIAN,Cross/Enter at Intersection,NO IMPROPER ACTIONS,ON ROADWAY AT CROSSWALK,NO PED. SIGNAL,MIXED CLOTHING,No,SUSPECTED MINOR INJURY,39.039952,-77.15729,"(39.039952, -77.15729)"
MCP137800C5,16046874,Montgomery County Police,Injury Crash,09/13/2016 08:37:00 AM,County,STEDWICK RD,County,MONTGOMERY VILLAGE AVE,,N/A,PEDESTRIAN,SINGLE VEHICLE,CLEAR,DRY,DAYLIGHT,NO CONTROLS,NONE DETECTED,UNKNOWN,383ADC03-E98E-49BA-B544-9A0D5DD2961C,PEDESTRIAN,Cross/Enter not at Intersection,DART DASH,ON ROADWAY NOT AT CROSSWALK,NO PED. SIGNAL,UNKNOWN,Yes,SUSPECTED MINOR INJURY,39.16975333,-77.20488333,"(39.16975333, -77.20488333)"
MCP20160014,16036660,Montgomery County Police,Injury Crash,07/20/2016 07:39:00 AM,County,MONTROSE RD,County,E JEFFERSON ST,,N/A,PEDESTRIAN,OTHER,CLEAR,DRY,DAYLIGHT,TRAFFIC SIGNAL,NONE DETECTED,N/A,0AFEB629-C149-4FD1-90EF-F2E944C57014,PEDESTRIAN,Cross/Enter at Intersection,NO IMPROPER ACTIONS,AT INTERSECTION BUT NO CROSSWALK,N/A,MIXED CLOTHING,No,SUSPECTED MINOR INJURY,39.05497333,-77.12605833,"(39.05497333, -77.12605833)"
MCP2977001F,16019630,Montgomery County Police,Injury Crash,04/21/2016 02:06:00 PM,,,,,PARKING LOT OF CENTRAL SQUARE SHOPPING CENTER 8555 PINEY BRANCH RD,,PEDESTRIAN,SINGLE VEHICLE,CLEAR,,DAYLIGHT,NO CONTROLS,N/A,N/A,414196DE-D091-4D9A-ABF8-FC2755E7C782,PEDESTRIAN,Other,NO IMPROPER ACTIONS,OTHER,NO PED. SIGNAL,DARK CLOTHING,No,POSSIBLE INJURY,38.99818942,-77.00109109,"(38.99818942, -77.00109109)"
MCP1563001J,15043293,MONTGOMERY,Injury Crash,08/28/2015 08:31:00 PM,,,,,parking lot of 9601 Cedar Ln,,BICYCLIST,OTHER,CLEAR,,DARK LIGHTS ON,N/A,NONE DETECTED,NONE DETECTED,D5E49F9C-070C-4F83-B617-3DFC364AD8B0,BICYCLIST,Other,UNKNOWN,N/A,N/A,DARK CLOTHING,Unknown,SUSPECTED MINOR INJURY,39.01379167,-77.08903167,"(39.01379167, -77.08903167)"
MCP2008001R,15063186,MONTGOMERY,Injury Crash,12/10/2015 06:35:00 PM,Maryland (State),ROCKVILLE PIKE,Unknown,SPUR TO MD 547,,N/A,PEDESTRIAN,OTHER,CLEAR,DRY,DARK LIGHTS ON,N/A,NONE DETECTED,NONE DETECTED,5C2F5472-3D85-4BB0-B469-DDAA20769EB9,PEDESTRIAN,Cross/Enter at Intersection,NO IMPROPER ACTIONS,AT INTERSECTION MARKED CROSSWALK,NO PED. SIGNAL,DARK CLOTHING,No,POSSIBLE INJURY,39.03442667,-77.106525,"(39.03442667, -77.106525)"
MCP2789000L,15006131,Montgomery County Police,Injury Crash,02/06/2015 08:37:00 PM,County,WAYNE AVE,US (State),GEORGIA AVE,,N/A,PEDESTRIAN,SINGLE VEHICLE,CLEAR,N/A,DARK LIGHTS ON,OTHER,N/A,N/A,0CE570E8-FBFC-43A3-A21C-20CAD49E612E,PEDESTRIAN,Cross/Enter at Intersection,NO IMPROPER ACTIONS,AT INTERSECTION MARKED CROSSWALK,NO PED. SIGNAL,MIXED CLOTHING,,POSSIBLE INJURY,38.99484667,-77.02573167,"(38.99484667, -77.02573167)"
MCP2948000N,15066287,MONTGOMERY,Injury Crash,12/26/2015 07:01:00 PM,County,RANDOLPH RD,Other Public Roadway,GLENMONT CIR #1,,N/A,PEDESTRIAN,SINGLE VEHICLE,RAINING,WET,DARK LIGHTS ON,NO CONTROLS,NONE DETECTED,ALCOHOL PRESENT,E0B21649-0015-446B-A062-2DB8CFDDE832,PEDESTRIAN,Cross/Enter not at Intersection,IN ROADWAY IMPROPERLY,ON ROADWAY NOT AT CROSSWALK,NO PED. SIGNAL,MIXED CLOTHING,Yes,POSSIBLE INJURY,39.059115,-77.04746667,"(39.059115, -77.04746667)"
MCP2689002T,17009131,Montgomery County Police,Injury Crash,02/20/2017 07:47:00 AM,County,TWINBROOK PKWY,County,PARKLAWN DR,,N/A,PEDESTRIAN,SINGLE VEHICLE,CLEAR,DRY,DAYLIGHT,TRAFFIC SIGNAL,NONE DETECTED,NONE DETECTED,164A863C-A1FB-4CD9-A5B9-F4D54B17273A,PEDESTRIAN,Cross/Enter at Intersection,NO IMPROPER ACTIONS,AT INTERSECTION MARKED CROSSWALK,OBEYED PED. SIGNAL,REFLECTIVE MATERIAL,No,SUSPECTED MINOR INJURY,39.06148051,-77.11623296,"(39.06148051, -77.11623296)"
MCP28400013,170504579,Montgomery County Police,Injury Crash,04/27/2017 06:30:00 PM,Maryland (State),NEW HAMPSHIRE AVE,County,SHAW AVE E,,N/A,PEDESTRIAN,SAME DIR REAR END,N/A,DRY,DAYLIGHT,NO CONTROLS,"N/A, NONE DETECTED",N/A,B4D5073C-DEF5-4D4D-982A-4A1B0D41DC6C,PEDESTRIAN,Standing,NO IMPROPER ACTIONS,SHOULDER,N/A,MIXED CLOTHING,No,SUSPECTED MINOR INJURY,39.06878816,-77.00289488,"(39.06878816, -77.00289488)"
MCP26120010,15041312,Montgomery County Police,Injury Crash,08/18/2015 03:20:00 PM,,SOUTH LEISURE WORLD BLVD,,DEERHURST LA,,N/A,PEDESTRIAN,SAME DIR REAR END,CLEAR,DRY,DAYLIGHT,NO CONTROLS,NONE DETECTED,NONE DETECTED,DEAE2202-E6C2-477C-8CA4-ED2F28E8443E,PEDESTRIAN,Other Working,NO IMPROPER ACTIONS,ON ROADWAY NOT AT CROSSWALK,NO PED. SIGNAL,UNKNOWN,No,POSSIBLE INJURY,39.09637,-77.06582,"(39.09637, -77.06582)"
MCP00360034,15057435,MONTGOMERY,Injury Crash,11/10/2015 08:18:00 PM,Maryland (State),WOODFIELD RD,County,BETHESDA CHURCH RD,,N/A,PEDESTRIAN,SINGLE VEHICLE,RAINING,WET,DARK LIGHTS ON,NO CONTROLS,NONE DETECTED,NONE DETECTED,165315B7-130C-4534-B51B-1C2A0886D9FB,PEDESTRIAN,Cross/Enter not at Intersection,DART DASH,OUTSIDE RIGHT OF WAY,NO PED. SIGNAL,DARK CLOTHING,Unknown,SUSPECTED SERIOUS INJURY,39.28388833,-77.20184667,"(39.28388833, -77.20184667)"
MCP3021000F,17011682,Montgomery County Police,Injury Crash,03/05/2017 05:13:00 PM,County,SILVER SPRING AVE,US (State),GEORGIA AVE,,N/A,PEDESTRIAN,SINGLE VEHICLE,CLEAR,DRY,DAYLIGHT,NO CONTROLS,NONE DETECTED,NONE DETECTED,4D224526-10CF-46A3-886B-969487044F9E,PEDESTRIAN,Cross/Enter not at Intersection,IN ROADWAY IMPROPERLY,ON ROADWAY NOT AT CROSSWALK,NO PED. SIGNAL,DARK CLOTHING,No,SUSPECTED MINOR INJURY,38.99167708,-77.02522025,"(38.99167708, -77.02522025)"
MCP2348002Z,170529727,Montgomery County Police,Injury Crash,09/10/2017 02:46:00 PM,,,,,PARKING LOT OF 2201 RANDOLPH RD,,PEDESTRIAN,SINGLE VEHICLE,CLEAR,,DAYLIGHT,NO CONTROLS,NONE DETECTED,NONE DETECTED,80B97B78-5A47-49EE-8DBF-D46FFA064ABF,PEDESTRIAN,Other,NO IMPROPER ACTIONS,OTHER,NO PED. SIGNAL,MIXED CLOTHING,No,SUSPECTED MINOR INJURY,39.05990167,-77.04767167,"(39.05990167, -77.04767167)"
MCP29670022,170507915,Montgomery County Police,Injury Crash,05/15/2017 04:52:00 PM,County,FALLS RD,Maryland (State),RIVER RD,,N/A,PEDESTRIAN,OTHER,CLEAR,DRY,DAYLIGHT,TRAFFIC SIGNAL,N/A,N/A,90E909D4-3E0C-4CEB-B18F-CE99C62BA612,PEDESTRIAN,Cross/Enter at Intersection,NO IMPROPER ACTIONS,ON ROADWAY AT CROSSWALK,OBEYED PED. SIGNAL,MIXED CLOTHING,No,SUSPECTED MINOR INJURY,39.01734833,-77.21019167,"(39.01734833, -77.21019167)"
MCP2923000X,15041154,MONTGOMERY,Injury Crash,08/17/2015 05:22:00 PM,Municipality,CHRISTOPHER AVE,Maryland (State),FREDERICK RD,,N/A,BICYCLIST,OTHER,CLEAR,DRY,DAYLIGHT,YIELD SIGN,NONE DETECTED,NONE DETECTED,D4939AA3-5B0C-4DD2-95FD-9A54F7080ACD,BICYCLIST,Cross/Enter at Intersection,UNKNOWN,AT INTERSECTION MARKED CROSSWALK,N/A,LIGHT CLOTHING,Yes,POSSIBLE INJURY,39.15638667,-77.216545,"(39.15638667, -77.216545)"
MCP2687001T,17013092,Montgomery County Police,Injury Crash,03/13/2017 01:25:00 PM,County,ARLINGTON RD,County,ELM ST,,N/A,PEDESTRIAN,OTHER,CLEAR,DRY,DAYLIGHT,PERSON,NONE DETECTED,N/A,FD67E159-D78C-4915-9A81-CB72479A0F53,PEDESTRIAN,Cross/Enter at Intersection,NO IMPROPER ACTIONS,AT INTERSECTION MARKED CROSSWALK,OBEYED PED. SIGNAL,LIGHT CLOTHING,No,POSSIBLE INJURY,38.98206798,-77.09851563,"(38.98206798, -77.09851563)"
MCP3004001P,170518567,Montgomery County Police,Property Damage Crash,07/11/2017 09:19:00 PM,Municipality,ROSEMARY ST #2,Maryland (State),CONNECTICUT AVE,,N/A,BICYCLIST,OTHER,CLEAR,DRY,DARK LIGHTS ON,TRAFFIC SIGNAL,UNKNOWN,NONE DETECTED,D72A766C-5E81-4AB6-B02D-3AF84C7106C9,BICYCLIST,Cross/Enter at Intersection,NO IMPROPER ACTIONS,AT INTERSECTION MARKED CROSSWALK,OBEYED PED. SIGNAL,LIGHT CLOTHING,No,NO APPARENT INJURY,38.97785721,-77.07724303,"(38.97785721, -77.07724303)"
MCP30760009,170524497,Montgomery County Police,Injury Crash,08/12/2017 01:50:00 PM,,,,,"SAFEWAY PARKING LOT
116 UNIVERSITY BLVD W",,PEDESTRIAN,SINGLE VEHICLE,CLEAR,,DAYLIGHT,N/A,NONE DETECTED,N/A,86AB30DF-F4FD-4D09-BEE9-0F0C42C196E5,PEDESTRIAN,N/A,NO IMPROPER ACTIONS,OTHER,NO PED. SIGNAL,LIGHT CLOTHING,No,POSSIBLE INJURY,39.02088309,-77.01513514,"(39.02088309, -77.01513514)"
MCP2177001W,170512885,Montgomery County Police,Injury Crash,06/10/2017 12:30:00 PM,Maryland (State),DARNESTOWN RD,County,MUDDY BRANCH RD,,N/A,BICYCLIST,SAME DIRECTION RIGHT TURN,CLEAR,DRY,DAYLIGHT,TRAFFIC SIGNAL,UNKNOWN,NONE DETECTED,D611F962-0D1E-4FB0-A7D2-BCE994617E97,BICYCLIST,N/A,NO IMPROPER ACTIONS,IN BIKEWAY,N/A,MIXED CLOTHING,No,SUSPECTED MINOR INJURY,39.102735,-77.22112333,"(39.102735, -77.22112333)"
MCP9113000W,15045980,MONTGOMERY,Injury Crash,09/11/2015 03:58:00 PM,County,MORNINGWOOD DR,Maryland (State),GEORGIA AVE,,N/A,PEDESTRIAN,OTHER,CLEAR,DRY,DAYLIGHT,NO CONTROLS,NONE DETECTED,N/A,D8D6801D-5D14-4F00-8AED-C7682CAD11C6,PEDESTRIAN,Cross/Enter not at Intersection,DART DASH,ON ROADWAY NOT AT CROSSWALK,NO PED. SIGNAL,LIGHT CLOTHING,Yes,SUSPECTED MINOR INJURY,39.15043833,-77.06744833,"(39.15043833, -77.06744833)"
MCP30330019,170522976,Montgomery County Police,Injury Crash,08/04/2017 02:31:00 PM,US (State),COLUMBIA PIKE,County,INDUSTRIAL PKWY,,N/A,PEDESTRIAN,SINGLE VEHICLE,N/A,DRY,DAYLIGHT,TRAFFIC SIGNAL,NONE DETECTED,NONE DETECTED,D06D6849-ECC3-4A60-90E5-673D84B1DC3D,PEDESTRIAN,Cross/Enter at Intersection,INATTENTIVE,AT INTERSECTION MARKED CROSSWALK,OBEYED PED. SIGNAL,DARK CLOTHING,Yes,POSSIBLE INJURY,39.05624972,-76.97145805,"(39.05624972, -76.97145805)"
MCP2676001F,15042691,MONTGOMERY,Injury Crash,08/25/2015 09:03:00 PM,County,STEDWICK RD,County,MONTGOMERY VILLAGE AVE,,N/A,BICYCLIST,OTHER,CLEAR,DRY,DARK LIGHTS ON,TRAFFIC SIGNAL,N/A,N/A,A3840532-34FE-4699-87A7-A68A291ED003,BICYCLIST,Cross/Enter at Intersection,NO IMPROPER ACTIONS,ON ROADWAY AT CROSSWALK,N/A,N/A,No,SUSPECTED MINOR INJURY,39.16959167,-77.20456,"(39.16959167, -77.20456)"
MCP2892001G,16001993,Montgomery County Police,Injury Crash,01/11/2016 05:15:00 PM,,,,,BANK OF AMERICA PARKING LOT,,PEDESTRIAN,OTHER,CLEAR,,N/A,NO CONTROLS,NONE DETECTED,NONE DETECTED,3EAC3D47-6C6A-4FA8-B1EA-EA37D1D368E6,PEDESTRIAN,Walking/Cycling on Sidewalk,NO IMPROPER ACTIONS,SIDEWALK,NO PED. SIGNAL,UNKNOWN,No,POSSIBLE INJURY,39.04118524,-77.05333516,"(39.04118524, -77.05333516)"
MCP13780040,15003250,Montgomery County Police,Injury Crash,01/20/2015 06:53:00 PM,,,,,PARKING LOT OF 9235 HUMMINGBIRD TERR,,PEDESTRIAN,SINGLE VEHICLE,CLOUDY,,DARK LIGHTS ON,N/A,NONE DETECTED,NONE DETECTED,9D01B1C8-C8CC-4243-AD66-28049C4CC06E,PEDESTRIAN,Other,NO IMPROPER ACTIONS,OTHER,N/A,MIXED CLOTHING,,SUSPECTED MINOR INJURY,39.16101167,-77.190915,"(39.16101167, -77.190915)"
MCP06850018,15036248,MONTGOMERY,Injury Crash,07/23/2015 07:54:00 AM,Municipality,KING FARM BLVD,Unknown,ENT TO SHADY GROVE METRO STATION (BACK),,N/A,BICYCLIST,SINGLE VEHICLE,CLEAR,DRY,DAYLIGHT,TRAFFIC SIGNAL,NONE DETECTED,NONE DETECTED,83E40E06-354E-4256-9853-793F52DB5101,BICYCLIST,Walking/Cycling on Sidewalk,DART DASH,AT INTERSECTION MARKED CROSSWALK,OBEYED PED. SIGNAL,MIXED CLOTHING,Yes,SUSPECTED SERIOUS INJURY,39.117225,-77.16869667,"(39.117225, -77.16869667)"
MCP2914004H,170508525,Montgomery County Police,Injury Crash,05/18/2017 04:40:00 PM,,,,,APARTMENT COMPLEX PARKING LOT- INTERSECTION OF HAMPSHIRE GREEN LANE AND MT. PISGAH LANE,,PEDESTRIAN,OTHER,CLEAR,,DAYLIGHT,NO CONTROLS,N/A,N/A,CF4889F1-2623-4BA9-9642-FCB122646663,PEDESTRIAN,Cross/Enter not at Intersection,DART DASH,ON ROADWAY NOT AT CROSSWALK,NO PED. SIGNAL,MIXED CLOTHING,Yes,SUSPECTED MINOR INJURY,39.015295,-76.976085,"(39.015295, -76.976085)"
MCP29190010,15059249,MONTGOMERY,Injury Crash,11/20/2015 08:44:00 AM,Maryland (State),16TH ST,Maryland (State),EAST WEST HWY,,N/A,PEDESTRIAN,SINGLE VEHICLE,CLEAR,DRY,DAYLIGHT,PERSON,NONE DETECTED,NONE DETECTED,3CDB75AB-A77F-437A-BF69-F0C057ED9BDE,PEDESTRIAN,Cross/Enter at Intersection,NO IMPROPER ACTIONS,ON ROADWAY AT CROSSWALK,OBEYED PED. SIGNAL,N/A,No,POSSIBLE INJURY,38.99442259,-77.03610063,"(38.99442259, -77.03610063)"
MCP2940000F,16012303,MONTGOMERY,Injury Crash,03/12/2016 01:13:00 PM,Maryland (State),OLD GEORGETOWN RD,County,TUCKERMAN LA,,N/A,PEDESTRIAN,SAME DIR REAR END,CLEAR,DRY,DAYLIGHT,TRAFFIC SIGNAL,NONE DETECTED,NONE DETECTED,E87FC4DC-2AF6-4FA8-9316-1444ACC6B107,PEDESTRIAN,Cross/Enter at Intersection,NO IMPROPER ACTIONS,ON ROADWAY AT CROSSWALK,OBEYED PED. SIGNAL,MIXED CLOTHING,No,POSSIBLE INJURY,39.03463935,-77.12504804,"(39.03463935, -77.12504804)"
MCP2549005X,170513369,Montgomery County Police,Injury Crash,06/13/2017 09:48:00 AM,County,ELM ST,County,WOODMONT AVE,,N/A,PEDESTRIAN,OTHER,CLEAR,DRY,DAYLIGHT,TRAFFIC SIGNAL,NONE DETECTED,NONE DETECTED,57D0026D-EA8C-4A7C-B086-42A6B8DC0813,PEDESTRIAN,Cross/Enter at Intersection,NO IMPROPER ACTIONS,ON ROADWAY AT CROSSWALK,OBEYED PED. SIGNAL,MIXED CLOTHING,No,SUSPECTED MINOR INJURY,38.98218833,-77.09575833,"(38.98218833, -77.09575833)"
MCP2492000J,15066635,MONTGOMERY,Fatal Crash,12/28/2015 07:28:00 PM,Maryland (State),VEIRS MILL RD,County,TURKEY BRANCH PKWY,,N/A,BICYCLIST,OTHER,RAINING,WET,DARK LIGHTS ON,WARNING SIGN,NONE DETECTED,UNKNOWN,3FF25FAE-8BD6-4A28-9777-7A88AE8666C6,BICYCLIST,Cross/Enter at Intersection,UNKNOWN,ON ROADWAY AT CROSSWALK,NO PED. SIGNAL,DARK CLOTHING,Unknown,FATAL INJURY,39.06005167,-77.089165,"(39.06005167, -77.089165)"
MCP2840000K,15051498,MONTGOMERY,Injury Crash,10/10/2015 08:20:00 PM,County,CHERRY HILL RD,County,BROADBIRCH DR,,N/A,PEDESTRIAN,OTHER,CLEAR,DRY,DARK LIGHTS ON,TRAFFIC SIGNAL,N/A,NONE DETECTED,86DB8D97-3CE3-4F76-919E-A57B9B0E077A,PEDESTRIAN,Cross/Enter at Intersection,FAILURE TO OBEY TRAFFIC SIGNS SIGNALS OR OFFICER,ON ROADWAY AT CROSSWALK,DISOBEYED PED. SIGNAL,DARK CLOTHING,Yes,POSSIBLE INJURY,39.053135,-76.9627,"(39.053135, -76.9627)"
DD55950030,16046695,Rockville Police Departme,Injury Crash,09/12/2016 09:50:00 AM,Municipality,N WASHINGTON ST,Municipality,MARTINS LA,,ROCKVILLE,PEDESTRIAN,OTHER,CLEAR,DRY,DAYLIGHT,TRAFFIC SIGNAL,NONE DETECTED,NONE DETECTED,82816821-06D3-4721-890C-C675653FCA66,PEDESTRIAN,Cross/Enter at Intersection,NO IMPROPER ACTIONS,ON ROADWAY AT CROSSWALK,OBEYED PED. SIGNAL,N/A,No,POSSIBLE INJURY,39.09095567,-77.153701,"(39.09095567, -77.153701)"
MCP25630007,15047402,MONTGOMERY,Injury Crash,09/18/2015 02:47:00 PM,Maryland (State),UNIVERSITY BLVD E,County,LANGLEY DR,,N/A,PEDESTRIAN,SINGLE VEHICLE,CLEAR,DRY,DAYLIGHT,NO CONTROLS,NONE DETECTED,UNKNOWN,EF04ADEA-69A3-4B2E-934D-67AD32738F1A,PEDESTRIAN,Cross/Enter not at Intersection,UNKNOWN,ON ROADWAY NOT AT CROSSWALK,NO PED. SIGNAL,MIXED CLOTHING,Unknown,SUSPECTED SERIOUS INJURY,39.00139743,-76.99550807,"(39.00139743, -76.99550807)"