Report Number,Local Case Number,Agency Name,ACRS Report Type,Crash Date/Time,Route Type,Road Name,Cross-Street Type,Cross-Street Name,Off-Road Description,Municipality,Related Non-Motorist,Collision Type,Weather,Surface Condition,Light,Traffic Control,Driver Substance Abuse,Non-Motorist Substance Abuse,Person ID,Pedestrian Type,Pedestrian Movement,Pedestrian Actions,Pedestrian Location,Pedestrian Obeyed Traffic Signal,Pedestrian Visibility,At Fault,Injury Severity,Latitude,Longitude,Location
MCP2635002K,15062211,MONTGOMERY,Injury Crash,12/05/2015 08:11:00 PM,County,OLD BALTIMORE RD,County,COVERED WAGON WAY,,N/A,PEDESTRIAN,SINGLE VEHICLE,CLEAR,DRY,DARK LIGHTS ON,NO CONTROLS,N/A,ALCOHOL CONTRIBUTED,E394E13E-4743-45CC-B7C2-257386EDF7E2,PEDESTRIAN,Walking/Riding w/Traffic,UNKNOWN,ON ROADWAY NOT AT CROSSWALK,N/A,DARK CLOTHING,Yes,SUSPECTED MINOR INJURY,39.13942667,-77.06134167,"(39.13942667, -77.06134167)"
MCP1393001B,170526301,Montgomery County Police,Injury Crash,08/22/2017 09:15:00 PM,County,NEWCUT RD,Other Public Roadway,ARORA HILLS DR,,N/A,PEDESTRIAN,SINGLE VEHICLE,CLEAR,DRY,DARK LIGHTS ON,OTHER,UNKNOWN,NONE DETECTED,12AF5987-8895-46EB-99E5-E46F52ACD236,PEDESTRIAN,Standing,NO IMPROPER ACTIONS,ON ROADWAY NOT AT CROSSWALK,N/A,MIXED CLOTHING,No,SUSPECTED MINOR INJURY,39.23057167,-77.24775333,"(39.23057167, -77.24775333)"
MCP1227000L,16062682,Montgomery County Police,Fatal Crash,12/06/2016 05:41:00 PM,Municipality,CHAPMAN AVE,Municipality,BOUIC AVE,,ROCKVILLE,PEDESTRIAN,SINGLE VEHICLE,RAINING,WET,DARK LIGHTS ON,N/A,NONE DETECTED,NONE DETECTED,ADBD8F30-FD12-4F37-9B78-3C61D1E2B690,PEDESTRIAN,Cross/Enter at Intersection,UNKNOWN,ON ROADWAY AT CROSSWALK,NO PED. SIGNAL,DARK CLOTHING,Unknown,FATAL INJURY,39.06111552,-77.12100327,"(39.06111552, -77.12100327)"
MCP93110013,170514222,Montgomery County Police,Injury Crash,06/17/2017 12:20:00 PM,Maryland (State),BRADLEY BLVD,County,DURBIN RD,,N/A,BICYCLIST,SAME DIRECTION SIDESWIPE,CLEAR,DRY,DAYLIGHT,NO CONTROLS,NONE DETECTED,NONE DETECTED,5582CD7C-D9A5-4866-A341-0DA5FAD19D9D,BICYCLIST,Walking/Riding w/Traffic,NO IMPROPER ACTIONS,SHOULDER,N/A,DARK CLOTHING,No,SUSPECTED MINOR INJURY,38.98351808,-77.11447477,"(38.98351808, -77.11447477)"
MCP2986000Z,16040906,Montgomery County Police,Injury Crash,08/12/2016 12:20:00 PM,County,CAMERON ST,County,FENTON ST,,N/A,PEDESTRIAN,SINGLE VEHICLE,CLEAR,DRY,DAYLIGHT,TRAFFIC SIGNAL,NONE DETECTED,NONE DETECTED,12313B9D-C120-4EEE-83AC-AFBDEF3E170A,PEDESTRIAN,Cross/Enter at Intersection,UNKNOWN,AT INTERSECTION MARKED CROSSWALK,UNKNOWN,DARK CLOTHING,Unknown,SUSPECTED MINOR INJURY,38.99834667,-77.02863167,"(38.99834667, -77.02863167)"
MCP2847000L,15001793,Montgomery County Police,Injury Crash,01/12/2015 10:05:00 AM,County,RANDOLPH RD,County,BUSHEY DR,,N/A,BICYCLIST,SINGLE VEHICLE,RAINING,WET,DAYLIGHT,STOP SIGN,NONE DETECTED,NONE DETECTED,54C47C1D-A838-443E-BC00-73D134CDACEE,BICYCLIST,Cross/Enter at Intersection,NO IMPROPER ACTIONS,ON ROADWAY AT CROSSWALK,NO PED. SIGNAL,MIXED CLOTHING,,POSSIBLE INJURY,39.05767333,-77.07777167,"(39.05767333, -77.07777167)"
MCP1205001J,15056511,MONTGOMERY,Injury Crash,11/06/2015 08:58:00 AM,Maryland (State),CONNECTICUT AVE,County,CHEVY CHASE LAKE DR,,N/A,BICYCLIST,STRAIGHT MOVEMENT ANGLE,CLOUDY,WET,DAYLIGHT,TRAFFIC SIGNAL,NONE DETECTED,NONE DETECTED,2EBCE682-6916-4AC1-88D2-F16BD42BCF18,BICYCLIST,Cross/Enter at Intersection,N/A,AT INTERSECTION MARKED CROSSWALK,OBEYED PED. SIGNAL,DARK CLOTHING,No,POSSIBLE INJURY,38.99387225,-77.07717061,"(38.99387225, -77.07717061)"
MCP2942001L,16026975,Montgomery County Police,Injury Crash,05/30/2016 06:15:00 PM,,,,,PARKING LOT IN FRONT OF 4978 SENTINEL DRIVE,,PEDESTRIAN,OTHER,CLEAR,,DAYLIGHT,NO CONTROLS,UNKNOWN,NONE DETECTED,6FEDB32A-6306-4C91-B71A-92A984153177,PEDESTRIAN,Getting off/on Vehicle,NO IMPROPER ACTIONS,ON ROADWAY NOT AT CROSSWALK,N/A,LIGHT CLOTHING,No,SUSPECTED MINOR INJURY,38.95066,-77.11489,"(38.95066, -77.11489)"
MCP30180019,170524271,Montgomery County Police,Injury Crash,08/09/2017 09:00:00 AM,,,,,"PARKING LOT OF PANERA BREAD LOCATED AT 8541 GEORGIA AVENUE, SILVER SPRING, MD 20901",,PEDESTRIAN,OTHER,CLEAR,,DAYLIGHT,NO CONTROLS,UNKNOWN,UNKNOWN,3820D825-3AEA-47D9-A0F1-CA1C07DC8A56,PEDESTRIAN,Other,NO IMPROPER ACTIONS,OTHER,N/A,LIGHT CLOTHING,No,SUSPECTED MINOR INJURY,38.9960736,-77.02783942,"(38.9960736, -77.02783942)"
MCP2867002L,16039800,Montgomery County Police,Injury Crash,08/06/2016 08:17:00 AM,US (State),COLESVILLE RD,Maryland (State),UNIVERSITY BLVD E,,N/A,BICYCLIST,OTHER,CLEAR,DRY,DAYLIGHT,N/A,NONE DETECTED,NONE DETECTED,0088FE1A-AD33-4D5F-973F-60D132A9E711,BICYCLIST,Walking/Cycling on Sidewalk,N/A,SIDEWALK,N/A,MIXED CLOTHING,Yes,SUSPECTED MINOR INJURY,39.02016624,-77.0127064,"(39.02016624, -77.0127064)"
MCP2952001X,16024236,Montgomery County Police,Injury Crash,05/16/2016 07:36:00 AM,Maryland (State),16TH ST,Maryland (State),EAST WEST HWY,,N/A,BICYCLIST,HEAD ON LEFT TURN,CLEAR,DRY,DAYLIGHT,TRAFFIC SIGNAL,NONE DETECTED,NONE DETECTED,9A1BC954-DCA3-4202-A7D6-830D9F402958,BICYCLIST,Other,NO IMPROPER ACTIONS,SIDEWALK,OBEYED PED. SIGNAL,DARK CLOTHING,No,SUSPECTED MINOR INJURY,38.99429,-77.03634833,"(38.99429, -77.03634833)"
DD56210017,170517971,Rockville Police Departme,Injury Crash,07/08/2017 12:16:00 PM,Municipality,PARK RD,Municipality,GRANDIN AVE,,ROCKVILLE,PEDESTRIAN,SAME DIR REAR END,CLEAR,DRY,DAYLIGHT,PERSON,NONE DETECTED,NONE DETECTED,60DD1533-6812-4933-8D4C-D85E0F016498,PEDESTRIAN,Cross/Enter at Intersection,NO IMPROPER ACTIONS,ON ROADWAY AT CROSSWALK,OBEYED PED. SIGNAL,LIGHT CLOTHING,No,NO APPARENT INJURY,39.0865345,-77.14449583,"(39.0865345, -77.14449583)"
MCP1438002S,16033074,Montgomery County Police,Injury Crash,06/30/2016 10:49:00 AM,County,EPSILON DR,County,EPSILON PL,,N/A,PEDESTRIAN,SAME DIR REAR END,CLEAR,DRY,DAYLIGHT,NO CONTROLS,NONE DETECTED,NONE DETECTED,AC0672E8-9703-45E4-ABE0-720582A93649,PEDESTRIAN,Standing,NO IMPROPER ACTIONS,OTHER,N/A,LIGHT CLOTHING,No,SUSPECTED SERIOUS INJURY,39.13841333,-77.16330667,"(39.13841333, -77.16330667)"
MCP2987001H,17000541,Montgomery County Police,Injury Crash,01/04/2017 07:00:00 AM,Maryland (State),PINEY BRANCH RD,Other Public Roadway,CARROLL AVE,,N/A,PEDESTRIAN,OTHER,CLEAR,DRY,OTHER,OTHER,UNKNOWN,NONE DETECTED,1752C0D3-37E6-45EA-BA80-0D28FF93DEE6,PEDESTRIAN,Cross/Enter at Intersection,NO IMPROPER ACTIONS,ON ROADWAY AT CROSSWALK,NO PED. SIGNAL,MIXED CLOTHING,No,SUSPECTED MINOR INJURY,39.00118899,-76.98752046,"(39.00118899, -76.98752046)"
MCP2960000S,15062441,Montgomery County Police,Injury Crash,12/07/2015 09:59:00 AM,,TWIN BRANCHES DRIVE,,BASSET LANE,,N/A,PEDESTRIAN,OTHER,CLEAR,DRY,DAYLIGHT,NO CONTROLS,NONE DETECTED,NONE DETECTED,01E53812-006A-4B2E-8323-59C1AC0D6055,PEDESTRIAN,Cross/Enter at Intersection,UNKNOWN,ON ROADWAY NOT AT CROSSWALK,NO PED. SIGNAL,DARK CLOTHING,Yes,POSSIBLE INJURY,39.10870333,-77.07305833,"(39.10870333, -77.07305833)"
MCP27080012,16016278,Montgomery County Police,Injury Crash,04/03/2016 03:58:00 PM,Maryland (State),PINEY BRANCH RD,Unknown,ENT TO APTS,,N/A,BICYCLIST,STRAIGHT MOVEMENT ANGLE,CLEAR,DRY,DAYLIGHT,NO CONTROLS,NONE DETECTED,NONE DETECTED,1FA2E4C8-2AB7-4D6E-8C76-C13BC2CC7EF3,BICYCLIST,Walking/Riding against Traffic,WRONG WAY RIDING OR WALKING,ON ROADWAY NOT AT CROSSWALK,N/A,MIXED CLOTHING,Yes,POSSIBLE INJURY,38.99974863,-76.99305989,"(38.99974863, -76.99305989)"
MCP2212002F,170522534,Montgomery County Police,Injury Crash,08/02/2017 02:36:00 PM,County,PLUM ORCHARD DR,County,BROADBIRCH DR,,N/A,PEDESTRIAN,OTHER,CLEAR,DRY,DAYLIGHT,STOP SIGN,NONE DETECTED,NONE DETECTED,A035EDE6-ADB7-48DB-B7B4-9E8EB30792D5,PEDESTRIAN,Cross/Enter at Intersection,NO IMPROPER ACTIONS,MIDBLOCK MARKED CROSSWALK,NO PED. SIGNAL,LIGHT CLOTHING,No,SUSPECTED MINOR INJURY,39.05551761,-76.95732951,"(39.05551761, -76.95732951)"
MCP28790012,16047439,Montgomery County Police,Injury Crash,09/15/2016 08:35:00 PM,County,REDLAND RD,County,CRABBS BRANCH WAY,,N/A,PEDESTRIAN,N/A,CLEAR,DRY,DARK LIGHTS ON,N/A,NONE DETECTED,ALCOHOL CONTRIBUTED,FE764741-4EFE-46A3-9863-63CA585B883F,PEDESTRIAN,Cross/Enter not at Intersection,DART DASH,ON ROADWAY NOT AT CROSSWALK,NO PED. SIGNAL,MIXED CLOTHING,Yes,SUSPECTED MINOR INJURY,39.12066333,-77.15898667,"(39.12066333, -77.15898667)"
MCP2868001F,15040623,MONTGOMERY,Injury Crash,08/14/2015 06:03:00 PM,,,,,Parking lot of shopping center at 10315 Westlake Dr,,OTHER,STRAIGHT MOVEMENT ANGLE,CLEAR,,DAYLIGHT,NO CONTROLS,NONE DETECTED,NONE DETECTED,C91669DA-CC4F-4A23-ACFA-37026394E35B,OTHER,Cross/Enter at Intersection,INATTENTIVE,AT INTERSECTION BUT NO CROSSWALK,NO PED. SIGNAL,MIXED CLOTHING,Yes,POSSIBLE INJURY,39.02554667,-77.14820167,"(39.02554667, -77.14820167)"
MCP2617001D,15061577,Montgomery County Police,Injury Crash,12/02/2015 05:34:00 PM,County,OLD GEORGETOWN RD,Maryland (State),ROCKVILLE PIKE,,N/A,PEDESTRIAN,OTHER,RAINING,WET,DARK LIGHTS ON,NO CONTROLS,NONE DETECTED,NONE DETECTED,0378A0C3-C3A4-41A2-BFC9-287D1B6597CB,PEDESTRIAN,Cross/Enter not at Intersection,NO IMPROPER ACTIONS,AT INTERSECTION BUT NO CROSSWALK,UNKNOWN,DARK CLOTHING,No,SUSPECTED SERIOUS INJURY,39.04984,-77.11290333,"(39.04984, -77.11290333)"
DD56100021,16053609,Rockville Police Departme,Injury Crash,10/18/2016 04:32:00 PM,County,TWINBROOK PKWY,Municipality,PIER DR,,ROCKVILLE,PEDESTRIAN,SINGLE VEHICLE,CLEAR,DRY,DAYLIGHT,OTHER,N/A,N/A,C623C299-C215-4D61-9C0C-3C64801DEE44,PEDESTRIAN,Cross/Enter at Intersection,DART DASH,ON ROADWAY AT CROSSWALK,OBEYED PED. SIGNAL,N/A,No,POSSIBLE INJURY,39.06910467,-77.114034,"(39.06910467, -77.114034)"
MCP29820013,16043929,Montgomery County Police,Injury Crash,08/29/2016 08:02:00 AM,Maryland (State),COLESVILLE RD,Maryland (State),16TH ST,,N/A,PEDESTRIAN,OTHER,CLEAR,DRY,DAYLIGHT,NO CONTROLS,NONE DETECTED,NONE DETECTED,626D1FE4-0578-4333-B39F-30DC51A9B6F6,PEDESTRIAN,Cross/Enter at Intersection,NO IMPROPER ACTIONS,ON ROADWAY AT CROSSWALK,NO PED. SIGNAL,DARK CLOTHING,No,POSSIBLE INJURY,38.99267667,-77.03617833,"(38.99267667, -77.03617833)"
DD5614001H,16053728,Rockville Police Departme,Injury Crash,10/19/2016 07:12:00 AM,Municipality,PICCARD DR,Municipality,GAITHER RD,,ROCKVILLE,BICYCLIST,STRAIGHT MOVEMENT ANGLE,CLEAR,DRY,DAWN,TRAFFIC SIGNAL,NONE DETECTED,NONE DETECTED,F3CFE3CC-DF18-464D-BA04-4A80CBA42653,BICYCLIST,Walking/Riding against Traffic,FAILURE TO OBEY TRAFFIC SIGNS SIGNALS OR OFFICER,ON ROADWAY AT CROSSWALK,DISOBEYED PED. SIGNAL,MIXED CLOTHING,Yes,SUSPECTED MINOR INJURY,39.08375333,-77.15305,"(39.08375333, -77.15305)"
MCP2962001C,170514059,Montgomery County Police,Injury Crash,06/16/2017 02:21:00 PM,County,OBSERVATION DR,County,RIDGE RD,,N/A,OTHER,OTHER,CLEAR,DRY,DAYLIGHT,PERSON,UNKNOWN,N/A,85E92FA0-FFE6-4902-A9F4-DE2A6AD1B875,OTHER,Other Working,N/A,OTHER,N/A,REFLECTIVE MATERIAL,No,NO APPARENT INJURY,39.20205068,-77.25325495,"(39.20205068, -77.25325495)"
EJ7863000J,16051956,Gaithersburg Police Depar,Injury Crash,10/09/2016 05:51:00 PM,Maryland (State),GREAT SENECA HWY,Maryland (State),QUINCE ORCHARD RD,,N/A,BICYCLIST,OTHER,CLEAR,DRY,N/A,TRAFFIC SIGNAL,NONE DETECTED,NONE DETECTED,3354E04E-FEF9-4D97-A44F-718538A79466,BICYCLIST,Cross/Enter at Intersection,NO IMPROPER ACTIONS,ON ROADWAY AT CROSSWALK,DISOBEYED PED. SIGNAL,LIGHT CLOTHING,Yes,SUSPECTED SERIOUS INJURY,39.12861167,-77.23781167,"(39.12861167, -77.23781167)"
MCP28850023,170525609,Montgomery County Police,Injury Crash,08/18/2017 09:53:00 PM,Maryland (State),GEORGIA AVE,Maryland (State),NORBECK RD,,N/A,PEDESTRIAN,OTHER,CLEAR,DRY,DARK LIGHTS ON,NO CONTROLS,NONE DETECTED,UNKNOWN,4088F118-AD6F-48C3-9FC7-19CDF49A70F1,PEDESTRIAN,Other,IN ROADWAY IMPROPERLY,ON ROADWAY NOT AT CROSSWALK,NO PED. SIGNAL,DARK CLOTHING,Yes,SUSPECTED SERIOUS INJURY,39.11042259,-77.07601458,"(39.11042259, -77.07601458)"
HA23680008,16000440,Maryland-National Capital,Injury Crash,04/16/2016 11:00:00 AM,Government,LITTLE FALLS PKWY,Government,HILLANDALE RD,,N/A,BICYCLIST,STRAIGHT MOVEMENT ANGLE,CLEAR,DRY,DAYLIGHT,OTHER,NONE DETECTED,NONE DETECTED,371634CF-EE91-44E7-9241-8DE7758A79A3,BICYCLIST,Other,NO IMPROPER ACTIONS,ON ROADWAY AT CROSSWALK,N/A,MIXED CLOTHING,No,POSSIBLE INJURY,38.9733897,-77.10132122,"(38.9733897, -77.10132122)"
MCP2689003J,170523840,Montgomery County Police,Injury Crash,08/09/2017 10:24:00 AM,Maryland (State),VEIRS MILL RD,Municipality,ATLANTIC AVE,,ROCKVILLE,PEDESTRIAN,SINGLE VEHICLE,CLEAR,DRY,DAYLIGHT,TRAFFIC SIGNAL,NONE DETECTED,NONE DETECTED,743D2934-9D2A-4737-9E39-9AEEA010B114,PEDESTRIAN,Cross/Enter at Intersection,NO IMPROPER ACTIONS,ON ROADWAY AT CROSSWALK,OBEYED PED. SIGNAL,LIGHT CLOTHING,No,SUSPECTED MINOR INJURY,39.07487539,-77.11544976,"(39.07487539, -77.11544976)"
MCP2508000C,16014050,MONTGOMERY,Injury Crash,03/22/2016 02:30:00 PM,,,,,PARKING LOT OF 19840 CENTURY BLVD.,,PEDESTRIAN,OTHER,CLEAR,,DAYLIGHT,NO CONTROLS,NONE DETECTED,NONE DETECTED,52C05DB0-1E0C-4A41-A1D5-A97CF93A89E5,PEDESTRIAN,Cross/Enter not at Intersection,NO IMPROPER ACTIONS,ON ROADWAY NOT AT CROSSWALK,N/A,MIXED CLOTHING,No,POSSIBLE INJURY,39.18159167,-77.26644667,"(39.18159167, -77.26644667)"
MCP2690000N,15000473,Montgomery County Police,Injury Crash,01/03/2015 08:31:00 PM,,,,,Parking Lot 13 at 11219 Grandview Ave,,PEDESTRIAN,SINGLE VEHICLE,RAINING,,DARK LIGHTS ON,NO CONTROLS,ALCOHOL CONTRIBUTED,NONE DETECTED,4D6B0D8F-90B1-4BF0-9D2E-3A831F578D44,PEDESTRIAN,Standing,NO IMPROPER ACTIONS,OTHER,N/A,DARK CLOTHING,,SUSPECTED MINOR INJURY,39.03882591,-77.05136508,"(39.03882591, -77.05136508)"
MCP27890030,16062658,Montgomery County Police,Property Damage Crash,12/06/2016 05:50:00 PM,US (State),GEORGIA AVE,County,BONIFANT ST,,N/A,BICYCLIST,OTHER,RAINING,WET,DARK LIGHTS ON,TRAFFIC SIGNAL,N/A,N/A,F7466F51-A52B-42AB-93B7-F6F35814A1B9,BICYCLIST,Cross/Enter at Intersection,NO IMPROPER ACTIONS,AT INTERSECTION MARKED CROSSWALK,OBEYED PED. SIGNAL,DARK CLOTHING,No,NO APPARENT INJURY,38.990735,-77.02665,"(38.990735, -77.02665)"
MCP2348000N,15005502,Montgomery County Police,Injury Crash,02/03/2015 04:07:00 PM,Maryland (State),VEIRS MILL RD,Maryland (State),GEORGIA AVE,,N/A,PEDESTRIAN,SINGLE VEHICLE,CLEAR,DRY,DAYLIGHT,NO CONTROLS,NONE DETECTED,NONE DETECTED,8C474BDD-35CE-44D7-B704-8DB9EEE6C610,PEDESTRIAN,Cross/Enter not at Intersection,DART DASH,ON ROADWAY NOT AT CROSSWALK,NO PED. SIGNAL,MIXED CLOTHING,,POSSIBLE INJURY,39.0375,-77.05092667,"(39.0375, -77.05092667)"
MCP2864002P,170502137,Montgomery County Police,Injury Crash,04/14/2017 03:32:00 PM,Municipality,CHAPMAN AVE,Municipality,BOUIC AVE,,ROCKVILLE,PEDESTRIAN,OTHER,CLEAR,DRY,DAYLIGHT,STOP SIGN,NONE DETECTED,NONE DETECTED,1E45FE19-F143-405D-808A-D2914300AA31,PEDESTRIAN,Cross/Enter at Intersection,NO IMPROPER ACTIONS,AT INTERSECTION MARKED CROSSWALK,NO PED. SIGNAL,MIXED CLOTHING,No,POSSIBLE INJURY,39.061135,-77.12101833,"(39.061135, -77.12101833)"
MCP2934001B,16003635,Montgomery County Police,Injury Crash,01/20/2016 02:41:00 PM,,,,,"PARKING LOT IN FRONT OF THE GLEN ECHO PHARMACY LOCATED AT 7309 MACARTHUR BLVD. BETHESDA, MD 20816",,PEDESTRIAN,OTHER,CLOUDY,,DAYLIGHT,NO CONTROLS,NONE DETECTED,NONE DETECTED,F985BF29-BA16-4694-A84E-B12F78FC962C,PEDESTRIAN,Standing,N/A,OTHER,NO PED. SIGNAL,DARK CLOTHING,No,POSSIBLE INJURY,38.9693442,-77.13890433,"(38.9693442, -77.13890433)"
MCP2848001Z,15052854,MONTGOMERY,Injury Crash,10/18/2015 09:55:00 AM,Maryland (State),MASSACHUSETTS AVE,County,NEWPORT AVE,,N/A,BICYCLIST,STRAIGHT MOVEMENT ANGLE,CLEAR,DRY,DAYLIGHT,NO CONTROLS,NONE DETECTED,NONE DETECTED,E52B4B2A-3483-4890-9159-BB9FFC738242,BICYCLIST,Cross/Enter at Intersection,NO IMPROPER ACTIONS,ON ROADWAY NOT AT CROSSWALK,N/A,REAR REFLECTOR,No,SUSPECTED MINOR INJURY,38.9599,-77.10786167,"(38.9599, -77.10786167)"
MCP2717001X,15036606,MONTGOMERY,Injury Crash,07/24/2015 06:28:00 PM,,,,,Rear Parking Lot of 8600 16th Street (Suburban Towers apartment building),,BICYCLIST,OTHER,CLEAR,,DAYLIGHT,NO CONTROLS,NONE DETECTED,NONE DETECTED,11C5BF32-AFE4-4C8C-9D43-054E3B69AEE7,BICYCLIST,Playing,INATTENTIVE,OTHER,NO PED. SIGNAL,MIXED CLOTHING,Yes,SUSPECTED MINOR INJURY,39.04637,-77.112665,"(39.04637, -77.112665)"
MCP2919001Z,16046694,Montgomery County Police,Injury Crash,09/12/2016 09:50:00 AM,Maryland (State),GEORGIA AVE,County,LINDELL ST,,N/A,PEDESTRIAN,OTHER,CLEAR,DRY,DAYLIGHT,STOP SIGN,NONE DETECTED,NONE DETECTED,9D9A48BE-08BA-4FB4-ABB5-E314B87652DF,PEDESTRIAN,Cross/Enter at Intersection,NO IMPROPER ACTIONS,AT INTERSECTION BUT NO CROSSWALK,NO PED. SIGNAL,N/A,No,POSSIBLE INJURY,38.98545667,-77.02731,"(38.98545667, -77.02731)"
DD5582000S,15061597,ROCKVILLE,Injury Crash,12/02/2015 06:43:00 PM,Other Public Roadway,MARYLAND AVE,Municipality,BEALL AVE #2,,ROCKVILLE,PEDESTRIAN,OTHER,RAINING,WET,DARK LIGHTS ON,N/A,NONE DETECTED,NONE DETECTED,D7787508-2E8F-4144-9F96-CA8F3C3F6B63,PEDESTRIAN,Cross/Enter at Intersection,NO IMPROPER ACTIONS,AT INTERSECTION MARKED CROSSWALK,NO PED. SIGNAL,MIXED CLOTHING,No,SUSPECTED MINOR INJURY,39.08703333,-77.15138333,"(39.08703333, -77.15138333)"
MCP2559001D,16052620,Montgomery County Police,Injury Crash,10/13/2016 10:05:00 AM,Municipality,FIRSTFIELD RD,Maryland (State),QUINCE ORCHARD RD,,N/A,BICYCLIST,OTHER,CLOUDY,DRY,DAYLIGHT,TRAFFIC SIGNAL,N/A,N/A,327A5FCA-5E79-4C50-8157-71413B2DBEC3,BICYCLIST,Cross/Enter at Intersection,FAILURE TO OBEY TRAFFIC SIGNS SIGNALS OR OFFICER,ON ROADWAY AT CROSSWALK,DISOBEYED PED. SIGNAL,DARK CLOTHING,Yes,SUSPECTED MINOR INJURY,39.14509536,-77.21989363,"(39.14509536, -77.21989363)"
MCP2290000M,170509799,Montgomery County Police,Injury Crash,05/25/2017 12:05:00 PM,,,,,PARKING LOT OF 12089 ROCKVILLE PIKE,,PEDESTRIAN,SINGLE VEHICLE,CLOUDY,,DAYLIGHT,NO CONTROLS,NONE DETECTED,NONE DETECTED,EE4F8BE4-3A3C-454D-8017-CCB72BAF907A,PEDESTRIAN,Other,NO IMPROPER ACTIONS,N/A,N/A,MIXED CLOTHING,No,SUSPECTED SERIOUS INJURY,39.05568424,-77.11784363,"(39.05568424, -77.11784363)"
MCP27520015,15062939,MONTGOMERY,Injury Crash,12/09/2015 06:28:00 PM,County,BROOKDALE RD,Maryland (State),RIVER RD,,N/A,BICYCLIST,STRAIGHT MOVEMENT ANGLE,CLEAR,DRY,DARK LIGHTS ON,STOP SIGN,NONE DETECTED,NONE DETECTED,6A04F885-D91A-4972-ADA2-DC8E1760D21E,BICYCLIST,Cross/Enter at Intersection,NO IMPROPER ACTIONS,SIDEWALK,NO PED. SIGNAL,MIXED CLOTHING,No,SUSPECTED MINOR INJURY,38.96303167,-77.09431667,"(38.96303167, -77.09431667)"
MCP2740003L,170526849,Montgomery County Police,Property Damage Crash,08/25/2017 05:20:00 PM,,,,,PARKING LOT OF 10753 COLUMBIA PIKE,,BICYCLIST,STRAIGHT MOVEMENT ANGLE,CLEAR,,DAYLIGHT,NO CONTROLS,NONE DETECTED,NONE DETECTED,1575BA22-9088-4CD7-A12B-0F344659BD12,BICYCLIST,Other,NO IMPROPER ACTIONS,SIDEWALK,N/A,LIGHT CLOTHING,No,NO APPARENT INJURY,39.03207667,-77.00383333,"(39.03207667, -77.00383333)"
MCP2997000H,16033735,Montgomery County Police,Injury Crash,07/03/2016 10:40:00 PM,County,BEL PRE RD,County,GRAND PRE RD,,N/A,PEDESTRIAN,OTHER,CLEAR,DRY,DARK LIGHTS ON,STOP SIGN,NONE DETECTED,NONE DETECTED,D337CBFA-E5F8-493B-9869-54EFC9B267DC,PEDESTRIAN,Cross/Enter at Intersection,NO IMPROPER ACTIONS,AT INTERSECTION BUT NO CROSSWALK,NO PED. SIGNAL,MIXED CLOTHING,No,SUSPECTED SERIOUS INJURY,39.09353987,-77.07777679,"(39.09353987, -77.07777679)"
MCP2717001V,15036144,MONTGOMERY,Injury Crash,07/22/2015 04:02:00 PM,County,ROCKLEDGE DR,County,WESTLAKE TERR,,N/A,PEDESTRIAN,OTHER,CLEAR,DRY,DAYLIGHT,NO CONTROLS,NONE DETECTED,NONE DETECTED,C76BC3F4-410F-4194-92D6-C06CF7262D78,PEDESTRIAN,Cross/Enter at Intersection,INATTENTIVE,AT INTERSECTION BUT NO CROSSWALK,NO PED. SIGNAL,MIXED CLOTHING,Yes,SUSPECTED MINOR INJURY,39.029205,-77.136655,"(39.029205, -77.136655)"
MCP27450018,15058225,MONTGOMERY,Injury Crash,11/14/2015 09:50:00 PM,County,FLOWER HILL WAY,Maryland (State),WOODFIELD RD,,N/A,PEDESTRIAN,OTHER,N/A,DRY,DARK LIGHTS ON,NO CONTROLS,UNKNOWN,N/A,B928E4E0-F6F9-4E53-A6B2-31F6E55F2F28,PEDESTRIAN,Cross/Enter not at Intersection,UNKNOWN,SIDEWALK,N/A,DARK CLOTHING,No,SUSPECTED SERIOUS INJURY,39.15570833,-77.16471833,"(39.15570833, -77.16471833)"
MCP2850000V,15038430,MONTGOMERY,Injury Crash,08/03/2015 11:24:00 AM,County,SCOTT DR,County,FINSBURY RD,,N/A,OTHER,OTHER,CLEAR,DRY,DAYLIGHT,NO CONTROLS,N/A,N/A,C30F8F47-885F-46A9-A73A-9FC5F0FFEAC6,OTHER,Standing,N/A,OTHER,N/A,REFLECTIVE MATERIAL,No,SUSPECTED MINOR INJURY,39.075425,-77.02203833,"(39.075425, -77.02203833)"
MCP2832002M,17015784,Montgomery County Police,Injury Crash,03/28/2017 01:38:00 PM,Maryland (State),EAST WEST HWY,County,GRUBB RD,,N/A,PEDESTRIAN,SINGLE VEHICLE,CLOUDY,DRY,DAYLIGHT,TRAFFIC SIGNAL,NONE DETECTED,N/A,DAA88CAB-D3DE-43DE-B361-7871B70327A7,PEDESTRIAN,Cross/Enter at Intersection,NO IMPROPER ACTIONS,ON ROADWAY AT CROSSWALK,OBEYED PED. SIGNAL,MIXED CLOTHING,No,POSSIBLE INJURY,38.99381333,-77.05224833,"(38.99381333, -77.05224833)"