Report Number,Local Case Number,Agency Name,ACRS Report Type,Crash Date/Time,Route Type,Road Name,Cross-Street Type,Cross-Street Name,Off-Road Description,Municipality,Related Non-Motorist,Collision Type,Weather,Surface Condition,Light,Traffic Control,Driver Substance Abuse,Non-Motorist Substance Abuse,Person ID,Pedestrian Type,Pedestrian Movement,Pedestrian Actions,Pedestrian Location,Pedestrian Obeyed Traffic Signal,Pedestrian Visibility,At Fault,Injury Severity,Latitude,Longitude,Location
MCP1227000K,16054657,Montgomery County Police,Fatal Crash,10/24/2016 06:54:00 AM,Maryland (State),GEORGIA AVE,County,REGINA DR,,N/A,PEDESTRIAN,SINGLE VEHICLE,CLOUDY,DRY,DARK -- UNKNOWN LIGHTING,NO CONTROLS,NONE DETECTED,NONE DETECTED,0D9AA61B-7405-4034-B274-E5206B3C58A7,PEDESTRIAN,Cross/Enter not at Intersection,UNKNOWN,ON ROADWAY NOT AT CROSSWALK,NO PED. SIGNAL,DARK CLOTHING,Unknown,FATAL INJURY,39.07359011,-77.06593752,"(39.07359011, -77.06593752)"
MCP2656001Y,170517828,Montgomery County Police,Injury Crash,07/07/2017 01:00:00 PM,County,BRIGGS CHANEY RD,Unknown,ENT TO BRIGGS CHANEY OUTLETS,,N/A,BICYCLIST,STRAIGHT MOVEMENT ANGLE,N/A,DRY,DAYLIGHT,UNKNOWN,UNKNOWN,N/A,06ADDC19-CDD5-4437-9803-D2928712FE5D,BICYCLIST,Cross/Enter at Intersection,FAILURE TO YIELD RIGHT OF WAY,ON ROADWAY AT CROSSWALK,UNKNOWN,LIGHT CLOTHING,Unknown,POSSIBLE INJURY,39.08292167,-76.94823833,"(39.08292167, -76.94823833)"
MCP25880023,16063188,Montgomery County Police,Injury Crash,12/09/2016 11:51:00 AM,,,,,PARKING LOT OF ASPEN HILL SHOPPING CENTER  (13729 CONNECTICUT AVE),,PEDESTRIAN,OTHER,CLEAR,,DAYLIGHT,N/A,NONE DETECTED,NONE DETECTED,8BDABFAE-4574-40F3-8BCF-1F3ADDE94ACD,PEDESTRIAN,Other,NO IMPROPER ACTIONS,ON ROADWAY AT CROSSWALK,NO PED. SIGNAL,N/A,No,SUSPECTED SERIOUS INJURY,39.05842667,-77.04802833,"(39.05842667, -77.04802833)"
MCP2894002Y,16049129,Montgomery County Police,Injury Crash,09/24/2016 09:00:00 AM,County,MACARTHUR BLVD,County,SANGAMORE RD,,N/A,BICYCLIST,STRAIGHT MOVEMENT ANGLE,CLEAR,DRY,DAYLIGHT,TRAFFIC SIGNAL,NONE DETECTED,NONE DETECTED,28D2BFD8-E938-4009-B516-8B9967DC0E25,BICYCLIST,Cross/Enter at Intersection,NO IMPROPER ACTIONS,AT INTERSECTION MARKED CROSSWALK,OBEYED PED. SIGNAL,REFLECTIVE MATERIAL,No,SUSPECTED SERIOUS INJURY,38.944455,-77.11707667,"(38.944455, -77.11707667)"
MCP22540009,15047275,MONTGOMERY,Injury Crash,09/18/2015 07:52:00 AM,County,LITTLE SENECA PKWY,Unknown,CROSSOVER,,N/A,BICYCLIST,STRAIGHT MOVEMENT ANGLE,N/A,DRY,DAYLIGHT,NO CONTROLS,NONE DETECTED,NONE DETECTED,CA4F5F4F-3DDA-41E9-9DD8-C0ABEDAB1244,BICYCLIST,Walking/Riding w/Traffic,NO IMPROPER ACTIONS,OTHER,N/A,LIGHT CLOTHING,No,SUSPECTED MINOR INJURY,39.23001,-77.252645,"(39.23001, -77.252645)"
MCP1064005H,17011626,Montgomery County Police,Property Damage Crash,03/05/2017 10:46:00 AM,,,,,"SIDE WALK
8600 BLOCK COLESVILLE RD
SILVER SPRING, MD 20910",,BICYCLIST,OTHER,CLEAR,,DAYLIGHT,STOP SIGN,N/A,N/A,39BDEA4F-FE2F-4FF7-B5B8-107DEF8E47C1,BICYCLIST,Walking/Cycling on Sidewalk,N/A,SIDEWALK,N/A,DARK CLOTHING,No,NO APPARENT INJURY,38.99643167,-77.02789667,"(38.99643167, -77.02789667)"
MCP2608001Q,16060615,Montgomery County Police,Injury Crash,11/25/2016 06:39:00 PM,US (State),GEORGIA AVE,County,KING ST,,N/A,PEDESTRIAN,STRAIGHT MOVEMENT ANGLE,CLEAR,DRY,DARK LIGHTS ON,NO CONTROLS,NONE DETECTED,NONE DETECTED,42B0165A-75A6-4C51-BD24-105086CC16F1,PEDESTRIAN,Cross/Enter not at Intersection,NO IMPROPER ACTIONS,ON ROADWAY NOT AT CROSSWALK,NO PED. SIGNAL,MIXED CLOTHING,Yes,POSSIBLE INJURY,38.98569167,-77.02673833,"(38.98569167, -77.02673833)"
MCP91300018,15034205,MONTGOMERY,Injury Crash,07/12/2015 01:29:00 PM,County,ALLEY,County,DOMER AVE,,N/A,PEDESTRIAN,STRAIGHT MOVEMENT ANGLE,CLEAR,DRY,DAYLIGHT,NO CONTROLS,NONE DETECTED,NONE DETECTED,76FAA8A9-8A7E-4FA2-8CC6-85418F8DCF46,PEDESTRIAN,Standing,NO IMPROPER ACTIONS,CURB,N/A,MIXED CLOTHING,No,SUSPECTED SERIOUS INJURY,38.99673667,-77.00256333,"(38.99673667, -77.00256333)"
MCP2832002M,17015784,Montgomery County Police,Injury Crash,03/28/2017 01:38:00 PM,Maryland (State),EAST WEST HWY,County,GRUBB RD,,N/A,PEDESTRIAN,SINGLE VEHICLE,CLOUDY,DRY,DAYLIGHT,TRAFFIC SIGNAL,NONE DETECTED,NONE DETECTED,C453E4F1-F934-48E4-AF1F-8F114534F46E,PEDESTRIAN,Cross/Enter at Intersection,NO IMPROPER ACTIONS,ON ROADWAY AT CROSSWALK,OBEYED PED. SIGNAL,MIXED CLOTHING,No,SUSPECTED MINOR INJURY,38.99381333,-77.05224833,"(38.99381333, -77.05224833)"
MCP2094007P,17001888,Montgomery County Police,Injury Crash,01/11/2017 06:45:00 PM,Maryland (State),WISCONSIN AVE,County,MAPLE AVE,,N/A,PEDESTRIAN,OTHER,RAINING,WET,DARK LIGHTS ON,NO CONTROLS,NONE DETECTED,NONE DETECTED,F8AC5B93-2FB3-480A-B90E-D917B0F46048,PEDESTRIAN,Other,DART DASH,ON ROADWAY NOT AT CROSSWALK,NO PED. SIGNAL,MIXED CLOTHING,Yes,POSSIBLE INJURY,38.992025,-77.095665,"(38.992025, -77.095665)"
MCP2565004G,170516450,Montgomery County Police,Injury Crash,06/29/2017 03:37:00 PM,Maryland (State),MONTGOMERY AVE,County,PEARL ST,,N/A,PEDESTRIAN,STRAIGHT MOVEMENT ANGLE,CLEAR,DRY,DAYLIGHT,NO CONTROLS,NONE DETECTED,NONE DETECTED,15886DF1-3371-4749-A017-CCFB6259BBE7,PEDESTRIAN,Walking/Cycling on Sidewalk,NO IMPROPER ACTIONS,OTHER,NO PED. SIGNAL,LIGHT CLOTHING,No,POSSIBLE INJURY,38.98397573,-77.09136084,"(38.98397573, -77.09136084)"
MCP28450021,16041930,Montgomery County Police,Injury Crash,08/18/2016 01:10:00 PM,,,,,SIDEWALK PARALLEL TO 10008 COLESVILLE ROAD,,BICYCLIST,SINGLE VEHICLE,CLEAR,,DAYLIGHT,NO CONTROLS,NONE DETECTED,NONE DETECTED,12E9569A-45E2-424C-8F6D-F3ECC535EDD2,BICYCLIST,Walking/Cycling on Sidewalk,WRONG WAY RIDING OR WALKING,SIDEWALK,NO PED. SIGNAL,LIGHT CLOTHING,No,POSSIBLE INJURY,39.01908783,-77.01417089,"(39.01908783, -77.01417089)"
MCP2967002G,170527788,Montgomery County Police,Injury Crash,08/30/2017 03:44:00 PM,Maryland (State),OLD GEORGETOWN RD,Unknown,WILDWOOD SHOPPING CENTER,,N/A,PEDESTRIAN,SINGLE VEHICLE,CLEAR,DRY,DAYLIGHT,N/A,N/A,N/A,A9AE0E00-4367-4427-AB48-534D93818A0C,PEDESTRIAN,Standing,NO IMPROPER ACTIONS,ON ROADWAY NOT AT CROSSWALK,NO PED. SIGNAL,DARK CLOTHING,No,SUSPECTED SERIOUS INJURY,39.0239,-77.12417833,"(39.0239, -77.12417833)"
MCP12050029,16043818,Montgomery County Police,Injury Crash,08/28/2016 01:32:00 PM,County,LELAND ST,County,GLENDALE RD,,N/A,BICYCLIST,STRAIGHT MOVEMENT ANGLE,CLEAR,DRY,DAYLIGHT,STOP SIGN,NONE DETECTED,NONE DETECTED,32E7554B-A37F-4057-AB7B-20ABADBD0D23,BICYCLIST,Cross/Enter at Intersection,FAILURE TO OBEY TRAFFIC SIGNS SIGNALS OR OFFICER,AT INTERSECTION BUT NO CROSSWALK,N/A,MIXED CLOTHING,Yes,SUSPECTED MINOR INJURY,38.98666421,-77.07461447,"(38.98666421, -77.07461447)"
EJ7839001S,16057167,Gaithersburg Police Depar,Property Damage Crash,11/05/2016 10:40:00 PM,Municipality,W DEER PARK RD,Municipality,BUTTRY RD,,GAITHERSBURG,BICYCLIST,OTHER,N/A,DRY,DARK LIGHTS ON,STOP SIGN,NONE DETECTED,NONE DETECTED,257CB38D-45F6-421A-B543-7C46D56522C0,BICYCLIST,Cross/Enter at Intersection,UNKNOWN,UNKNOWN,N/A,DARK CLOTHING,Unknown,NO APPARENT INJURY,39.13404333,-77.20415333,"(39.13404333, -77.20415333)"
MCP2015000D,15004236,Montgomery County Police,Injury Crash,01/26/2015 07:02:00 PM,Maryland (State),CLOPPER RD,County,MATENY RD,,N/A,PEDESTRIAN,SINGLE VEHICLE,SNOW,SNOW,DARK LIGHTS ON,TRAFFIC SIGNAL,NONE DETECTED,NONE DETECTED,060BB66D-82BB-4107-B4C8-5CBCAD6CB033,PEDESTRIAN,Cross/Enter at Intersection,DART DASH,ON ROADWAY AT CROSSWALK,OBEYED PED. SIGNAL,DARK CLOTHING,,POSSIBLE INJURY,39.15640667,-77.26634833,"(39.15640667, -77.26634833)"
MCP2847001W,170507160,Montgomery County Police,Injury Crash,05/11/2017 02:20:00 AM,County,CONNECTICUT AVE,Unknown,ROAD END - GATE,,N/A,OTHER,SINGLE VEHICLE,CLEAR,DRY,DARK LIGHTS ON,NO CONTROLS,,N/A,683EABA1-22F7-446A-9986-9AF970829AF4,OTHER,Other,OTHER,OTHER,N/A,N/A,Yes,SUSPECTED MINOR INJURY,39.093625,-77.06889,"(39.093625, -77.06889)"
MCP1580006G,16057394,Montgomery County Police,Injury Crash,11/07/2016 11:16:00 AM,County,SNOUFFERS SCHOOL RD,Maryland (State),WOODFIELD RD,,N/A,PEDESTRIAN,SINGLE VEHICLE,CLEAR,DRY,DAYLIGHT,NO CONTROLS,NONE DETECTED,ALCOHOL PRESENT,386103CF-67FE-4ABA-BF12-9970B2AA9C60,PEDESTRIAN,Cross/Enter not at Intersection,DART DASH,ON ROADWAY NOT AT CROSSWALK,N/A,MIXED CLOTHING,Yes,SUSPECTED SERIOUS INJURY,39.16039667,-77.16304,"(39.16039667, -77.16304)"
DD56030040,170514300,Rockville Police Departme,Injury Crash,06/17/2017 05:15:00 PM,,,,,"PARKING LOT OF 1471 ROCKVILLE PIKE, ROCKVILLE, MD",,PEDESTRIAN,OTHER,CLEAR,,DAYLIGHT,STOP SIGN,UNKNOWN,NONE DETECTED,9D5EA762-73C3-4B7A-9621-A0107377AAF6,PEDESTRIAN,Other,OTHER,OTHER,NO PED. SIGNAL,LIGHT CLOTHING,No,SUSPECTED MINOR INJURY,39.06536,-77.12735167,"(39.06536, -77.12735167)"
MCP12210020,16007046,Montgomery County Police,Injury Crash,02/11/2016 07:52:00 AM,County,N SUMMIT AVE,Municipality,PARK AVE,,GAITHERSBURG,PEDESTRIAN,SINGLE VEHICLE,CLEAR,DRY,DAYLIGHT,STOP SIGN,NONE DETECTED,NONE DETECTED,362D9FC4-66E0-400D-B969-68BE861B6655,PEDESTRIAN,Cross/Enter at Intersection,NO IMPROPER ACTIONS,ON ROADWAY AT CROSSWALK,NO PED. SIGNAL,MIXED CLOTHING,No,SUSPECTED MINOR INJURY,39.14581167,-77.192245,"(39.14581167, -77.192245)"
DD5595002X,16042686,Rockville Police Departme,Injury Crash,08/22/2016 09:51:00 AM,Maryland (State),HUNGERFORD DR,Unknown,ENT TO BUSINESSES,,N/A,PEDESTRIAN,SINGLE VEHICLE,CLEAR,DRY,DARK LIGHTS ON,TRAFFIC SIGNAL,NONE DETECTED,UNKNOWN,E285F94E-2C02-440A-837B-35F0909B33D0,PEDESTRIAN,Cross/Enter at Intersection,FAILURE TO YIELD RIGHT OF WAY,AT INTERSECTION MARKED CROSSWALK,DISOBEYED PED. SIGNAL,UNKNOWN,Yes,SUSPECTED SERIOUS INJURY,39.08950867,-77.15169083,"(39.08950867, -77.15169083)"
MCP12210020,16007046,Montgomery County Police,Injury Crash,02/11/2016 07:52:00 AM,County,N SUMMIT AVE,Municipality,PARK AVE,,GAITHERSBURG,PEDESTRIAN,SINGLE VEHICLE,CLEAR,DRY,DAYLIGHT,STOP SIGN,NONE DETECTED,NONE DETECTED,5D37368C-7A52-4AB4-8D4C-C494A08BC557,PEDESTRIAN,Cross/Enter at Intersection,NO IMPROPER ACTIONS,ON ROADWAY AT CROSSWALK,NO PED. SIGNAL,MIXED CLOTHING,No,SUSPECTED MINOR INJURY,39.14581167,-77.192245,"(39.14581167, -77.192245)"
MCP2767002L,17015632,Montgomery County Police,Injury Crash,03/27/2017 04:54:00 PM,,,,,"ON SIDEWALK NEXT TO 11302 GRANDVIEW AVE., WHEATON MD",,BICYCLIST,STRAIGHT MOVEMENT ANGLE,CLEAR,,DAYLIGHT,NO CONTROLS,NONE DETECTED,NONE DETECTED,D564E588-93E3-476A-AC80-C5D831912787,BICYCLIST,Walking/Cycling on Sidewalk,NO IMPROPER ACTIONS,SIDEWALK,N/A,MIXED CLOTHING,No,POSSIBLE INJURY,39.04020402,-77.05283895,"(39.04020402, -77.05283895)"
MCP23530036,16059188,Montgomery County Police,Injury Crash,11/17/2016 10:05:00 AM,Maryland (State),ROCKVILLE PIKE,County,EDSON LA,,N/A,PEDESTRIAN,SINGLE VEHICLE,N/A,DRY,DAYLIGHT,PERSON,NONE DETECTED,NONE DETECTED,64AFB968-E313-4409-8DDF-93DFA53AF9BF,PEDESTRIAN,Cross/Enter at Intersection,NO IMPROPER ACTIONS,ON ROADWAY AT CROSSWALK,OBEYED PED. SIGNAL,LIGHT CLOTHING,No,POSSIBLE INJURY,39.04076833,-77.10961167,"(39.04076833, -77.10961167)"
MCP2818001W,16028823,Montgomery County Police,Injury Crash,06/08/2016 05:00:00 PM,Maryland (State),GEORGIA AVE,County,CAMERON ST,,N/A,PEDESTRIAN,OTHER,CLEAR,DRY,DAYLIGHT,TRAFFIC SIGNAL,NONE DETECTED,NONE DETECTED,4FE83547-1427-491C-8EE2-43C3D39EDAEE,PEDESTRIAN,Cross/Enter at Intersection,NO IMPROPER ACTIONS,AT INTERSECTION MARKED CROSSWALK,OBEYED PED. SIGNAL,MIXED CLOTHING,No,POSSIBLE INJURY,38.99769833,-77.02968333,"(38.99769833, -77.02968333)"
MCP2384000S,15007500,Montgomery County Police,Injury Crash,02/17/2015 06:14:00 PM,,,,,PARKING LOT OF 5269 RIVER ROAD,,PEDESTRIAN,OTHER,SNOW,,DARK LIGHTS ON,NO CONTROLS,NONE DETECTED,NONE DETECTED,B555A1EE-8F1B-4331-B233-853A93A1A60C,PEDESTRIAN,Other,NO IMPROPER ACTIONS,OTHER,N/A,MIXED CLOTHING,,SUSPECTED MINOR INJURY,38.96602167,-77.10498833,"(38.96602167, -77.10498833)"
MCP11480018,16020683,Montgomery County Police,Injury Crash,04/27/2016 08:30:00 AM,County,WOODMONT AVE,County,HAMPDEN LA,,N/A,PEDESTRIAN,SINGLE VEHICLE,RAINING,WET,DAYLIGHT,TRAFFIC SIGNAL,UNKNOWN,NONE DETECTED,98882C8F-A94B-40FC-A2E0-76CD6E692D43,PEDESTRIAN,Other Working,N/A,ON ROADWAY NOT AT CROSSWALK,N/A,MIXED CLOTHING,No,SUSPECTED MINOR INJURY,38.982795,-77.09604667,"(38.982795, -77.09604667)"
MCP2246001G,17000858,Montgomery County Police,Injury Crash,01/05/2017 07:20:00 PM,County,WAYNE AVE,County,DALE DR,,N/A,PEDESTRIAN,OTHER,CLEAR,DRY,DARK LIGHTS ON,TRAFFIC SIGNAL,NONE DETECTED,NONE DETECTED,ED4FFEB4-4702-4B3D-93CE-19CCA9B7AE9B,PEDESTRIAN,Cross/Enter at Intersection,IN ROADWAY IMPROPERLY,AT INTERSECTION MARKED CROSSWALK,DISOBEYED PED. SIGNAL,DARK CLOTHING,Yes,SUSPECTED MINOR INJURY,38.99938,-77.01772333,"(38.99938, -77.01772333)"
MCP1575003Z,16023555,Montgomery County Police,Injury Crash,05/12/2016 10:09:00 AM,,,,,PK LOT 14939 SHADY GROVE RD.,,PEDESTRIAN,SINGLE VEHICLE,CLOUDY,,DAYLIGHT,NO CONTROLS,NONE DETECTED,NONE DETECTED,40C9AEBC-4C73-4FA5-BBE5-0F89A0760720,PEDESTRIAN,Other,NO IMPROPER ACTIONS,OTHER,NO PED. SIGNAL,DARK CLOTHING,No,POSSIBLE INJURY,39.09776167,-77.19276,"(39.09776167, -77.19276)"
MCP25590019,16042271,Montgomery County Police,Injury Crash,07/24/2016 07:00:00 PM,Maryland (State),QUINCE ORCHARD RD,Maryland (State),GREAT SENECA HWY,,N/A,BICYCLIST,STRAIGHT MOVEMENT ANGLE,CLEAR,DRY,DARK LIGHTS ON,TRAFFIC SIGNAL,UNKNOWN,N/A,60A3565A-F5A1-4B1F-A274-C14BCFABB6BF,BICYCLIST,Walking/Cycling on Sidewalk,NO IMPROPER ACTIONS,AT INTERSECTION MARKED CROSSWALK,OBEYED PED. SIGNAL,OTHER,No,SUSPECTED MINOR INJURY,39.1287099,-77.23744467,"(39.1287099, -77.23744467)"
MCP1366003F,15042547,MONTGOMERY,Injury Crash,08/25/2015 07:57:00 AM,County,REDLAND RD,Other Public Roadway,SOMERVILLE DR,,N/A,PEDESTRIAN,HEAD ON LEFT TURN,CLEAR,DRY,DAYLIGHT,TRAFFIC SIGNAL,NONE DETECTED,NONE DETECTED,C9ABB82C-FC9C-4E34-9116-CDB6E7240414,PEDESTRIAN,Cross/Enter at Intersection,NO IMPROPER ACTIONS,AT INTERSECTION MARKED CROSSWALK,OBEYED PED. SIGNAL,LIGHT CLOTHING,No,SUSPECTED SERIOUS INJURY,39.08043167,-77.07862833,"(39.08043167, -77.07862833)"
MCP20480019,170515411,Montgomery County Police,Injury Crash,06/23/2017 06:27:00 PM,Maryland (State),SANDY SPRING RD,Ramp,RAMP 4 FR US 29 NB TO MD 198 EB,,N/A,PEDESTRIAN,OTHER,CLEAR,DRY,DAYLIGHT,NO CONTROLS,UNKNOWN,NONE DETECTED,887F88DD-FA4D-4D2F-B2AF-408DC929E0B3,PEDESTRIAN,Walking/Cycling on Sidewalk,NO IMPROPER ACTIONS,SIDEWALK,NO PED. SIGNAL,DARK CLOTHING,No,SUSPECTED MINOR INJURY,39.111815,-76.929065,"(39.111815, -76.929065)"
MCP2951001W,16055567,Montgomery County Police,Injury Crash,10/28/2016 05:04:00 PM,,,,,PARKING LOT OF GIANT FOODS,,PEDESTRIAN,N/A,CLEAR,,DAYLIGHT,NO CONTROLS,NONE DETECTED,NONE DETECTED,D945F8C0-C5D4-4B3E-A765-FD71A80F03FE,PEDESTRIAN,Cross/Enter at Intersection,N/A,ON ROADWAY AT CROSSWALK,NO PED. SIGNAL,MIXED CLOTHING,No,POSSIBLE INJURY,39.10181938,-77.07583889,"(39.10181938, -77.07583889)"
MCP2594000H,15002555,Montgomery County Police,Injury Crash,01/16/2015 11:59:00 AM,County,PRINCE PHILIP DR,Maryland (State),OLNEY SANDY SPRING RD,,N/A,PEDESTRIAN,STRAIGHT MOVEMENT ANGLE,CLEAR,DRY,DAYLIGHT,STOP SIGN,NONE DETECTED,NONE DETECTED,377C523C-DE00-4D27-AB30-62F9CC5E49F7,PEDESTRIAN,Cross/Enter at Intersection,NO IMPROPER ACTIONS,ON ROADWAY AT CROSSWALK,NO PED. SIGNAL,LIGHT CLOTHING,,SUSPECTED MINOR INJURY,39.153095,-77.05558833,"(39.153095, -77.05558833)"
MCP2893002Y,170504362,Montgomery County Police,Injury Crash,04/26/2017 04:56:00 PM,County,SCENERY DR,Unknown,ENT TO PLUM GAR COMMUNITY CENTER,,N/A,BICYCLIST,SINGLE VEHICLE,CLEAR,DRY,DAYLIGHT,NO CONTROLS,NONE DETECTED,NONE DETECTED,2E978FC3-F34B-4129-951A-8BBBA590BBED,BICYCLIST,Playing,FAILURE TO YIELD RIGHT OF WAY,ON ROADWAY NOT AT CROSSWALK,N/A,DARK CLOTHING,Yes,SUSPECTED MINOR INJURY,39.17705667,-77.23413,"(39.17705667, -77.23413)"
MCP2749000V,15035268,MONTGOMERY,Injury Crash,07/17/2015 09:19:00 PM,Maryland (State),GEORGIA AVE,County,SHOREFIELD RD,,N/A,PEDESTRIAN,SINGLE VEHICLE,CLEAR,DRY,DARK LIGHTS ON,TRAFFIC SIGNAL,NONE DETECTED,ALCOHOL PRESENT,9FC65B7A-7BCA-45DF-BD06-E85FEDC996A6,PEDESTRIAN,Cross/Enter at Intersection,FAILURE TO YIELD RIGHT OF WAY,AT INTERSECTION MARKED CROSSWALK,DISOBEYED PED. SIGNAL,MIXED CLOTHING,Yes,POSSIBLE INJURY,39.053,-77.05,"(39.053, -77.05)"
MCP2492000S,17011443,Montgomery County Police,Fatal Crash,03/04/2017 02:27:00 AM,US (State),COLESVILLE RD,County,FENTON ST,,N/A,PEDESTRIAN,OTHER,CLEAR,DRY,DARK LIGHTS ON,FLASHING TRAFFIC SIGNAL,UNKNOWN,UNKNOWN,AD9DA68A-22D8-4DF7-A599-43E66AD9D28F,PEDESTRIAN,Cross/Enter at Intersection,UNKNOWN,ON ROADWAY AT CROSSWALK,NO PED. SIGNAL,DARK CLOTHING,Unknown,FATAL INJURY,38.99764432,-77.02704012,"(38.99764432, -77.02704012)"
MCP2671000V,15048904,MONTGOMERY,Injury Crash,09/26/2015 05:40:00 PM,,,,,8619-A 16TH STREET 7-11 PARKING LOT,,PEDESTRIAN,SINGLE VEHICLE,CLEAR,,DAYLIGHT,NO CONTROLS,NONE DETECTED,NONE DETECTED,4C051813-6061-4ED2-88FB-D93EE371FAE7,PEDESTRIAN,Other,NO IMPROPER ACTIONS,OTHER,NO PED. SIGNAL,MIXED CLOTHING,No,SUSPECTED MINOR INJURY,38.99818942,-77.03803718,"(38.99818942, -77.03803718)"
MCP29710024,16062654,Montgomery County Police,Injury Crash,12/06/2016 05:47:00 PM,US (State),COLUMBIA PIKE,County,MUSGROVE RD,,N/A,PEDESTRIAN,OTHER,RAINING,WET,DARK LIGHTS ON,TRAFFIC SIGNAL,NONE DETECTED,NONE DETECTED,4B6B985C-CDFC-40CB-943B-49AC394085BE,PEDESTRIAN,Cross/Enter at Intersection,NO IMPROPER ACTIONS,ON ROADWAY AT CROSSWALK,OBEYED PED. SIGNAL,DARK CLOTHING,No,POSSIBLE INJURY,39.06778598,-76.95953496,"(39.06778598, -76.95953496)"
MCP2182000D,15061921,MONTGOMERY,Injury Crash,12/03/2015 07:30:00 AM,,,,,"Rear parking lot of Sherwood High School
300 Olney Sandy Spring Rd. Olney, MD 20860",,PEDESTRIAN,SINGLE VEHICLE,CLEAR,,DAYLIGHT,N/A,NONE DETECTED,NONE DETECTED,0F5F17EB-81A4-476A-9B08-845FB9C85A73,PEDESTRIAN,Playing,OTHER,CURB,NO PED. SIGNAL,LIGHT CLOTHING,No,SUSPECTED MINOR INJURY,39.04169,-77.05867833,"(39.04169, -77.05867833)"
MCP2789002Z,16061280,Montgomery County Police,Injury Crash,11/29/2016 05:16:00 PM,County,LINDEN LA,County,SECOND AVE,,N/A,PEDESTRIAN,SINGLE VEHICLE,RAINING,WET,DARK LIGHTS ON,TRAFFIC SIGNAL,N/A,N/A,D0D3EADF-11E3-4B7D-B279-5EAB73B17069,PEDESTRIAN,Cross/Enter at Intersection,FAILURE TO OBEY TRAFFIC SIGNS SIGNALS OR OFFICER,ON ROADWAY AT CROSSWALK,DISOBEYED PED. SIGNAL,MIXED CLOTHING,Yes,POSSIBLE INJURY,38.99923,-77.02607167,"(38.99923, -77.02607167)"
EJ78530025,17010105,Gaithersburg Police Depar,Injury Crash,02/24/2017 09:24:00 PM,,GIRARD ST.,,GLORIA WAY,,N/A,BICYCLIST,STRAIGHT MOVEMENT ANGLE,CLEAR,DRY,DARK LIGHTS ON,STOP SIGN,NONE DETECTED,NONE DETECTED,376C0364-B1D5-4316-93C4-3B0B66F4FD9B,BICYCLIST,Walking/Riding w/Traffic,NO IMPROPER ACTIONS,OTHER,N/A,DARK CLOTHING,No,SUSPECTED MINOR INJURY,39.14461483,-77.18357921,"(39.14461483, -77.18357921)"
MCP13780084,15051294,MONTGOMERY,Injury Crash,10/09/2015 05:47:00 PM,Maryland (State),FREDERICK RD,Municipality,CHRISTOPHER AVE,,GAITHERSBURG,BICYCLIST,SINGLE VEHICLE,CLOUDY,DRY,DAYLIGHT,NO CONTROLS,NONE DETECTED,NONE DETECTED,1252C8A6-4CD9-4A27-9A7B-E8927B23BDEC,BICYCLIST,Walking/Cycling on Sidewalk,WRONG WAY RIDING OR WALKING,ON ROADWAY NOT AT CROSSWALK,NO PED. SIGNAL,MIXED CLOTHING,Yes,SUSPECTED MINOR INJURY,39.15746722,-77.21754134,"(39.15746722, -77.21754134)"
MCP2353002Z,16050932,Montgomery County Police,Injury Crash,10/04/2016 11:40:00 AM,Maryland (State),RIVER RD,Unknown,CAPITOL CRESCENT TRAIL BRIDGE,,N/A,PEDESTRIAN,SINGLE VEHICLE,CLEAR,DRY,DAYLIGHT,OTHER,NONE DETECTED,NONE DETECTED,00DC94D2-5F27-499D-85DD-D39EC5E150DB,PEDESTRIAN,Cross/Enter not at Intersection,NO IMPROPER ACTIONS,ON ROADWAY AT CROSSWALK,NO PED. SIGNAL,LIGHT CLOTHING,No,SUSPECTED SERIOUS INJURY,38.96444833,-77.10323833,"(38.96444833, -77.10323833)"
MCP27990016,15051296,Montgomery County Police,Property Damage Crash,10/22/2015 05:57:00 PM,County,SPARTAN RD,Unknown,TOWN CENTER DR,,N/A,BICYCLIST,STRAIGHT MOVEMENT ANGLE,RAINING,WET,DAYLIGHT,NO CONTROLS,N/A,NONE DETECTED,7B6DFF19-CF75-4CB9-A9D6-C9D7F81E44C3,BICYCLIST,Cross/Enter at Intersection,FAILURE TO YIELD RIGHT OF WAY,SIDEWALK,NO PED. SIGNAL,MIXED CLOTHING,Yes,NO APPARENT INJURY,39.15255243,-77.06085205,"(39.15255243, -77.06085205)"
MCP21160070,170527771,Montgomery County Police,Injury Crash,08/30/2017 02:11:00 PM,County,SOUTHLAWN LA,County,E GUDE DR,,N/A,PEDESTRIAN,OPPOSITE DIRECTION SIDESWIPE,CLEAR,DRY,DAYLIGHT,PERSON,NONE DETECTED,NONE DETECTED,72FD1ED6-0D3E-421F-BF25-2BF1D1517A36,PEDESTRIAN,Unknown,NO IMPROPER ACTIONS,UNKNOWN,N/A,REFLECTIVE MATERIAL,Yes,POSSIBLE INJURY,39.09872,-77.13647333,"(39.09872, -77.13647333)"
DD5611000B,15034736,ROCKVILLE,Injury Crash,07/15/2015 03:40:00 PM,Maryland (State),ROCKVILLE PIKE,Unknown,CONGRESSIONAL LA,,N/A,PEDESTRIAN,SINGLE VEHICLE,CLEAR,DRY,DAYLIGHT,NO CONTROLS,N/A,NONE DETECTED,B01A66B1-FEBC-4BDE-B999-7178D6C1091A,PEDESTRIAN,Other,INATTENTIVE,ON ROADWAY NOT AT CROSSWALK,N/A,LIGHT CLOTHING,No,SUSPECTED MINOR INJURY,39.06934167,-77.161965,"(39.06934167, -77.161965)"