Report Number,Local Case Number,Agency Name,ACRS Report Type,Crash Date/Time,Route Type,Road Name,Cross-Street Type,Cross-Street Name,Off-Road Description,Municipality,Related Non-Motorist,Collision Type,Weather,Surface Condition,Light,Traffic Control,Driver Substance Abuse,Non-Motorist Substance Abuse,Person ID,Pedestrian Type,Pedestrian Movement,Pedestrian Actions,Pedestrian Location,Pedestrian Obeyed Traffic Signal,Pedestrian Visibility,At Fault,Injury Severity,Latitude,Longitude,Location
MCP2665001T,16056935,Montgomery County Police,Injury Crash,11/04/2016 05:59:00 PM,County,EDSON LA,County,WOODGLEN DR,,N/A,BICYCLIST,STRAIGHT MOVEMENT ANGLE,CLEAR,DRY,DUSK,STOP SIGN,N/A,N/A,71F7982F-B373-4BCD-913B-C4BC24ED42D2,BICYCLIST,Cross/Enter at Intersection,NO IMPROPER ACTIONS,ON ROADWAY AT CROSSWALK,UNKNOWN,LIGHT CLOTHING,No,SUSPECTED MINOR INJURY,39.04021333,-77.11300833,"(39.04021333, -77.11300833)"
MCP0619000K,15051175,MONTGOMERY,Injury Crash,10/09/2015 07:39:00 AM,County,GLEN MILL RD,County,DARNESTOWN RD,,N/A,BICYCLIST,STRAIGHT MOVEMENT ANGLE,N/A,WET,DAYLIGHT,TRAFFIC SIGNAL,,N/A,11F7F021-C91A-4017-A52B-CD40488B9E89,BICYCLIST,Cross/Enter at Intersection,FAILURE TO OBEY TRAFFIC SIGNS SIGNALS OR OFFICER,ON ROADWAY AT CROSSWALK,DISOBEYED PED. SIGNAL,MIXED CLOTHING,Yes,POSSIBLE INJURY,39.09213667,-77.19454167,"(39.09213667, -77.19454167)"
MCP2722002F,170504449,Montgomery County Police,Injury Crash,04/27/2017 05:47:00 AM,County,ASPEN HILL RD,County,PARKLAND DR,,N/A,PEDESTRIAN,STRAIGHT MOVEMENT ANGLE,FOGGY,DRY,DARK LIGHTS ON,TRAFFIC SIGNAL,N/A,N/A,39BB0265-5932-4DCB-B7A8-A2628564940A,PEDESTRIAN,Cross/Enter at Intersection,NO IMPROPER ACTIONS,ON ROADWAY AT CROSSWALK,OBEYED PED. SIGNAL,DARK CLOTHING,No,SUSPECTED MINOR INJURY,39.079225,-77.0874,"(39.079225, -77.0874)"
MCP23530034,16056632,Montgomery County Police,Injury Crash,11/03/2016 08:01:00 AM,County,WYNDALE RD,Government,BEACH DR,,N/A,BICYCLIST,SINGLE VEHICLE,CLEAR,DRY,DAYLIGHT,N/A,NONE DETECTED,NONE DETECTED,DCE62DCA-2A71-47FF-826D-70D7A9B1CB92,BICYCLIST,Walking/Riding w/Traffic,NO IMPROPER ACTIONS,ON ROADWAY NOT AT CROSSWALK,NO PED. SIGNAL,LIGHT CLOTHING,No,SUSPECTED MINOR INJURY,38.985795,-77.05721333,"(38.985795, -77.05721333)"
MCP2727000Q,15043407,MONTGOMERY,Injury Crash,08/29/2015 12:09:00 PM,,,,,"PARKINGLOT OF 20910 FREDERICK ROAD GERMANTOWN, MD 20876",,PEDESTRIAN,OTHER,CLEAR,,DAYLIGHT,NO CONTROLS,NONE DETECTED,NONE DETECTED,B0C34B5B-0995-4764-805E-76EB33C09F05,PEDESTRIAN,Other,NO IMPROPER ACTIONS,OTHER,N/A,MIXED CLOTHING,No,POSSIBLE INJURY,39.20296833,-77.25091167,"(39.20296833, -77.25091167)"
MCP27360040,16057852,Montgomery County Police,Injury Crash,11/09/2016 05:49:00 PM,Maryland (State),KNOWLES AVE,County,HOWARD AVE,,N/A,PEDESTRIAN,STRAIGHT MOVEMENT ANGLE,RAINING,WET,DARK LIGHTS ON,NO CONTROLS,NONE DETECTED,NONE DETECTED,302471BD-6988-4EB2-96D4-F9EF8B0216EF,PEDESTRIAN,Cross/Enter at Intersection,IN ROADWAY IMPROPERLY,ON ROADWAY NOT AT CROSSWALK,NO PED. SIGNAL,DARK CLOTHING,Yes,SUSPECTED MINOR INJURY,39.03023667,-77.08485167,"(39.03023667, -77.08485167)"
MCP2789001R,15056617,MONTGOMERY,Injury Crash,11/06/2015 06:00:00 PM,Maryland (State),GEORGIA AVE,Maryland (State),16TH ST,,N/A,PEDESTRIAN,SINGLE VEHICLE,N/A,DRY,DARK LIGHTS ON,TRAFFIC SIGNAL,UNKNOWN,N/A,9EC04718-153F-4465-826C-930469470117,PEDESTRIAN,Cross/Enter at Intersection,NO IMPROPER ACTIONS,ON ROADWAY AT CROSSWALK,UNKNOWN,DARK CLOTHING,Unknown,SUSPECTED MINOR INJURY,39.00546667,-77.02337667,"(39.00546667, -77.02337667)"
MCP2683001L,16012877,Montgomery County Police,Injury Crash,03/15/2016 11:11:00 PM,County,WATKINS MILL RD,County,STEDWICK RD,,N/A,PEDESTRIAN,OTHER,N/A,DRY,DARK LIGHTS ON,TRAFFIC SIGNAL,NONE DETECTED,NONE DETECTED,4E921724-2BEC-4B8E-8171-70C680701174,PEDESTRIAN,Cross/Enter at Intersection,FAILURE TO OBEY TRAFFIC SIGNS SIGNALS OR OFFICER,ON ROADWAY AT CROSSWALK,DISOBEYED PED. SIGNAL,DARK CLOTHING,Yes,SUSPECTED SERIOUS INJURY,39.17056667,-77.20898333,"(39.17056667, -77.20898333)"
MCP2837001F,170504783,Montgomery County Police,Injury Crash,04/28/2017 05:57:00 PM,County,TRAVILLE  GATEWAY DR,County,SHADY GROVE RD,,N/A,BICYCLIST,ANGLE MEETS RIGHT TURN,N/A,DRY,DAYLIGHT,TRAFFIC SIGNAL,NONE DETECTED,N/A,ED73E468-2AAD-4384-A998-47B03B9EEACB,BICYCLIST,Cross/Enter at Intersection,NO IMPROPER ACTIONS,AT INTERSECTION MARKED CROSSWALK,N/A,N/A,No,POSSIBLE INJURY,39.09124667,-77.204485,"(39.09124667, -77.204485)"
MCP2765003D,16064031,Montgomery County Police,Injury Crash,12/13/2016 06:25:00 PM,County,TUCKERMAN LA,County,SEVEN LOCKS RD,,N/A,PEDESTRIAN,SINGLE VEHICLE,CLEAR,DRY,DARK LIGHTS ON,TRAFFIC SIGNAL,UNKNOWN,NONE DETECTED,E5E20597-47E9-4849-B55B-590E485A49C6,PEDESTRIAN,Cross/Enter at Intersection,NO IMPROPER ACTIONS,ON ROADWAY AT CROSSWALK,OBEYED PED. SIGNAL,MIXED CLOTHING,No,POSSIBLE INJURY,39.04066963,-77.15906382,"(39.04066963, -77.15906382)"
MCP2134000L,16010777,MONTGOMERY,Fatal Crash,03/04/2016 07:55:00 AM,County,E RANDOLPH RD,County,WITHAN DR,,N/A,PEDESTRIAN,OTHER,N/A,WET,DAYLIGHT,NO CONTROLS,NONE DETECTED,UNKNOWN,4B7B9650-F435-4269-B4B9-090FFE01F17B,PEDESTRIAN,Cross/Enter at Intersection,UNKNOWN,AT INTERSECTION MARKED CROSSWALK,NO PED. SIGNAL,LIGHT CLOTHING,Unknown,FATAL INJURY,39.06569359,-76.9736588,"(39.06569359, -76.9736588)"
MCP13790042,15051918,MONTGOMERY,Injury Crash,10/13/2015 11:34:00 AM,,,,,"Parking lot of 12021 Georgia Ave Silver Spring, MD 20906",,PEDESTRIAN,OTHER,CLEAR,,DAYLIGHT,NO CONTROLS,NONE DETECTED,NONE DETECTED,45BFEA63-C173-44B2-9F8C-C124D2CEDA2F,PEDESTRIAN,Other,NO IMPROPER ACTIONS,OTHER,NO PED. SIGNAL,MIXED CLOTHING,No,POSSIBLE INJURY,39.05274667,-77.049875,"(39.05274667, -77.049875)"
MCP3045000J,170515506,Montgomery County Police,Injury Crash,06/24/2017 06:46:00 AM,Maryland (State),BRADLEY BLVD,County,EWING DR,,N/A,BICYCLIST,HEAD ON LEFT TURN,CLEAR,WET,DAYLIGHT,NO CONTROLS,NONE DETECTED,NONE DETECTED,232C0DF9-EDC2-46B4-B6AD-09746ADBB467,BICYCLIST,Cross/Enter at Intersection,N/A,SHARED USE PATH OR TRAILS,N/A,LIGHT CLOTHING,No,SUSPECTED SERIOUS INJURY,38.99439758,-77.12325096,"(38.99439758, -77.12325096)"
DD5598001Q,170524134,Rockville Police Departme,Injury Crash,08/10/2017 04:54:00 PM,Municipality,E MIDDLE LA,Unknown,ENT TO BUSINESS,,N/A,PEDESTRIAN,STRAIGHT MOVEMENT ANGLE,CLEAR,DRY,DAYLIGHT,OTHER,N/A,N/A,F5023A47-4723-4AF6-A706-C3429F21C598,PEDESTRIAN,Cross/Enter at Intersection,DART DASH,ON ROADWAY AT CROSSWALK,N/A,LIGHT CLOTHING,No,SUSPECTED SERIOUS INJURY,39.08517633,-77.15055417,"(39.08517633, -77.15055417)"
MCP15940003,16022502,Montgomery County Police,Injury Crash,05/06/2016 06:01:00 PM,County,DIXON AVE,County,WAYNE AVE,,N/A,PEDESTRIAN,HEAD ON LEFT TURN,RAINING,WET,DAYLIGHT,NO CONTROLS,NONE DETECTED,NONE DETECTED,2A2C7E3B-F86C-41E5-A41A-723B56687A1E,PEDESTRIAN,Cross/Enter not at Intersection,IN ROADWAY IMPROPERLY,OUTSIDE RIGHT OF WAY,NO PED. SIGNAL,MIXED CLOTHING,Yes,SUSPECTED MINOR INJURY,38.99375551,-77.0279789,"(38.99375551, -77.0279789)"
MCP2948001W,170529421,Montgomery County Police,Injury Crash,09/08/2017 03:43:00 PM,Maryland (State),GEORGIA AVE,County,RANDOLPH RD,,N/A,PEDESTRIAN,OTHER,CLEAR,DRY,DAYLIGHT,NO CONTROLS,N/A,NONE DETECTED,5238E767-9998-4C83-A196-2F90960BA832,PEDESTRIAN,Other,IN ROADWAY IMPROPERLY,ON ROADWAY NOT AT CROSSWALK,NO PED. SIGNAL,LIGHT CLOTHING,Yes,SUSPECTED SERIOUS INJURY,39.05910103,-77.05020905,"(39.05910103, -77.05020905)"
MCP12050032,170515959,Montgomery County Police,Injury Crash,06/27/2017 08:44:00 AM,,,,,PRIVATE DRIVEWAY OF 5610 WISCONSIN AVE.,,PEDESTRIAN,OTHER,CLEAR,,DAYLIGHT,NO CONTROLS,NONE DETECTED,NONE DETECTED,644136D2-9240-4F12-9EDA-656C6CD94569,PEDESTRIAN,Standing,OTHER,OTHER,N/A,LIGHT CLOTHING,Yes,SUSPECTED MINOR INJURY,38.96529012,-77.09059238,"(38.96529012, -77.09059238)"
MCP2796002F,15058687,MONTGOMERY,Injury Crash,11/17/2015 01:47:00 PM,,,,,"Parking lot of KMart store located at 14014 Connecticut Avenue, Silver Spring",,PEDESTRIAN,SINGLE VEHICLE,CLEAR,,DAYLIGHT,N/A,N/A,NONE DETECTED,D9E844C2-E353-41E5-827A-FD615D20BA7F,PEDESTRIAN,Other,NO IMPROPER ACTIONS,OTHER,N/A,MIXED CLOTHING,No,SUSPECTED MINOR INJURY,39.08544,-77.07649167,"(39.08544, -77.07649167)"
MCP30040013,16062484,Montgomery County Police,Injury Crash,12/05/2016 05:27:00 PM,Maryland (State),MASSACHUSETTS AVE,County,WESTBARD AVE,,N/A,PEDESTRIAN,OTHER,CLEAR,DRY,DARK LIGHTS ON,TRAFFIC SIGNAL,NONE DETECTED,N/A,3EDD368A-107D-4B8D-856A-16F4D3617EDD,PEDESTRIAN,Cross/Enter at Intersection,NO IMPROPER ACTIONS,AT INTERSECTION MARKED CROSSWALK,OBEYED PED. SIGNAL,UNKNOWN,No,SUSPECTED MINOR INJURY,38.95827523,-77.1097447,"(38.95827523, -77.1097447)"
MCP3007000N,16014539,Montgomery County Police,Injury Crash,03/24/2016 06:17:00 PM,County,ASPEN HILL RD,Maryland (State),VEIRS MILL RD,,N/A,PEDESTRIAN,SINGLE VEHICLE,CLEAR,N/A,DAYLIGHT,TRAFFIC SIGNAL,NONE DETECTED,NONE DETECTED,58B8AA1E-E34F-49FA-ADC5-097C8F1337E5,PEDESTRIAN,Cross/Enter at Intersection,NO IMPROPER ACTIONS,N/A,OBEYED PED. SIGNAL,LIGHT CLOTHING,No,POSSIBLE INJURY,39.06919632,-77.1048148,"(39.06919632, -77.1048148)"
EJ78390025,170516483,Gaithersburg Police Depar,Injury Crash,06/29/2017 06:15:00 PM,County,GAME PRESERVE RD,County,ARROWSMITH CT,,N/A,BICYCLIST,OTHER,CLEAR,DRY,DAYLIGHT,NO CONTROLS,NONE DETECTED,NONE DETECTED,85CEF4F4-67A2-46AA-A43A-ACEC40102C88,BICYCLIST,Cross/Enter at Intersection,IN ROADWAY IMPROPERLY,OUTSIDE RIGHT OF WAY,NO PED. SIGNAL,DARK CLOTHING,Yes,SUSPECTED MINOR INJURY,39.16404333,-77.22304167,"(39.16404333, -77.22304167)"
MCP2984000C,16002920,Montgomery County Police,Injury Crash,01/15/2016 09:15:00 PM,,,,,"PARKING LOT IN FRONT OF 10106 LITTLE POND PLACE, GAITHERSBURG, MD, 20886",,PEDESTRIAN,OTHER,RAINING,,DARK LIGHTS ON,N/A,UNKNOWN,NONE DETECTED,FACB24ED-2EB1-419A-A0FB-6C5DF6FD4A33,PEDESTRIAN,Getting off/on Vehicle,ENTERING EXITING PARKED STANDING VEHICLE,OTHER,NO PED. SIGNAL,LIGHT CLOTHING,No,SUSPECTED MINOR INJURY,39.16689333,-77.20801167,"(39.16689333, -77.20801167)"
MCP2395000P,170522165,Montgomery County Police,Injury Crash,07/31/2017 06:35:00 PM,County,CLUB HOLLOW RD,County,TRUNDLE RD,,N/A,OTHER,SINGLE VEHICLE,CLEAR,DRY,DAYLIGHT,NO CONTROLS,NONE DETECTED,N/A,3A52C989-AF48-43FB-8246-25AD4F6CB889,OTHER,N/A,N/A,N/A,N/A,N/A,No,NO APPARENT INJURY,39.13548333,-77.46941167,"(39.13548333, -77.46941167)"
MCP2978000T,15058952,MONTGOMERY,Injury Crash,11/18/2015 10:00:00 PM,County,PLATINUM DR,County,OUTPOST DR,,N/A,PEDESTRIAN,SINGLE VEHICLE,CLEAR,DRY,DARK LIGHTS ON,STOP SIGN,NONE DETECTED,NONE DETECTED,B12627B4-2935-4228-AED2-4B4BAC35E24F,PEDESTRIAN,Cross/Enter at Intersection,FAILURE TO YIELD RIGHT OF WAY,ON ROADWAY NOT AT CROSSWALK,NO PED. SIGNAL,MIXED CLOTHING,Yes,SUSPECTED MINOR INJURY,39.09175374,-77.21927136,"(39.09175374, -77.21927136)"
MCP27120011,16032514,Montgomery County Police,Injury Crash,06/27/2016 12:49:00 PM,US (State),COLUMBIA PIKE,Unknown,END BRIDGE,,N/A,PEDESTRIAN,OTHER,CLEAR,DRY,DAYLIGHT,N/A,NONE DETECTED,NONE DETECTED,29DE9B31-84EB-4E28-B120-BEADAED637B9,PEDESTRIAN,Standing,NO IMPROPER ACTIONS,SHOULDER,N/A,REFLECTIVE MATERIAL,No,POSSIBLE INJURY,39.05207833,-76.978015,"(39.05207833, -76.978015)"
MCP2362000K,15007717,Montgomery County Police,Injury Crash,02/16/2015 10:05:00 AM,,,,,Parking lot of 10121 New Hampshire Ave,,PEDESTRIAN,OTHER,CLOUDY,,DAYLIGHT,N/A,NONE DETECTED,NONE DETECTED,CBF3C8C1-EB3A-46E0-93F6-F0198D6A72DB,PEDESTRIAN,Standing,OTHER,OTHER,N/A,LIGHT CLOTHING,,SUSPECTED MINOR INJURY,39.02194,-76.97585333,"(39.02194, -76.97585333)"
MCP2087000B,16054837,Montgomery County Police,Injury Crash,10/25/2016 06:58:00 AM,County,RANDOLPH RD,County,TIVOLI LAKE BLVD,,N/A,PEDESTRIAN,OTHER,CLEAR,DRY,DARK LIGHTS ON,TRAFFIC SIGNAL,UNKNOWN,NONE DETECTED,BB4E5E69-0616-4188-A7B5-60C6FDC95D4B,PEDESTRIAN,Cross/Enter at Intersection,NO IMPROPER ACTIONS,AT INTERSECTION MARKED CROSSWALK,UNKNOWN,DARK CLOTHING,No,SUSPECTED SERIOUS INJURY,39.06611114,-77.03449532,"(39.06611114, -77.03449532)"
MCP3018000Q,170503285,Montgomery County Police,Injury Crash,04/21/2017 07:30:00 AM,County,DALEWOOD DR,County,RANDOLPH RD,,N/A,BICYCLIST,OTHER,CLEAR,DRY,DAYLIGHT,TRAFFIC SIGNAL,UNKNOWN,NONE DETECTED,9696EFA5-CA8E-4E78-941C-5A356FB95516,BICYCLIST,Cross/Enter at Intersection,NO IMPROPER ACTIONS,AT INTERSECTION MARKED CROSSWALK,OBEYED PED. SIGNAL,MIXED CLOTHING,No,SUSPECTED MINOR INJURY,39.05918226,-77.06915081,"(39.05918226, -77.06915081)"
DD56030040,170514300,Rockville Police Departme,Injury Crash,06/17/2017 05:15:00 PM,,,,,"PARKING LOT OF 1471 ROCKVILLE PIKE, ROCKVILLE, MD",,PEDESTRIAN,OTHER,CLEAR,,DAYLIGHT,STOP SIGN,UNKNOWN,NONE DETECTED,EB7B3336-B87D-4585-AD7E-E954976913F4,PEDESTRIAN,Other,OTHER,OTHER,NO PED. SIGNAL,MIXED CLOTHING,No,SUSPECTED MINOR INJURY,39.06536,-77.12735167,"(39.06536, -77.12735167)"
MCP9386004T,170513166,Montgomery County Police,Injury Crash,06/12/2017 08:23:00 AM,County,MARYKNOLL AVE,Maryland (State),WILSON LA,,N/A,BICYCLIST,STRAIGHT MOVEMENT ANGLE,CLEAR,DRY,DAYLIGHT,STOP SIGN,NONE DETECTED,NONE DETECTED,73BFF3CF-0223-46FC-A8F2-34DD14E56FC2,BICYCLIST,Walking/Cycling on Sidewalk,FAILURE TO YIELD RIGHT OF WAY,SIDEWALK,NO PED. SIGNAL,MIXED CLOTHING,Yes,SUSPECTED MINOR INJURY,38.98655267,-77.13406831,"(38.98655267, -77.13406831)"
MCP24690019,16047129,Montgomery County Police,Injury Crash,09/14/2016 01:59:00 PM,,,,,PARKING LOT OF 2505 PROSPERITY TER,,PEDESTRIAN,SAME DIR REAR END,CLEAR,,DAYLIGHT,NO CONTROLS,NONE DETECTED,NONE DETECTED,B5E8805F-7A0E-40FE-86FA-7F57858DE029,PEDESTRIAN,Standing,NO IMPROPER ACTIONS,OTHER,NO PED. SIGNAL,LIGHT CLOTHING,No,SUSPECTED SERIOUS INJURY,39.05997333,-76.960945,"(39.05997333, -76.960945)"
MCP2466001R,16064424,Montgomery County Police,Injury Crash,12/14/2016 06:45:00 PM,Maryland (State),NEW HAMPSHIRE AVE,County,MCNEIL LA,,N/A,BICYCLIST,STRAIGHT MOVEMENT ANGLE,CLEAR,N/A,DARK LIGHTS ON,NO CONTROLS,UNKNOWN,UNKNOWN,C23A4E98-A76F-4FCE-A278-3895979F5A15,BICYCLIST,Walking/Riding against Traffic,WRONG WAY RIDING OR WALKING,SHOULDER,N/A,HEAD LIGHT,Yes,SUSPECTED MINOR INJURY,39.115075,-76.99268,"(39.115075, -76.99268)"
MCP20940060,16009210,Montgomery County Police,Injury Crash,02/24/2016 09:37:00 AM,,,,,"PARKING LOT OF
8215 OLD GEORGETOWN RD.",,PEDESTRIAN,OTHER,FOGGY,,DAYLIGHT,N/A,NONE DETECTED,NONE DETECTED,38ADE0AC-1BA3-4FDD-8749-0B1842924319,PEDESTRIAN,Walking to/from school,NO IMPROPER ACTIONS,OTHER,N/A,DARK CLOTHING,No,SUSPECTED MINOR INJURY,38.99301333,-77.10723,"(38.99301333, -77.10723)"
MCP2934001P,16030855,Montgomery County Police,Injury Crash,06/18/2016 01:05:00 PM,County,SANGAMORE RD,County,SENTINEL RD,,N/A,PEDESTRIAN,OTHER,CLEAR,DRY,DAYLIGHT,STOP SIGN,NONE DETECTED,NONE DETECTED,DF869967-4F30-4159-A165-8B5B8D02C13E,PEDESTRIAN,Cross/Enter at Intersection,NO IMPROPER ACTIONS,AT INTERSECTION MARKED CROSSWALK,NO PED. SIGNAL,LIGHT CLOTHING,No,POSSIBLE INJURY,38.95043049,-77.12047085,"(38.95043049, -77.12047085)"
MCP2531000N,17002799,Montgomery County Police,Injury Crash,01/16/2017 06:11:00 PM,,ELLINGTON BLVD,,FIELDS RD,,N/A,PEDESTRIAN,OTHER,CLEAR,WET,DARK LIGHTS ON,N/A,N/A,N/A,D55CDD25-A202-448B-A8E0-D10DC5C2431D,PEDESTRIAN,Cross/Enter at Intersection,NO IMPROPER ACTIONS,AT INTERSECTION MARKED CROSSWALK,NO PED. SIGNAL,DARK CLOTHING,No,POSSIBLE INJURY,39.115315,-77.20485167,"(39.115315, -77.20485167)"
MCP2398001N,170512886,Montgomery County Police,Injury Crash,06/10/2017 12:46:00 PM,Maryland (State),CLOPPER RD,County,PARKRIDGE DR,,N/A,PEDESTRIAN,STRAIGHT MOVEMENT ANGLE,CLEAR,DRY,DAYLIGHT,NO CONTROLS,NONE DETECTED,NONE DETECTED,55BCE39B-EE0A-4E9A-820F-A587F71498B0,PEDESTRIAN,Cross/Enter at Intersection,IN ROADWAY IMPROPERLY,ON ROADWAY NOT AT CROSSWALK,NO PED. SIGNAL,MIXED CLOTHING,Yes,SUSPECTED MINOR INJURY,39.1485,-77.239515,"(39.1485, -77.239515)"
MCP28680026,17003671,Montgomery County Police,Injury Crash,01/21/2017 04:55:00 PM,Maryland (State),WISCONSIN AVE,County,STANFORD ST,,N/A,BICYCLIST,OTHER,CLOUDY,DRY,DUSK,TRAFFIC SIGNAL,NONE DETECTED,NONE DETECTED,1D78D795-D9BF-4C8E-B5B9-C78B6B1C6F40,BICYCLIST,Walking/Riding w/Traffic,IMPROPER PASSING,ON ROADWAY NOT AT CROSSWALK,N/A,MIXED CLOTHING,Yes,POSSIBLE INJURY,38.97847962,-77.09127232,"(38.97847962, -77.09127232)"
MCP2702001F,16046989,Montgomery County Police,Property Damage Crash,09/13/2016 05:09:00 PM,County,FENTON ST,County,CAMERON ST,,N/A,PEDESTRIAN,OTHER,N/A,DRY,DAYLIGHT,TRAFFIC SIGNAL,UNKNOWN,NONE DETECTED,B0785F44-2969-4428-9991-D3487F430321,PEDESTRIAN,Cross/Enter at Intersection,UNKNOWN,ON ROADWAY AT CROSSWALK,OBEYED PED. SIGNAL,LIGHT CLOTHING,No,NO APPARENT INJURY,38.99820167,-77.028855,"(38.99820167, -77.028855)"
MCP9130003B,170515983,Montgomery County Police,Injury Crash,06/27/2017 10:43:00 AM,County,WAYNE AVE,County,FENTON ST,,N/A,PEDESTRIAN,SINGLE VEHICLE,CLEAR,DRY,N/A,N/A,NONE DETECTED,NONE DETECTED,54C76958-DF93-4C07-972A-59493E15DD81,PEDESTRIAN,Cross/Enter not at Intersection,IN ROADWAY IMPROPERLY,ON ROADWAY NOT AT CROSSWALK,OTHER,LIGHT CLOTHING,Yes,SUSPECTED SERIOUS INJURY,38.99495626,-77.02523232,"(38.99495626, -77.02523232)"
MCP2905002R,170513078,Montgomery County Police,Injury Crash,06/11/2017 03:48:00 PM,Maryland (State),WILSON LA,County,MOORLAND LA,,N/A,PEDESTRIAN,STRAIGHT MOVEMENT ANGLE,CLEAR,DRY,DAYLIGHT,STOP SIGN,N/A,N/A,547D6A58-4FD3-4F93-B3A1-DE6CAD2CC26C,PEDESTRIAN,Standing,NO IMPROPER ACTIONS,SIDEWALK,N/A,MIXED CLOTHING,No,SUSPECTED MINOR INJURY,38.98711,-77.10970333,"(38.98711, -77.10970333)"
MCP2689003J,170523840,Montgomery County Police,Injury Crash,08/09/2017 10:24:00 AM,Maryland (State),VEIRS MILL RD,Municipality,ATLANTIC AVE,,ROCKVILLE,PEDESTRIAN,SINGLE VEHICLE,CLEAR,DRY,DAYLIGHT,TRAFFIC SIGNAL,NONE DETECTED,NONE DETECTED,9DB3D9AC-17BE-4B46-990F-589D5C5333B9,PEDESTRIAN,Cross/Enter at Intersection,NO IMPROPER ACTIONS,ON ROADWAY AT CROSSWALK,OBEYED PED. SIGNAL,LIGHT CLOTHING,No,SUSPECTED MINOR INJURY,39.07487539,-77.11544976,"(39.07487539, -77.11544976)"
MCP2837000W,16017365,Montgomery County Police,Injury Crash,04/09/2016 02:13:00 PM,,,,,PARKING LOT IN FRONT OF CICI'S PIZZA AT 12111 ROCKVILLE PIKE,,PEDESTRIAN,OTHER,CLOUDY,,DAYLIGHT,NO CONTROLS,NONE DETECTED,NONE DETECTED,9D703D64-815F-4497-87A6-5233D66A6EF1,PEDESTRIAN,Other,OTHER,OTHER,NO PED. SIGNAL,OTHER,No,POSSIBLE INJURY,39.05717667,-77.11872,"(39.05717667, -77.11872)"
MCP3005000S,16018653,Montgomery County Police,Injury Crash,04/16/2016 11:54:00 AM,County,CHESTER MILL RD,County,NARROWS TERR,,N/A,BICYCLIST,HEAD ON LEFT TURN,N/A,DRY,DAYLIGHT,NO CONTROLS,NONE DETECTED,NONE DETECTED,B1F190BA-91AD-4E08-A6FB-5F79FC7F15BD,BICYCLIST,Cross/Enter at Intersection,FAILURE TO YIELD RIGHT OF WAY,ON ROADWAY NOT AT CROSSWALK,NO PED. SIGNAL,MIXED CLOTHING,Yes,POSSIBLE INJURY,39.11881833,-77.04032167,"(39.11881833, -77.04032167)"
DD5617000T,170506125,Rockville Police Departme,Injury Crash,05/05/2017 06:01:00 PM,Municipality,BAYLOR AVE,Municipality,PRINCETON PL,,ROCKVILLE,BICYCLIST,OTHER,CLOUDY,DRY,DAYLIGHT,NO CONTROLS,NONE DETECTED,N/A,09754351-FBE4-4CC3-81BE-542870901319,BICYCLIST,Cross/Enter not at Intersection,DART DASH,ON ROADWAY NOT AT CROSSWALK,N/A,LIGHT CLOTHING,Yes,SUSPECTED MINOR INJURY,39.10110833,-77.166145,"(39.10110833, -77.166145)"
MCP27170030,15048327,MONTGOMERY,Injury Crash,09/23/2015 07:37:00 PM,Maryland (State),EAST WEST HWY,Maryland (State),BROOKVILLE RD,,N/A,BICYCLIST,OTHER,CLEAR,DRY,DARK NO LIGHTS,NO CONTROLS,NONE DETECTED,NONE DETECTED,0759C71A-CD01-4D79-B220-EC19BC6C8D85,BICYCLIST,Cross/Enter at Intersection,NO IMPROPER ACTIONS,SIDEWALK,NO PED. SIGNAL,MIXED CLOTHING,No,SUSPECTED MINOR INJURY,38.99202106,-77.07198858,"(38.99202106, -77.07198858)"
MCP2816000Y,15002925,Montgomery County Police,Injury Crash,01/18/2015 06:43:00 PM,Maryland (State),ROCKVILLE PIKE,Municipality,HALPINE RD,,ROCKVILLE,MACHINE OPERATOR/RIDER,HEAD ON LEFT TURN,N/A,WET,DARK -- UNKNOWN LIGHTING,TRAFFIC SIGNAL,NONE DETECTED,NONE DETECTED,1B8964D7-25C0-4DA6-B34D-1B3F3F3A677C,MACHINE OPERATOR/RIDER,Cross/Enter at Intersection,NO IMPROPER ACTIONS,AT INTERSECTION MARKED CROSSWALK,OBEYED PED. SIGNAL,DARK CLOTHING,,POSSIBLE INJURY,39.06174,-77.12406167,"(39.06174, -77.12406167)"
MCP2959000W,15035001,MONTGOMERY,Injury Crash,07/16/2015 04:23:00 PM,,,,,"Occured in the 7-11 Parking lot at11445 AMHERST AVE, WHEATON, MARYLAND, 20902.",,PEDESTRIAN,SINGLE VEHICLE,CLEAR,,DAYLIGHT,NO CONTROLS,NONE DETECTED,ALCOHOL PRESENT,BD4AAB0A-A547-40B1-A59A-1B3F951F9566,PEDESTRIAN,Other,FAILURE TO YIELD RIGHT OF WAY,OTHER,NO PED. SIGNAL,MIXED CLOTHING,Unknown,SUSPECTED MINOR INJURY,39.04295285,-77.04758048,"(39.04295285, -77.04758048)"
MCP2656000Z,15057405,MONTGOMERY,Injury Crash,11/10/2015 06:25:00 PM,Maryland (State),OLD COLUMBIA PIKE,Unknown,ENT TO BUSINESS,,N/A,PEDESTRIAN,OTHER,RAINING,WET,DARK NO LIGHTS,TRAFFIC SIGNAL,NONE DETECTED,NONE DETECTED,C8A3F647-7FF8-4E3F-9999-28A550AA105A,PEDESTRIAN,Cross/Enter at Intersection,NO IMPROPER ACTIONS,ON ROADWAY AT CROSSWALK,OBEYED PED. SIGNAL,DARK CLOTHING,No,POSSIBLE INJURY,39.11253333,-76.932735,"(39.11253333, -76.932735)"