Report Number,Local Case Number,Agency Name,ACRS Report Type,Crash Date/Time,Route Type,Road Name,Cross-Street Type,Cross-Street Name,Off-Road Description,Municipality,Related Non-Motorist,Collision Type,Weather,Surface Condition,Light,Traffic Control,Driver Substance Abuse,Non-Motorist Substance Abuse,Person ID,Pedestrian Type,Pedestrian Movement,Pedestrian Actions,Pedestrian Location,Pedestrian Obeyed Traffic Signal,Pedestrian Visibility,At Fault,Injury Severity,Latitude,Longitude,Location
MCP2756000X,15046374,MONTGOMERY,Injury Crash,09/13/2015 07:19:00 PM,Maryland (State),UNIVERSITY BLVD W,County,INWOOD AVE,,N/A,PEDESTRIAN,SINGLE VEHICLE,CLEAR,DRY,DUSK,TRAFFIC SIGNAL,NONE DETECTED,NONE DETECTED,D1F0376B-A276-4DB4-AFEF-963601A0A861,PEDESTRIAN,Cross/Enter at Intersection,N/A,ON ROADWAY AT CROSSWALK,OBEYED PED. SIGNAL,LIGHT CLOTHING,No,SUSPECTED SERIOUS INJURY,39.036108,-77.036404,"(39.036108, -77.036404)"
MCP2564000V,15067154,MONTGOMERY,Injury Crash,12/31/2015 04:48:00 PM,,,,,PARKING LOT OF 20044 GOSHEN RD,,PEDESTRIAN,STRAIGHT MOVEMENT ANGLE,CLEAR,,DARK LIGHTS ON,NO CONTROLS,NONE DETECTED,NONE DETECTED,84975DFB-E201-4B7B-A240-71C88E2B0DD2,PEDESTRIAN,Other,FAILURE TO YIELD RIGHT OF WAY,OTHER,NO PED. SIGNAL,MIXED CLOTHING,Yes,SUSPECTED MINOR INJURY,39.18651008,-77.18803033,"(39.18651008, -77.18803033)"
MCP29640025,170517510,Montgomery County Police,Injury Crash,07/05/2017 08:11:00 PM,County,FATHER HURLEY BLVD,Unknown,TRIMFIELD LA,,N/A,BICYCLIST,STRAIGHT MOVEMENT ANGLE,RAINING,WET,DAWN,TRAFFIC SIGNAL,NONE DETECTED,NONE DETECTED,A63BFFB4-B388-428F-ABA9-AF55BF2D05D8,BICYCLIST,Walking/Cycling on Sidewalk,NOT VISIBLE,AT INTERSECTION MARKED CROSSWALK,OBEYED PED. SIGNAL,DARK CLOTHING,Yes,SUSPECTED MINOR INJURY,39.18630738,-77.2735633,"(39.18630738, -77.2735633)"
MCP9301000R,15067125,Montgomery County Police,Injury Crash,12/31/2015 01:40:00 PM,Maryland (State),QUINCE ORCHARD RD,Municipality,FIRSTFIELD RD,,GAITHERSBURG,PEDESTRIAN,SINGLE VEHICLE,N/A,DRY,DAYLIGHT,TRAFFIC SIGNAL,NONE DETECTED,N/A,6A4BB574-EFF1-4687-9E69-39822CA0310F,PEDESTRIAN,Getting off/on Vehicle,DART DASH,AT INTERSECTION BUT NO CROSSWALK,NO PED. SIGNAL,DARK CLOTHING,Yes,SUSPECTED SERIOUS INJURY,39.14588333,-77.22,"(39.14588333, -77.22)"
MCP2861002Y,170527855,Montgomery County Police,Injury Crash,08/30/2017 08:00:00 PM,County,DEMOCRACY BLVD,Unknown,SPUR TO ROCKLEDGE RD,,N/A,PEDESTRIAN,SINGLE VEHICLE,CLEAR,DRY,DARK LIGHTS ON,NO CONTROLS,NONE DETECTED,NONE DETECTED,8D72DB93-73D8-43DF-AF9B-09A58BC19A2D,PEDESTRIAN,Cross/Enter not at Intersection,NO IMPROPER ACTIONS,ON ROADWAY AT CROSSWALK,OBEYED PED. SIGNAL,LIGHT CLOTHING,No,SUSPECTED SERIOUS INJURY,39.02361833,-77.12876667,"(39.02361833, -77.12876667)"
MCP26590015,16041846,Montgomery County Police,Property Damage Crash,08/18/2016 12:45:00 AM,Maryland (State),GEORGIA AVE,US (State),COLESVILLE RD,,N/A,PEDESTRIAN,OTHER,RAINING,WET,DARK LIGHTS ON,TRAFFIC SIGNAL,NONE DETECTED,NONE DETECTED,4A6FBC7D-FBC7-49E1-8B03-84AA830ADBB4,PEDESTRIAN,Cross/Enter at Intersection,NO IMPROPER ACTIONS,ON ROADWAY AT CROSSWALK,OBEYED PED. SIGNAL,LIGHT CLOTHING,No,NO APPARENT INJURY,38.99596167,-77.02816167,"(38.99596167, -77.02816167)"
MCP13780047,15004900,Montgomery County Police,Injury Crash,01/30/2015 06:09:00 PM,,,,,DRIVEWAY ENTRANCE TO 390 N. SUMMIT AVE,,PEDESTRIAN,SINGLE VEHICLE,CLEAR,,DARK LIGHTS ON,NO CONTROLS,NONE DETECTED,NONE DETECTED,68089F6D-31EC-41B3-B6A2-D43C2DEB2EF1,PEDESTRIAN,Cross/Enter at Intersection,NO IMPROPER ACTIONS,DRIVEWAY ACCESS MARKED CROSSWALK,NO PED. SIGNAL,DARK CLOTHING,,NO APPARENT INJURY,39.14908,-77.19287667,"(39.14908, -77.19287667)"
MCP2094007Y,17009536,Montgomery County Police,Injury Crash,02/22/2017 12:44:00 PM,,,,,"PARKING LOT OF
2015 EAST WEST HWY",,PEDESTRIAN,OTHER,CLEAR,,DAYLIGHT,N/A,NONE DETECTED,NONE DETECTED,4138826F-3B96-441F-A3E4-65EF5DA2A065,PEDESTRIAN,Standing,NO IMPROPER ACTIONS,OTHER,N/A,MIXED CLOTHING,No,SUSPECTED SERIOUS INJURY,38.99501333,-77.04428,"(38.99501333, -77.04428)"
MCP26230025,15060091,MONTGOMERY,Injury Crash,11/24/2015 02:52:00 PM,County,CEDAR ST,County,WAYNE AVE,,N/A,BICYCLIST,OTHER,CLEAR,DRY,DAYLIGHT,TRAFFIC SIGNAL,NONE DETECTED,NONE DETECTED,F2AA8D51-0211-4F11-B6BE-9D35C009967A,BICYCLIST,Cross/Enter at Intersection,N/A,ON ROADWAY AT CROSSWALK,OBEYED PED. SIGNAL,MIXED CLOTHING,No,SUSPECTED MINOR INJURY,38.99713833,-77.02170833,"(38.99713833, -77.02170833)"
MCP91300020,16006234,Montgomery County Police,Injury Crash,02/06/2016 01:33:00 PM,County,FLOWER AVE,County,ARLISS ST,,N/A,PEDESTRIAN,SINGLE VEHICLE,CLEAR,DRY,DAYLIGHT,NO CONTROLS,NONE DETECTED,NONE DETECTED,F3F55C14-517B-4DAF-950A-D919CAC7ECDD,PEDESTRIAN,Cross/Enter not at Intersection,NO IMPROPER ACTIONS,ON ROADWAY AT CROSSWALK,NO PED. SIGNAL,MIXED CLOTHING,No,SUSPECTED MINOR INJURY,38.999505,-77.00393333,"(38.999505, -77.00393333)"
MCP25120028,16049778,Montgomery County Police,Injury Crash,09/27/2016 07:51:00 PM,Maryland (State),CLOPPER RD,Municipality,FIRSTFIELD RD,,GAITHERSBURG,PEDESTRIAN,STRAIGHT MOVEMENT ANGLE,CLEAR,DRY,DARK LIGHTS ON,NO CONTROLS,NONE DETECTED,NONE DETECTED,642CBF8B-61C1-4814-94F7-E5F5AAB7CFFD,PEDESTRIAN,Cross/Enter not at Intersection,FAILURE TO YIELD RIGHT OF WAY,ON ROADWAY NOT AT CROSSWALK,NO PED. SIGNAL,DARK CLOTHING,Yes,SUSPECTED MINOR INJURY,39.144595,-77.22561167,"(39.144595, -77.22561167)"
MCP29910013,16047934,Montgomery County Police,Injury Crash,09/18/2016 12:45:00 PM,,,,,CHURCH PARKING LOT OFF OF 17615 OLD BALTIMORE RD.,,PEDESTRIAN,SINGLE VEHICLE,CLEAR,,DAYLIGHT,NO CONTROLS,NONE DETECTED,NONE DETECTED,51EE3148-3B80-4843-8C9C-FEFD82F1918A,PEDESTRIAN,Other,NO IMPROPER ACTIONS,OTHER,N/A,LIGHT CLOTHING,No,POSSIBLE INJURY,39.14461333,-77.050775,"(39.14461333, -77.050775)"
DD5546000H,15039429,ROCKVILLE,Injury Crash,08/08/2015 10:14:00 AM,County,E JEFFERSON ST,Unknown,CALIFORNIA CIR,,N/A,PEDESTRIAN,HEAD ON LEFT TURN,CLEAR,DRY,DAYLIGHT,NO CONTROLS,NONE DETECTED,NONE DETECTED,CAFD0C77-CF6E-44AD-B5CC-60D2E75BC6A0,PEDESTRIAN,Cross/Enter not at Intersection,IN ROADWAY IMPROPERLY,ON ROADWAY NOT AT CROSSWALK,NO PED. SIGNAL,LIGHT CLOTHING,Yes,POSSIBLE INJURY,39.05555667,-77.12607167,"(39.05555667, -77.12607167)"
MCP27960028,15053791,MONTGOMERY,Injury Crash,10/23/2015 10:51:00 AM,,,,,"Parking lot of Citgo gas station located at 13615 Georgia Avenue, Silver Spring, MD 20906",,"OTHER, PEDESTRIAN",SINGLE VEHICLE,CLEAR,,DAYLIGHT,NO CONTROLS,NONE DETECTED,NONE DETECTED,2EFD80BE-4CDB-41B0-B562-157AD14008D3,PEDESTRIAN,Walking/Cycling on Sidewalk,OTHER,SIDEWALK,N/A,DARK CLOTHING,Unknown,SUSPECTED MINOR INJURY,39.079155,-77.07244833,"(39.079155, -77.07244833)"
DD5574000B,15057604,ROCKVILLE,Injury Crash,11/11/2015 05:46:00 PM,Municipality,VEIRS MILL SERV RD,Municipality,CLAGETT DR,,ROCKVILLE,PEDESTRIAN,SINGLE VEHICLE,CLEAR,DRY,DARK NO LIGHTS,NO CONTROLS,NONE DETECTED,NONE DETECTED,23D48318-35E7-4165-89F2-1A21B2857C07,PEDESTRIAN,Cross/Enter at Intersection,N/A,AT INTERSECTION BUT NO CROSSWALK,NO PED. SIGNAL,MIXED CLOTHING,No,SUSPECTED SERIOUS INJURY,39.07829178,-77.12795019,"(39.07829178, -77.12795019)"
MCP29830017,16050660,Montgomery County Police,Injury Crash,10/02/2016 08:12:00 PM,County,SECOND AVE,Maryland (State),16TH ST,,N/A,PEDESTRIAN,SINGLE VEHICLE,CLEAR,DRY,DARK LIGHTS ON,TRAFFIC SIGNAL,NONE DETECTED,NONE DETECTED,A077AE84-43B2-45A2-ACCF-E47045E21B65,PEDESTRIAN,Cross/Enter at Intersection,NO IMPROPER ACTIONS,AT INTERSECTION MARKED CROSSWALK,OBEYED PED. SIGNAL,MIXED CLOTHING,No,SUSPECTED MINOR INJURY,39.00325254,-77.04018831,"(39.00325254, -77.04018831)"
DD5605001K,15039845,ROCKVILLE,Injury Crash,08/10/2015 07:50:00 PM,,,,,"PARKING LOT OF 9200 DARNESTOWN RD, ROCKVILLE MD.",,PEDESTRIAN,OTHER,CLEAR,,DAWN,NO CONTROLS,NONE DETECTED,NONE DETECTED,9F960246-0E2E-4018-A796-5D05C0D5CDB8,PEDESTRIAN,Other,NO IMPROPER ACTIONS,OTHER,NO PED. SIGNAL,MIXED CLOTHING,No,SUSPECTED MINOR INJURY,39.09085333,-77.18915833,"(39.09085333, -77.18915833)"
MCP1334004H,16063168,Montgomery County Police,Injury Crash,12/09/2016 09:17:00 AM,,,,,PARKING LOT OF 12130 DARNESTOWN RD.,,PEDESTRIAN,SINGLE VEHICLE,CLEAR,,DAYLIGHT,N/A,NONE DETECTED,NONE DETECTED,2186935C-E37C-4802-9D07-5602F0A5D1B0,PEDESTRIAN,Other,N/A,OTHER,N/A,MIXED CLOTHING,No,SUSPECTED MINOR INJURY,39.11721326,-77.25162148,"(39.11721326, -77.25162148)"
DD5595004D,170151767,Rockville Police Departme,Injury Crash,07/06/2017 05:25:00 PM,Other Public Roadway,IVY LEAGUE LA,Maryland (State),HUNGERFORD DR,,N/A,BICYCLIST,OTHER,CLOUDY,DRY,DAYLIGHT,STOP SIGN,NONE DETECTED,NONE DETECTED,43C50EF8-D9D7-41DD-B213-A62527CC8150,BICYCLIST,Cross/Enter at Intersection,NO IMPROPER ACTIONS,ON ROADWAY AT CROSSWALK,OTHER,N/A,No,SUSPECTED MINOR INJURY,39.09494133,-77.15344183,"(39.09494133, -77.15344183)"
MCP2889001R,16050824,Montgomery County Police,Injury Crash,10/03/2016 07:34:00 PM,Maryland (State),UNIVERSITY BLVD W,County,DENNIS AVE,,N/A,PEDESTRIAN,SINGLE VEHICLE,CLEAR,DRY,DARK LIGHTS ON,TRAFFIC SIGNAL,NONE DETECTED,NONE DETECTED,0704770D-C149-476A-A7BB-2F64B3F71D37,PEDESTRIAN,Cross/Enter at Intersection,NO IMPROPER ACTIONS,ON ROADWAY AT CROSSWALK,OBEYED PED. SIGNAL,DARK CLOTHING,No,POSSIBLE INJURY,39.026315,-77.02019833,"(39.026315, -77.02019833)"
MCP2676002B,16065067,Montgomery County Police,Property Damage Crash,12/19/2016 01:30:00 PM,Municipality,GAME PRESERVE RD,Municipality,TRAVIS AVE,,GAITHERSBURG,PEDESTRIAN,OTHER,CLEAR,N/A,DAYLIGHT,NO CONTROLS,N/A,N/A,88192B0E-D524-4F0D-AF02-D1E4B59136FB,PEDESTRIAN,Walking/Riding w/Traffic,UNKNOWN,SHOULDER,N/A,UNKNOWN,Unknown,NO APPARENT INJURY,39.1625106,-77.22187042,"(39.1625106, -77.22187042)"
HA2399000M,16000538,Maryland-National Capital,Injury Crash,05/08/2016 01:18:00 PM,Government,LITTLE FALLS PKWY,County,ARLINGTON RD,,N/A,BICYCLIST,OTHER,CLEAR,DRY,DAYLIGHT,N/A,NONE DETECTED,N/A,BB1D698A-BD1D-4008-AD66-20D87EA83B0B,BICYCLIST,Cross/Enter at Intersection,NO IMPROPER ACTIONS,MIDBLOCK MARKED CROSSWALK,UNKNOWN,N/A,Yes,POSSIBLE INJURY,38.97340833,-77.10141333,"(38.97340833, -77.10141333)"
MCP30680008,170526461,Montgomery County Police,Injury Crash,08/23/2017 07:24:00 PM,Maryland (State),OLD GEORGETOWN RD,Ramp,RAMP 4 FR MD 187 NB TO IS 495 EB,,N/A,BICYCLIST,HEAD ON LEFT TURN,CLEAR,DRY,DAYLIGHT,TRAFFIC SIGNAL,N/A,N/A,3792D5EB-1C1F-4090-9B6F-8C739F70A506,BICYCLIST,Walking/Cycling on Sidewalk,FAILURE TO OBEY TRAFFIC SIGNS SIGNALS OR OFFICER,ON ROADWAY AT CROSSWALK,DISOBEYED PED. SIGNAL,LIGHT CLOTHING,Yes,POSSIBLE INJURY,39.01504167,-77.118695,"(39.01504167, -77.118695)"
MCP9301000S,15066413,Montgomery County Police,Injury Crash,12/27/2015 01:11:00 PM,Municipality,BOOTH ST,Municipality,MIDTOWN RD,,GAITHERSBURG,PEDESTRIAN,SINGLE VEHICLE,N/A,N/A,DAYLIGHT,STOP SIGN,NONE DETECTED,NONE DETECTED,014563E6-4450-4FF0-A855-1B157E536DFB,PEDESTRIAN,Cross/Enter at Intersection,UNKNOWN,AT INTERSECTION MARKED CROSSWALK,NO PED. SIGNAL,LIGHT CLOTHING,Unknown,SUSPECTED MINOR INJURY,39.15428833,-77.21278,"(39.15428833, -77.21278)"
DD55020020,16005276,Rockville Police Departme,Injury Crash,02/01/2016 05:39:00 PM,Maryland (State),ROCKVILLE PIKE,Municipality,MONROE PL,,ROCKVILLE,PEDESTRIAN,HEAD ON LEFT TURN,RAINING,WET,DARK LIGHTS ON,N/A,NONE DETECTED,NONE DETECTED,816206EC-DB7E-44F6-9FA6-8429380B4D90,PEDESTRIAN,Cross/Enter not at Intersection,IN ROADWAY IMPROPERLY,ON ROADWAY NOT AT CROSSWALK,UNKNOWN,MIXED CLOTHING,Yes,SUSPECTED MINOR INJURY,39.08291333,-77.14681,"(39.08291333, -77.14681)"
MCP28460021,16032703,Montgomery County Police,Injury Crash,06/28/2016 01:15:00 PM,County,SHOREFIELD RD,Maryland (State),GEORGIA AVE,,N/A,PEDESTRIAN,OTHER,CLOUDY,DRY,DAYLIGHT,TRAFFIC SIGNAL,NONE DETECTED,NONE DETECTED,EF0287D7-31AE-4DE3-9285-A09478AD074E,PEDESTRIAN,Cross/Enter at Intersection,NO IMPROPER ACTIONS,ON ROADWAY AT CROSSWALK,OBEYED PED. SIGNAL,MIXED CLOTHING,No,NO APPARENT INJURY,39.05316667,-77.050735,"(39.05316667, -77.050735)"
MCP2600001F,15055481,MONTGOMERY,Injury Crash,10/31/2015 10:35:00 PM,Maryland (State),NEW HAMPSHIRE AVE,County,POWDER MILL RD,,N/A,PEDESTRIAN,OTHER,CLEAR,DRY,DARK LIGHTS ON,TRAFFIC SIGNAL,NONE DETECTED,UNKNOWN,BB0B789B-27B4-42A6-8D2A-F56FD7CDDAE4,PEDESTRIAN,Cross/Enter at Intersection,UNKNOWN,ON ROADWAY NOT AT CROSSWALK,DISOBEYED PED. SIGNAL,MIXED CLOTHING,Yes,POSSIBLE INJURY,39.02158667,-76.97838,"(39.02158667, -76.97838)"
MCP15800047,15046473,MONTGOMERY,Injury Crash,09/14/2015 11:34:00 AM,,,,,115 S FREDERICK AVE.   ST. MARTINS CATHOLIC CHURCH PARKING  LOT,,PEDESTRIAN,OTHER,CLEAR,,DAYLIGHT,NO CONTROLS,NONE DETECTED,NONE DETECTED,A7975367-F0D8-4D47-892F-EEC42EBC84B7,PEDESTRIAN,Standing,OTHER,OTHER,N/A,MIXED CLOTHING,Unknown,POSSIBLE INJURY,39.13950667,-77.19561167,"(39.13950667, -77.19561167)"
MCP3000001G,16058070,Montgomery County Police,Injury Crash,11/10/2016 08:12:00 PM,,,,,18909 KINGSVIEW RD PARKING LOT OF GERMANTOWN OUTDOOR POOL,,PEDESTRIAN,N/A,CLEAR,,DARK LIGHTS ON,NO CONTROLS,NONE DETECTED,NONE DETECTED,14863F27-8FD4-4A23-86F9-EE0910508DE2,PEDESTRIAN,Playing,OTHER,OTHER,NO PED. SIGNAL,LIGHT CLOTHING,Yes,SUSPECTED MINOR INJURY,39.165225,-77.28609667,"(39.165225, -77.28609667)"
MCP21070017,170523851,Montgomery County Police,Injury Crash,08/10/2017 11:05:00 AM,Maryland (State),BEALLSVILLE RD,County,SELLMAN RD,,N/A,MACHINE OPERATOR/RIDER,OTHER,CLEAR,DRY,DAYLIGHT,NO CONTROLS,NONE DETECTED,NONE DETECTED,615971BA-6A17-418C-81B4-3533ABF3A8A0,MACHINE OPERATOR/RIDER,Other,FAILURE TO YIELD RIGHT OF WAY,OTHER,N/A,LIGHT CLOTHING,Yes,SUSPECTED MINOR INJURY,39.22051263,-77.37774298,"(39.22051263, -77.37774298)"
MCP2055000S,15053997,MONTGOMERY,Injury Crash,10/24/2015 11:37:00 AM,,,,,"206 N. Frederick Ave
Gaithersburg MD  20878",,PEDESTRIAN,OTHER,CLOUDY,,DAYLIGHT,NO CONTROLS,NONE DETECTED,NONE DETECTED,AA34A1AA-194B-4F02-9563-13A0D1F97B28,PEDESTRIAN,Other,OTHER,SIDEWALK,NO PED. SIGNAL,N/A,No,POSSIBLE INJURY,39.144435,-77.20246833,"(39.144435, -77.20246833)"
MCP29540032,17010663,Montgomery County Police,Injury Crash,02/28/2017 09:31:00 AM,US (State),COLESVILLE RD,Maryland (State),UNIVERSITY BLVD E,,N/A,PEDESTRIAN,SINGLE VEHICLE,CLEAR,DRY,DAYLIGHT,TRAFFIC SIGNAL,UNKNOWN,NONE DETECTED,F8689B85-1B5E-49F6-B20C-1A45D7D0BED1,PEDESTRIAN,Cross/Enter at Intersection,NO IMPROPER ACTIONS,ON ROADWAY AT CROSSWALK,OBEYED PED. SIGNAL,MIXED CLOTHING,No,POSSIBLE INJURY,39.01980052,-77.01337695,"(39.01980052, -77.01337695)"
MCP2875002D,16063499,Montgomery County Police,Injury Crash,12/10/2016 11:17:00 PM,County,SCENERY DR,Unknown,GATESHEAD CIR,,N/A,PEDESTRIAN,OTHER,CLEAR,DRY,DARK NO LIGHTS,NO CONTROLS,NONE DETECTED,NONE DETECTED,15C306EC-9800-4A41-9057-C738B16612DC,PEDESTRIAN,Cross/Enter at Intersection,NO IMPROPER ACTIONS,AT INTERSECTION BUT NO CROSSWALK,NO PED. SIGNAL,DARK CLOTHING,No,POSSIBLE INJURY,39.182715,-77.23224167,"(39.182715, -77.23224167)"
MCP2664002Y,17012580,Montgomery County Police,Injury Crash,03/09/2017 11:40:00 PM,County,ANDREW ST,Maryland (State),VEIRS MILL RD,,N/A,PEDESTRIAN,OTHER,UNKNOWN,UNKNOWN,UNKNOWN,NO CONTROLS,UNKNOWN,NONE DETECTED,90CF317A-3170-4070-AB92-0EEF620CEFB7,PEDESTRIAN,Cross/Enter not at Intersection,NO IMPROPER ACTIONS,ON ROADWAY NOT AT CROSSWALK,UNKNOWN,UNKNOWN,No,SUSPECTED MINOR INJURY,39.05023,-77.07168833,"(39.05023, -77.07168833)"
MCP24750018,16044977,Montgomery County Police,Injury Crash,09/02/2016 08:12:00 PM,County,DIVISION ST,Maryland (State),FLOWER AVE,,N/A,BICYCLIST,HEAD ON,CLEAR,DRY,DARK LIGHTS ON,NO CONTROLS,UNKNOWN,NONE DETECTED,9C5A02B8-3B13-4708-A81B-81ABE4D62E06,BICYCLIST,Standing,NO IMPROPER ACTIONS,IN BIKEWAY,NO PED. SIGNAL,LIGHT CLOTHING,No,SUSPECTED MINOR INJURY,38.98709265,-76.99971914,"(38.98709265, -76.99971914)"
MCP9106000R,16001755,Montgomery County Police,Injury Crash,01/10/2016 12:06:00 PM,,,,,PARKING LOT OF 20902 FREDERICK RD,,PEDESTRIAN,SINGLE VEHICLE,RAINING,,DAYLIGHT,N/A,NONE DETECTED,NONE DETECTED,B09F8ED8-673D-4872-BBE9-71FE7DB87B71,PEDESTRIAN,Other,NO IMPROPER ACTIONS,OTHER,N/A,LIGHT CLOTHING,No,NO APPARENT INJURY,39.199015,-77.24625833,"(39.199015, -77.24625833)"
MCP2766001Q,15044823,MONTGOMERY,Injury Crash,09/05/2015 07:14:00 PM,,,,,At the entrance to the Citgo located at 13615 Georgia Ave,,BICYCLIST,STRAIGHT MOVEMENT ANGLE,CLEAR,,DAYLIGHT,N/A,NONE DETECTED,ALCOHOL PRESENT,B5EA0A9A-A4D0-482B-AFC2-F38F491B0527,BICYCLIST,Walking/Cycling on Sidewalk,INATTENTIVE,SIDEWALK,NO PED. SIGNAL,MIXED CLOTHING,Yes,POSSIBLE INJURY,39.07800028,-77.07120538,"(39.07800028, -77.07120538)"
MCP2853002X,17004972,Montgomery County Police,Injury Crash,01/28/2017 07:09:00 PM,,,,,10113 NEW HAMPSHIRE AVE. PARKING LOT,,PEDESTRIAN,N/A,CLEAR,,DARK LIGHTS ON,NO CONTROLS,N/A,N/A,B5AB336A-4500-4E9F-8E76-7344656947FD,PEDESTRIAN,Other,IN ROADWAY IMPROPERLY,ON ROADWAY NOT AT CROSSWALK,NO PED. SIGNAL,DARK CLOTHING,Yes,SUSPECTED MINOR INJURY,39.02111232,-76.97536066,"(39.02111232, -76.97536066)"
MCP2908001L,16018081,Montgomery County Police,Injury Crash,04/13/2016 02:42:00 PM,,,,,"2 UNIVERSITY BLVD W SILVER SPRING, MD 20901
7-11 PARKING LOT",,PEDESTRIAN,SINGLE VEHICLE,CLEAR,,DAYLIGHT,NO CONTROLS,N/A,NONE DETECTED,A96B15FE-9B64-4A8E-9A1B-03ACD13254A9,PEDESTRIAN,Cross/Enter at Intersection,NO IMPROPER ACTIONS,SIDEWALK,NO PED. SIGNAL,MIXED CLOTHING,No,POSSIBLE INJURY,39.02034,-77.01328667,"(39.02034, -77.01328667)"
MCP2780002T,170503594,Montgomery County Police,Injury Crash,04/22/2017 05:21:00 PM,,,,,"20910 FREDERICK ROAD GERMANTOWN, MD 20876",,PEDESTRIAN,SINGLE VEHICLE,RAINING,,DAYLIGHT,NO CONTROLS,NONE DETECTED,NONE DETECTED,205C58DF-BF7F-4D60-AC16-63C7B7F5301A,PEDESTRIAN,Standing,N/A,OTHER,N/A,UNKNOWN,No,POSSIBLE INJURY,39.19901833,-77.25101167,"(39.19901833, -77.25101167)"
MCP2859000N,15003015,Montgomery County Police,Injury Crash,01/19/2015 01:47:00 PM,,,,,"PARKING LOT IN FRONT OF 842 MUDDY BRANCH RD, GAITHERSBURG, MARYLAND, 20878",,PEDESTRIAN,OTHER,CLOUDY,,DAYLIGHT,NO CONTROLS,NONE DETECTED,NONE DETECTED,DD9A9D84-1478-4F79-9F71-0FCA962FB49D,PEDESTRIAN,Cross/Enter not at Intersection,UNKNOWN,ON ROADWAY NOT AT CROSSWALK,N/A,MIXED CLOTHING,,SUSPECTED MINOR INJURY,39.114485,-77.21735,"(39.114485, -77.21735)"
MCP2969001M,16008349,Montgomery County Police,Injury Crash,02/19/2016 01:50:00 PM,Maryland (State),UNIVERSITY BLVD W,Maryland (State),VEIRS MILL RD,,N/A,PEDESTRIAN,STRAIGHT MOVEMENT ANGLE,CLEAR,DRY,DAYLIGHT,NO CONTROLS,NONE DETECTED,NONE DETECTED,D4177A07-3D58-4297-B761-DF11617ED777,PEDESTRIAN,Cross/Enter not at Intersection,FAILURE TO YIELD RIGHT OF WAY,ON ROADWAY NOT AT CROSSWALK,NO PED. SIGNAL,MIXED CLOTHING,Yes,SUSPECTED MINOR INJURY,39.03987167,-77.05632667,"(39.03987167, -77.05632667)"
MCP1048000Z,15050991,MONTGOMERY,Injury Crash,10/08/2015 10:30:00 AM,County,E GUDE DR,County,CRABBS BRANCH WAY,,N/A,OTHER,SAME DIR REAR END,CLEAR,DRY,DAYLIGHT,OTHER,N/A,N/A,96A8B40E-E918-4F95-AD35-52297F912725,OTHER,Other Working,NO IMPROPER ACTIONS,INSIDE BUILDING,OTHER,OTHER,No,POSSIBLE INJURY,39.10644667,-77.14993167,"(39.10644667, -77.14993167)"
MCP2874000W,15058210,MONTGOMERY,Injury Crash,11/14/2015 08:07:00 PM,Maryland (State),GEORGIA AVE,County,SHOREFIELD RD,,N/A,PEDESTRIAN,SINGLE VEHICLE,CLEAR,DRY,DARK LIGHTS ON,TRAFFIC SIGNAL,NONE DETECTED,UNKNOWN,0265D3BF-51A5-4DC2-9C1F-30170CF57E07,PEDESTRIAN,Cross/Enter at Intersection,NO IMPROPER ACTIONS,ON ROADWAY AT CROSSWALK,UNKNOWN,MIXED CLOTHING,No,SUSPECTED MINOR INJURY,39.053245,-77.05103333,"(39.053245, -77.05103333)"
MCP2398000J,15044798,MONTGOMERY,Injury Crash,09/06/2015 03:45:00 PM,County,SNOUFFERS SCHOOL RD,Maryland (State),WOODFIELD RD,,N/A,PEDESTRIAN,STRAIGHT MOVEMENT ANGLE,CLEAR,DRY,DAYLIGHT,OTHER,UNKNOWN,NONE DETECTED,C96288A6-A168-48FE-A4BD-A144889E8201,PEDESTRIAN,Cross/Enter at Intersection,NO IMPROPER ACTIONS,ON ROADWAY AT CROSSWALK,NO PED. SIGNAL,MIXED CLOTHING,No,SUSPECTED MINOR INJURY,39.1608978,-77.16340899,"(39.1608978, -77.16340899)"
MCP0936001M,16031943,Montgomery County Police,Injury Crash,06/24/2016 10:40:00 AM,,,,,10550 CONNECTICUT AVENUE,,PEDESTRIAN,SINGLE VEHICLE,CLOUDY,,DAYLIGHT,N/A,NONE DETECTED,NONE DETECTED,FB5E7D7B-C056-487A-9808-72D516CF3656,PEDESTRIAN,Other,NO IMPROPER ACTIONS,OTHER,NO PED. SIGNAL,MIXED CLOTHING,No,POSSIBLE INJURY,39.02775843,-77.07669318,"(39.02775843, -77.07669318)"
MCP28290034,170507166,Montgomery County Police,Injury Crash,05/11/2017 05:08:00 AM,Maryland (State),PINEY BRANCH RD,Maryland (State),UNIVERSITY BLVD E,,N/A,BICYCLIST,OTHER,CLOUDY,DRY,DARK LIGHTS ON,N/A,UNKNOWN,NONE DETECTED,FFA78389-F251-43A3-8891-A0DE8EC2B311,BICYCLIST,Walking/Riding w/Traffic,NO IMPROPER ACTIONS,ON ROADWAY NOT AT CROSSWALK,N/A,UNKNOWN,No,SUSPECTED SERIOUS INJURY,38.99609,-77.11640667,"(38.99609, -77.11640667)"