Report Number,Local Case Number,Agency Name,ACRS Report Type,Crash Date/Time,Route Type,Road Name,Cross-Street Type,Cross-Street Name,Off-Road Description,Municipality,Related Non-Motorist,Collision Type,Weather,Surface Condition,Light,Traffic Control,Driver Substance Abuse,Non-Motorist Substance Abuse,Person ID,Pedestrian Type,Pedestrian Movement,Pedestrian Actions,Pedestrian Location,Pedestrian Obeyed Traffic Signal,Pedestrian Visibility,At Fault,Injury Severity,Latitude,Longitude,Location
MCP26570017,16053266,Montgomery County Police,Injury Crash,10/16/2016 11:00:00 PM,,,,,PARKING LOT OF ENCLAVE APARTMENTS IN AREA BETWEEN 11235 OAK LEAF DRIVE/11200 LOCKWOOD DRIVE,,BICYCLIST,SAME DIR REND RIGHT TURN,CLEAR,,DARK NO LIGHTS,NO CONTROLS,ALCOHOL PRESENT,N/A,75846781-470B-4F8A-B93C-FF7051705958,BICYCLIST,Walking/Riding w/Traffic,NOT VISIBLE,OTHER,N/A,LIGHT CLOTHING,No,POSSIBLE INJURY,39.03919674,-76.9922626,"(39.03919674, -76.9922626)"
MCP2970002V,170513352,Montgomery County Police,Injury Crash,06/13/2017 08:31:00 AM,Maryland (State),UNIVERSITY BLVD W,Unknown,CROSSOVER,,N/A,PEDESTRIAN,SINGLE VEHICLE,CLEAR,DRY,DAYLIGHT,STOP SIGN,N/A,N/A,953F056A-E4D2-4EAB-BBD7-180DBD00EC37,PEDESTRIAN,Cross/Enter at Intersection,DART DASH,AT INTERSECTION BUT NO CROSSWALK,NO PED. SIGNAL,DARK CLOTHING,Yes,SUSPECTED MINOR INJURY,39.03638333,-77.027125,"(39.03638333, -77.027125)"
MCP29910012,16045765,Montgomery County Police,Injury Crash,09/07/2016 12:06:00 PM,,,,,IN SHOPPING CENTER INFRONT OF OLNEY GRILLE RESTAURANT,,PEDESTRIAN,SINGLE VEHICLE,N/A,,DAYLIGHT,NO CONTROLS,NONE DETECTED,NONE DETECTED,A7D14029-D1ED-4DC8-99F5-A696B07B4A9B,PEDESTRIAN,Cross/Enter not at Intersection,NO IMPROPER ACTIONS,OTHER,N/A,N/A,No,POSSIBLE INJURY,39.1530121,-77.06876725,"(39.1530121, -77.06876725)"
MCP28680027,17005637,Montgomery County Police,Injury Crash,02/01/2017 05:31:00 PM,County,WAVERLY ST,Maryland (State),MONTGOMERY AVE,,N/A,PEDESTRIAN,SINGLE VEHICLE,CLEAR,DRY,DUSK,TRAFFIC SIGNAL,NONE DETECTED,N/A,3C6E83EC-F36F-4E02-A86F-0CF79C7EA835,PEDESTRIAN,Cross/Enter at Intersection,NO IMPROPER ACTIONS,ON ROADWAY AT CROSSWALK,OBEYED PED. SIGNAL,MIXED CLOTHING,No,SUSPECTED MINOR INJURY,38.98410167,-77.09234333,"(38.98410167, -77.09234333)"
DD5594001C,15050873,ROCKVILLE,Injury Crash,10/07/2015 05:07:00 PM,Municipality,FOREST AVE,Municipality,HARRISON ST,,ROCKVILLE,BICYCLIST,OTHER,CLEAR,DRY,DAYLIGHT,NO CONTROLS,N/A,N/A,79DC17E3-F763-4BAB-9E5A-B547D91CE0E1,BICYCLIST,Cross/Enter not at Intersection,FAILURE TO YIELD RIGHT OF WAY,ON ROADWAY NOT AT CROSSWALK,N/A,MIXED CLOTHING,Yes,POSSIBLE INJURY,39.08396833,-77.15315667,"(39.08396833, -77.15315667)"
MCP2654000V,15057183,MONTGOMERY,Injury Crash,11/21/2015 06:22:00 PM,County,SILVER SPRING AVE,County,FENTON ST,,N/A,PEDESTRIAN,SINGLE VEHICLE,RAINING,WET,DARK LIGHTS ON,TRAFFIC SIGNAL,UNKNOWN,NONE DETECTED,5418369F-8951-446F-BE21-1B3AEA94CDB8,PEDESTRIAN,Cross/Enter at Intersection,NO IMPROPER ACTIONS,ON ROADWAY AT CROSSWALK,OBEYED PED. SIGNAL,MIXED CLOTHING,No,SUSPECTED MINOR INJURY,38.99169584,-77.02401996,"(38.99169584, -77.02401996)"
MCP2437002Q,170513484,Montgomery County Police,Injury Crash,06/13/2017 06:21:00 PM,Maryland (State),GEORGIA AVE,County,HEWITT AVE,,N/A,PEDESTRIAN,SINGLE VEHICLE,CLEAR,DRY,DAYLIGHT,TRAFFIC SIGNAL,NONE DETECTED,NONE DETECTED,D0FF4FC1-A35B-43EA-AB3D-3845578848AD,PEDESTRIAN,Cross/Enter at Intersection,NO IMPROPER ACTIONS,ON ROADWAY AT CROSSWALK,OBEYED PED. SIGNAL,MIXED CLOTHING,No,SUSPECTED MINOR INJURY,39.0777,-77.070905,"(39.0777, -77.070905)"
MCP2864002B,17001674,Montgomery County Police,Injury Crash,01/10/2017 05:29:00 PM,County,CRABBS BRANCH WAY,Unknown,STANDISH PL,,N/A,PEDESTRIAN,OTHER,CLEAR,DRY,DARK LIGHTS ON,N/A,NONE DETECTED,NONE DETECTED,AE3A45C2-BC75-41BE-9805-87BD2E3B4EE3,PEDESTRIAN,Walking/Riding w/Traffic,NOT VISIBLE,ON ROADWAY NOT AT CROSSWALK,N/A,DARK CLOTHING,Yes,SUSPECTED MINOR INJURY,39.10805833,-77.15251667,"(39.10805833, -77.15251667)"
MCP2789000K,15003826,Montgomery County Police,Injury Crash,01/23/2015 08:10:00 PM,Maryland (State),COLESVILLE RD,Maryland (State),GEORGIA AVE,,N/A,PEDESTRIAN,SINGLE VEHICLE,RAINING,WET,DARK LIGHTS ON,TRAFFIC SIGNAL,N/A,N/A,BE95E8A5-2271-404B-9A7E-665E6DAF897F,PEDESTRIAN,Cross/Enter at Intersection,NO IMPROPER ACTIONS,AT INTERSECTION MARKED CROSSWALK,OBEYED PED. SIGNAL,DARK CLOTHING,,SUSPECTED MINOR INJURY,38.99734667,-77.029575,"(38.99734667, -77.029575)"
MCP2251001F,16007635,Montgomery County Police,Injury Crash,02/15/2016 05:38:00 AM,Maryland (State),VEIRS MILL RD,County,PARKLAND DR,,N/A,PEDESTRIAN,OTHER,SNOW,SNOW,DARK -- UNKNOWN LIGHTING,NO CONTROLS,UNKNOWN,NONE DETECTED,06C6A35D-1BFE-4D7E-A7D3-BF2773EB9A38,PEDESTRIAN,Standing,NO IMPROPER ACTIONS,SIDEWALK,N/A,N/A,No,SUSPECTED MINOR INJURY,39.057305,-77.08481833,"(39.057305, -77.08481833)"
MCP2849001Q,15053479,MONTGOMERY,Injury Crash,10/21/2015 06:46:00 PM,County,SHERWOOD FOREST DR,County,NOTLEY RD,,N/A,PEDESTRIAN,SINGLE VEHICLE,CLEAR,DRY,DARK NO LIGHTS,NO CONTROLS,NONE DETECTED,ALCOHOL PRESENT,FB407500-B4BE-459A-AC3F-B28D16814925,PEDESTRIAN,Cross/Enter not at Intersection,IN ROADWAY IMPROPERLY,ON ROADWAY NOT AT CROSSWALK,N/A,DARK CLOTHING,Yes,SUSPECTED MINOR INJURY,39.08128833,-77.00841333,"(39.08128833, -77.00841333)"
MCP1554001L,16052519,Montgomery County Police,Injury Crash,10/12/2016 05:33:00 PM,County,REDLAND RD,Other Public Roadway,SOMERVILLE DR,,N/A,PEDESTRIAN,SAME DIRECTION SIDESWIPE,CLEAR,DRY,DAYLIGHT,NO CONTROLS,NONE DETECTED,ALCOHOL PRESENT,44897226-993D-497F-990C-96CBE74D781C,PEDESTRIAN,Walking/Riding w/Traffic,IN ROADWAY IMPROPERLY,SHOULDER,N/A,UNKNOWN,Yes,POSSIBLE INJURY,39.11629,-77.16580833,"(39.11629, -77.16580833)"
MCP2796002B,15056417,MONTGOMERY,Injury Crash,11/05/2015 05:24:00 PM,,SOUTH LEISUREWORLD BLVD,,GLENEAGLES DR,,N/A,PEDESTRIAN,SINGLE VEHICLE,CLOUDY,DRY,DARK LIGHTS ON,NO CONTROLS,NONE DETECTED,NONE DETECTED,F6373CFA-8AC5-4A63-8BD0-D5C3349D7A5A,PEDESTRIAN,Cross/Enter at Intersection,NO IMPROPER ACTIONS,ON ROADWAY AT CROSSWALK,NO PED. SIGNAL,MIXED CLOTHING,No,SUSPECTED MINOR INJURY,39.09837,-77.07358833,"(39.09837, -77.07358833)"
DD5605003M,170508663,Rockville Police Departme,Injury Crash,05/19/2017 12:35:00 PM,Municipality,N WASHINGTON ST,Municipality,MARTINS LA,,ROCKVILLE,PEDESTRIAN,OTHER,CLEAR,DRY,DAYLIGHT,TRAFFIC SIGNAL,NONE DETECTED,NONE DETECTED,C6E84E59-1114-49DE-9C65-4823196E1D1B,PEDESTRIAN,Cross/Enter at Intersection,NO IMPROPER ACTIONS,ON ROADWAY AT CROSSWALK,OBEYED PED. SIGNAL,MIXED CLOTHING,No,POSSIBLE INJURY,39.09087417,-77.15379283,"(39.09087417, -77.15379283)"
DD5595003T,170500400,Rockville Police Departme,Injury Crash,04/04/2017 06:17:00 PM,Municipality,E MIDDLE LA,Municipality,MONROE ST,,ROCKVILLE,PEDESTRIAN,OTHER,CLEAR,DRY,DAYLIGHT,OTHER,NONE DETECTED,NONE DETECTED,3B0DA91C-E5AB-449D-B6C4-7083ECD25DEC,PEDESTRIAN,Cross/Enter at Intersection,NO IMPROPER ACTIONS,ON ROADWAY AT CROSSWALK,NO PED. SIGNAL,MIXED CLOTHING,No,POSSIBLE INJURY,39.08516617,-77.14921633,"(39.08516617, -77.14921633)"
MCP1378007H,15045278,MONTGOMERY,Injury Crash,09/08/2015 11:44:00 AM,,,,,PARKING LOT OF 18310 MONTGOMERY VILLAGE AVE,,PEDESTRIAN,SINGLE VEHICLE,CLEAR,,DAYLIGHT,N/A,NONE DETECTED,NONE DETECTED,7C338032-0C51-4C48-8751-03C38DFE06D5,PEDESTRIAN,Other,DART DASH,OTHER,N/A,DARK CLOTHING,Yes,POSSIBLE INJURY,39.15738,-77.20676167,"(39.15738, -77.20676167)"
MCP25120028,16049778,Montgomery County Police,Injury Crash,09/27/2016 07:51:00 PM,Maryland (State),CLOPPER RD,Municipality,FIRSTFIELD RD,,GAITHERSBURG,PEDESTRIAN,STRAIGHT MOVEMENT ANGLE,CLEAR,DRY,DARK LIGHTS ON,NO CONTROLS,NONE DETECTED,NONE DETECTED,EF466B02-FF12-4FBE-B53A-392BB3E62146,PEDESTRIAN,Cross/Enter not at Intersection,FAILURE TO YIELD RIGHT OF WAY,ON ROADWAY NOT AT CROSSWALK,NO PED. SIGNAL,DARK CLOTHING,Yes,SUSPECTED MINOR INJURY,39.144595,-77.22561167,"(39.144595, -77.22561167)"
MCP3050000C,17007929,Montgomery County Police,Injury Crash,02/13/2017 07:00:00 PM,Other Public Roadway,GLENMONT CIR #1,Other Public Roadway,GLENMONT CIR #2,,N/A,PEDESTRIAN,SINGLE VEHICLE,OTHER,DRY,DARK LIGHTS ON,NO CONTROLS,NONE DETECTED,NONE DETECTED,F7531DBE-B5E8-4670-85B6-3417AA1C3E26,PEDESTRIAN,Other,NO IMPROPER ACTIONS,OTHER,NO PED. SIGNAL,MIXED CLOTHING,No,NO APPARENT INJURY,39.05893754,-77.04736322,"(39.05893754, -77.04736322)"
MCP2845002Y,170518812,Montgomery County Police,Injury Crash,07/13/2017 08:20:00 AM,County,LORAIN AVE,Maryland (State),UNIVERSITY BLVD W,,N/A,BICYCLIST,STRAIGHT MOVEMENT ANGLE,CLEAR,DRY,DAYLIGHT,STOP SIGN,NONE DETECTED,NONE DETECTED,C9B522B3-9DD6-46C2-A517-0AFF5BCF3C02,BICYCLIST,Cross/Enter at Intersection,DART DASH,SIDEWALK,NO PED. SIGNAL,DARK CLOTHING,Yes,SUSPECTED MINOR INJURY,39.02186833,-77.01506333,"(39.02186833, -77.01506333)"
MCP9133000F,15050126,MONTGOMERY,Injury Crash,10/03/2015 01:13:00 PM,,,,,Parking Lot of 20510 Frederick Rd,,PEDESTRIAN,SINGLE VEHICLE,CLEAR,,DAYLIGHT,N/A,NONE DETECTED,NONE DETECTED,BC2E8A54-C863-4F62-885A-88C02352AA63,PEDESTRIAN,Standing,NO IMPROPER ACTIONS,OTHER,N/A,N/A,No,SUSPECTED MINOR INJURY,39.19242167,-77.24277333,"(39.19242167, -77.24277333)"
MCP2712001F,17000094,Montgomery County Police,Injury Crash,01/01/2017 12:02:00 PM,Maryland (State),NEW HAMPSHIRE AVE,Unknown,ENT TO WHITE OAK SHOPPING CENTER,,N/A,PEDESTRIAN,OTHER,CLEAR,DRY,DAYLIGHT,STOP SIGN,NONE DETECTED,NONE DETECTED,DE54AC36-C656-4E20-8CFA-2FA6B0FE51AE,PEDESTRIAN,Cross/Enter at Intersection,NO IMPROPER ACTIONS,ON ROADWAY AT CROSSWALK,NO PED. SIGNAL,MIXED CLOTHING,No,POSSIBLE INJURY,39.04091754,-76.99099258,"(39.04091754, -76.99099258)"
MCP13660064,170502538,Montgomery County Police,Injury Crash,04/17/2017 07:25:00 AM,County,CRABBS BRANCH WAY,County,REDLAND RD,,N/A,PEDESTRIAN,SINGLE VEHICLE,CLOUDY,DRY,DAYLIGHT,TRAFFIC SIGNAL,NONE DETECTED,NONE DETECTED,4D153426-C241-422C-93D9-121652736A22,PEDESTRIAN,Cross/Enter at Intersection,NO IMPROPER ACTIONS,ON ROADWAY AT CROSSWALK,OBEYED PED. SIGNAL,MIXED CLOTHING,No,SUSPECTED MINOR INJURY,39.12081,-77.158815,"(39.12081, -77.158815)"
MCP2846001M,16010641,MONTGOMERY,Injury Crash,03/03/2016 02:49:00 PM,,,,,LOWER LEVEL PARKING LOT MACYS,,PEDESTRIAN,HEAD ON LEFT TURN,CLEAR,,DAYLIGHT,OTHER,NONE DETECTED,NONE DETECTED,2DD75FE3-4C78-4E71-8320-11B5BEDD234C,PEDESTRIAN,Cross/Enter at Intersection,NO IMPROPER ACTIONS,ON ROADWAY AT CROSSWALK,NO PED. SIGNAL,LIGHT CLOTHING,No,POSSIBLE INJURY,39.03802,-77.05494667,"(39.03802, -77.05494667)"
MCP2982000S,16010869,MONTGOMERY,Injury Crash,03/04/2016 06:28:00 PM,County,FENTON ST,County,WAYNE AVE,,N/A,PEDESTRIAN,SINGLE VEHICLE,CLEAR,DRY,DARK LIGHTS ON,NO CONTROLS,NONE DETECTED,NONE DETECTED,324EAB86-20DF-46F1-B04C-2E9046D98DD8,PEDESTRIAN,Cross/Enter at Intersection,NO IMPROPER ACTIONS,ON ROADWAY AT CROSSWALK,NO PED. SIGNAL,LIGHT CLOTHING,No,SUSPECTED MINOR INJURY,38.99610696,-77.02476025,"(38.99610696, -77.02476025)"
DD55020032,17015029,Rockville Police Departme,Injury Crash,03/24/2017 10:23:00 AM,Municipality,BEALL AVE #2,Maryland (State),HUNGERFORD DR,,N/A,PEDESTRIAN,OTHER,RAINING,WET,DAYLIGHT,TRAFFIC SIGNAL,NONE DETECTED,NONE DETECTED,31707E75-5632-4C54-88D5-A970910B089E,PEDESTRIAN,Cross/Enter at Intersection,NO IMPROPER ACTIONS,ON ROADWAY AT CROSSWALK,OBEYED PED. SIGNAL,MIXED CLOTHING,No,SUSPECTED MINOR INJURY,39.08728167,-77.150345,"(39.08728167, -77.150345)"
MCP9381001Q,15047073,MONTGOMERY,Injury Crash,09/17/2015 11:29:00 AM,County,ELM ST,County,WOODMONT AVE,,N/A,BICYCLIST,OTHER,N/A,DRY,DAYLIGHT,TRAFFIC SIGNAL,NONE DETECTED,N/A,06CC8820-0CD0-46D5-8D85-62F8A93107B1,BICYCLIST,Cross/Enter at Intersection,NO IMPROPER ACTIONS,AT INTERSECTION BUT NO CROSSWALK,N/A,N/A,No,POSSIBLE INJURY,38.99564167,-77.07490333,"(38.99564167, -77.07490333)"
MCP2396001T,16064162,Montgomery County Police,Injury Crash,12/14/2016 01:27:00 PM,,,,,"IN DRIVEWAY OF 13118 HATHAWAY DRIVE, SILVER SPRING, MD 20906",,PEDESTRIAN,OTHER,CLEAR,,DAYLIGHT,NO CONTROLS,NONE DETECTED,NONE DETECTED,79610F54-96FC-4DF0-BA4E-C0BD0DAF65B8,PEDESTRIAN,Playing,NOT VISIBLE,OTHER,N/A,MIXED CLOTHING,Yes,SUSPECTED MINOR INJURY,39.0711569,-77.05742687,"(39.0711569, -77.05742687)"
MCP2940000R,16038562,Montgomery County Police,Injury Crash,07/30/2016 12:49:00 PM,Maryland (State),CONNECTICUT AVE,Maryland (State),PLYERS MILL RD,,N/A,BICYCLIST,OTHER,CLOUDY,DRY,DAYLIGHT,TRAFFIC SIGNAL,NONE DETECTED,NONE DETECTED,E90327B9-193B-44B5-9C0B-D6540A58EE4B,BICYCLIST,Cross/Enter at Intersection,NO IMPROPER ACTIONS,AT INTERSECTION MARKED CROSSWALK,OBEYED PED. SIGNAL,N/A,No,SUSPECTED MINOR INJURY,39.029875,-77.07635833,"(39.029875, -77.07635833)"
MCP2740001X,16024977,Montgomery County Police,Injury Crash,05/19/2016 09:40:00 PM,Maryland (State),PINEY BRANCH RD,Maryland (State),UNIVERSITY BLVD E,,N/A,PEDESTRIAN,SINGLE VEHICLE,CLEAR,DRY,DARK LIGHTS ON,TRAFFIC SIGNAL,NONE DETECTED,NONE DETECTED,501AE1CA-F78D-4753-91DE-50893635737E,PEDESTRIAN,Cross/Enter at Intersection,NO IMPROPER ACTIONS,ON ROADWAY AT CROSSWALK,OBEYED PED. SIGNAL,MIXED CLOTHING,No,SUSPECTED MINOR INJURY,38.9996788,-76.99525595,"(38.9996788, -76.99525595)"
MCP2330000T,17012076,Montgomery County Police,Injury Crash,03/07/2017 07:18:00 PM,Maryland (State),GEORGIA AVE,County,PLYERS MILL RD,,N/A,PEDESTRIAN,OTHER,RAINING,WET,DARK NO LIGHTS,TRAFFIC SIGNAL,NONE DETECTED,NONE DETECTED,60712B9A-34E7-4F24-90C4-6F25ED6750E1,PEDESTRIAN,Cross/Enter at Intersection,NO IMPROPER ACTIONS,ON ROADWAY AT CROSSWALK,OBEYED PED. SIGNAL,DARK CLOTHING,No,POSSIBLE INJURY,39.03002749,-77.04771996,"(39.03002749, -77.04771996)"
DD5538001V,16049874,Rockville Police Departme,Injury Crash,09/28/2016 09:00:00 AM,Maryland (State),ROCKVILLE PIKE,Municipality,TALBOTT ST,,ROCKVILLE,BICYCLIST,SAME DIRECTION RIGHT TURN,CLOUDY,DRY,DAYLIGHT,NO CONTROLS,NONE DETECTED,NONE DETECTED,57616C88-27D9-4C4C-AE9D-758308552616,BICYCLIST,Walking/Cycling on Sidewalk,NO IMPROPER ACTIONS,SIDEWALK,NO PED. SIGNAL,MIXED CLOTHING,No,POSSIBLE INJURY,39.07325486,-77.13445991,"(39.07325486, -77.13445991)"
MCP05390027,16039408,Montgomery County Police,Injury Crash,08/04/2016 08:26:00 AM,County,OREBAUGH AVE,County,ARCOLA AVE,,N/A,BICYCLIST,HEAD ON LEFT TURN,CLEAR,DRY,DAYLIGHT,NO CONTROLS,NONE DETECTED,NONE DETECTED,B41EA458-8ED1-4E6C-A6C7-623B30EB172E,BICYCLIST,Cross/Enter at Intersection,OTHER,ON ROADWAY AT CROSSWALK,NO PED. SIGNAL,MIXED CLOTHING,No,SUSPECTED SERIOUS INJURY,39.12033667,-77.09731833,"(39.12033667, -77.09731833)"
MCP2919001F,16020556,Montgomery County Police,Property Damage Crash,04/26/2016 12:49:00 PM,Maryland (State),GEORGIA AVE,County,CORWIN DR,,N/A,OTHER,OTHER,CLEAR,DRY,DAYLIGHT,NO CONTROLS,NONE DETECTED,NONE DETECTED,FEEBCBA3-8092-40B9-A768-FFA070C3C26B,OTHER,N/A,OTHER,INSIDE BUILDING,N/A,N/A,Yes,NO APPARENT INJURY,39.00801309,-77.03996971,"(39.00801309, -77.03996971)"
MCP2608001G,16028022,Montgomery County Police,Injury Crash,06/07/2016 02:21:00 PM,County,EASTWOOD AVE,County,MOUNTAIN QUAIL RD,,N/A,BICYCLIST,HEAD ON,CLEAR,DRY,DAYLIGHT,NO CONTROLS,N/A,NONE DETECTED,BA2ACCF5-539A-443B-BB0A-7D19F8B1CDA4,BICYCLIST,Playing,UNKNOWN,CURB,UNKNOWN,LIGHT CLOTHING,No,POSSIBLE INJURY,39.02641863,-77.01171398,"(39.02641863, -77.01171398)"
MCP2710001C,16059651,Montgomery County Police,Injury Crash,11/19/2016 05:40:00 PM,County,GOSHEN RD,Maryland (State),MIDCOUNTY HWY,,N/A,PEDESTRIAN,OTHER,RAINING,WET,DARK NO LIGHTS,N/A,NONE DETECTED,NONE DETECTED,758B50BC-C9F1-40E7-877D-0A8B506732E8,PEDESTRIAN,Cross/Enter not at Intersection,DART DASH,ON ROADWAY NOT AT CROSSWALK,N/A,DARK CLOTHING,Yes,POSSIBLE INJURY,39.15700667,-77.19197167,"(39.15700667, -77.19197167)"
MCP2889001N,16046757,Montgomery County Police,Injury Crash,09/12/2016 03:40:00 PM,Maryland (State),GEORGIA AVE,Maryland (State),UNIVERSITY BLVD W,,N/A,PEDESTRIAN,SINGLE VEHICLE,N/A,N/A,DAYLIGHT,N/A,NONE DETECTED,NONE DETECTED,B4B73ECE-AFEF-42BE-AC68-970D5ADC3F09,PEDESTRIAN,Cross/Enter not at Intersection,FAILURE TO YIELD RIGHT OF WAY,ON ROADWAY NOT AT CROSSWALK,N/A,LIGHT CLOTHING,Yes,POSSIBLE INJURY,39.04182333,-77.05241167,"(39.04182333, -77.05241167)"
MCP2831001B,16037694,Montgomery County Police,Injury Crash,07/25/2016 02:10:00 PM,County,RICKENBACKER DR,Maryland (State),WOODFIELD RD,,N/A,PEDESTRIAN,N/A,CLEAR,DRY,DAYLIGHT,TRAFFIC SIGNAL,UNKNOWN,N/A,F056BD6E-90E2-44E9-AB6A-5D02F47444F3,PEDESTRIAN,Cross/Enter at Intersection,NO IMPROPER ACTIONS,ON ROADWAY AT CROSSWALK,OBEYED PED. SIGNAL,LIGHT CLOTHING,No,SUSPECTED MINOR INJURY,39.17230934,-77.15269089,"(39.17230934, -77.15269089)"
MCP3018000H,17011232,Montgomery County Police,Injury Crash,03/03/2017 05:35:00 AM,,BEL PRE RD,,SUN VALLEY CIR,,N/A,PEDESTRIAN,OTHER,OTHER,WET,DARK LIGHTS ON,NO CONTROLS,NONE DETECTED,NONE DETECTED,5F454389-13C8-4CE6-8DED-A3601D644F72,PEDESTRIAN,Cross/Enter not at Intersection,FAILURE TO YIELD RIGHT OF WAY,ON ROADWAY NOT AT CROSSWALK,NO PED. SIGNAL,DARK CLOTHING,Yes,POSSIBLE INJURY,39.09050051,-77.04785943,"(39.09050051, -77.04785943)"
DD56120006,17007723,Rockville Police Departme,Injury Crash,02/12/2017 06:21:00 PM,Maryland (State),E JEFFERSON ST,Municipality,MONROE ST,,ROCKVILLE,PEDESTRIAN,SINGLE VEHICLE,CLEAR,DRY,DARK LIGHTS ON,TRAFFIC SIGNAL,NONE DETECTED,UNKNOWN,BB91F50E-3442-4584-ABAD-87AEE51CB93F,PEDESTRIAN,Cross/Enter at Intersection,FAILURE TO OBEY TRAFFIC SIGNS SIGNALS OR OFFICER,AT INTERSECTION MARKED CROSSWALK,DISOBEYED PED. SIGNAL,MIXED CLOTHING,Yes,SUSPECTED MINOR INJURY,39.08196045,-77.14913964,"(39.08196045, -77.14913964)"
MCP2046006W,170510819,Montgomery County Police,Injury Crash,05/31/2017 07:20:00 AM,County,DENNIS AVE,County,ROYALTON RD,,N/A,PEDESTRIAN,STRAIGHT MOVEMENT ANGLE,CLOUDY,WET,DAYLIGHT,NO CONTROLS,NONE DETECTED,NONE DETECTED,00585223-14D1-4513-AEDD-56F688689028,PEDESTRIAN,Cross/Enter not at Intersection,IN ROADWAY IMPROPERLY,ON ROADWAY NOT AT CROSSWALK,NO PED. SIGNAL,UNKNOWN,Yes,POSSIBLE INJURY,39.02742088,-77.01719239,"(39.02742088, -77.01719239)"
MCP2770001B,16055350,Montgomery County Police,Injury Crash,10/27/2016 11:00:00 AM,County,SHADY GROVE RD,County,BRIARDALE RD,,N/A,PEDESTRIAN,OTHER,CLOUDY,N/A,DAYLIGHT,TRAFFIC SIGNAL,N/A,N/A,821C5D67-1D1D-497C-9B70-733960989313,PEDESTRIAN,Other,OTHER,ON ROADWAY NOT AT CROSSWALK,OTHER,N/A,Unknown,SUSPECTED MINOR INJURY,39.13375951,-77.15832889,"(39.13375951, -77.15832889)"
MCP271700B3,17012468,Montgomery County Police,Injury Crash,03/09/2017 04:45:00 PM,Maryland (State),NEW HAMPSHIRE AVE,County,OAKVIEW DR,,N/A,PEDESTRIAN,OTHER,CLEAR,DRY,DAYLIGHT,TRAFFIC SIGNAL,NONE DETECTED,NONE DETECTED,283C8502-1ECD-472A-9D3C-46ABCA2D91AB,PEDESTRIAN,Cross/Enter at Intersection,NO IMPROPER ACTIONS,ON ROADWAY AT CROSSWALK,OBEYED PED. SIGNAL,MIXED CLOTHING,No,SUSPECTED MINOR INJURY,39.01515533,-76.9780485,"(39.01515533, -76.9780485)"
MCP26900011,15038336,MONTGOMERY,Property Damage Crash,08/02/2015 06:17:00 PM,,,,,"Parking lot of 12015 Georgia Ave. Silver Spring, MD 20902 (H Mart)",,PEDESTRIAN,SINGLE VEHICLE,CLEAR,,DAYLIGHT,NO CONTROLS,NONE DETECTED,NONE DETECTED,BCA93E48-00E8-4CE8-ACB4-6BCCC537B183,PEDESTRIAN,Other,NO IMPROPER ACTIONS,OTHER,NO PED. SIGNAL,DARK CLOTHING,No,NO APPARENT INJURY,39.052185,-77.05019832,"(39.052185, -77.05019832)"
MCP2565002G,15065549,Montgomery County Police,Injury Crash,12/22/2015 05:15:00 PM,Maryland (State),OLD GEORGETOWN RD,County,TILDEN LA,,N/A,PEDESTRIAN,SINGLE VEHICLE,RAINING,WET,DARK LIGHTS ON,TRAFFIC SIGNAL,NONE DETECTED,NONE DETECTED,3FE115DE-8FB9-4197-9979-66DF6C3522A0,PEDESTRIAN,Cross/Enter at Intersection,NO IMPROPER ACTIONS,AT INTERSECTION MARKED CROSSWALK,OBEYED PED. SIGNAL,DARK CLOTHING,No,SUSPECTED MINOR INJURY,39.04474491,-77.12067738,"(39.04474491, -77.12067738)"
MCP26370015,16058857,Montgomery County Police,Injury Crash,11/15/2016 02:33:00 PM,County,OWENS GLEN WAY,County,OWENS GLEN TERR,,N/A,OTHER,SINGLE VEHICLE,N/A,DRY,DAYLIGHT,NO CONTROLS,,NONE DETECTED,51CF42EB-0614-4E4C-918A-D61E2E0CAD8C,OTHER,Other,OTHER,OTHER,N/A,N/A,Yes,POSSIBLE INJURY,39.11015333,-77.24271333,"(39.11015333, -77.24271333)"
MCP2290000J,17012018,Montgomery County Police,Injury Crash,03/07/2017 02:05:00 PM,County,CRABBS BRANCH WAY,County,INDIANOLA DR,,N/A,PEDESTRIAN,SINGLE VEHICLE,CLEAR,DRY,DAYLIGHT,TRAFFIC SIGNAL,NONE DETECTED,NONE DETECTED,54677785-90AA-4647-8F2A-C237DA8DA9B3,PEDESTRIAN,Cross/Enter at Intersection,NO IMPROPER ACTIONS,ON ROADWAY AT CROSSWALK,OBEYED PED. SIGNAL,MIXED CLOTHING,No,POSSIBLE INJURY,39.11474513,-77.15701059,"(39.11474513, -77.15701059)"