Report Number,Local Case Number,Agency Name,ACRS Report Type,Crash Date/Time,Route Type,Road Name,Cross-Street Type,Cross-Street Name,Off-Road Description,Municipality,Related Non-Motorist,Collision Type,Weather,Surface Condition,Light,Traffic Control,Driver Substance Abuse,Non-Motorist Substance Abuse,Person ID,Pedestrian Type,Pedestrian Movement,Pedestrian Actions,Pedestrian Location,Pedestrian Obeyed Traffic Signal,Pedestrian Visibility,At Fault,Injury Severity,Latitude,Longitude,Location
DD56050038,17008304,Rockville Police Departme,Injury Crash,02/15/2017 07:49:00 PM,County,SHADY GROVE RD,Municipality,FALLSGROVE BLVD,,ROCKVILLE,PEDESTRIAN,OTHER,CLEAR,DRY,DARK LIGHTS ON,OTHER,NONE DETECTED,NONE DETECTED,804CEEDC-D86B-4747-B706-CBD6751AB020,PEDESTRIAN,Cross/Enter not at Intersection,FAILURE TO YIELD RIGHT OF WAY,OUTSIDE RIGHT OF WAY,DISOBEYED PED. SIGNAL,DARK CLOTHING,Yes,POSSIBLE INJURY,39.09768883,-77.19250517,"(39.09768883, -77.19250517)"
MCP25970015,15003230,Montgomery County Police,Injury Crash,01/20/2015 05:46:00 PM,County,WAYNE AVE,County,RAMSEY AVE,,N/A,PEDESTRIAN,OTHER,CLEAR,DRY,DARK LIGHTS ON,TRAFFIC SIGNAL,NONE DETECTED,ALCOHOL PRESENT,D40E853D-4DD8-4833-9A6A-E4358E0384D7,PEDESTRIAN,Cross/Enter at Intersection,IN ROADWAY IMPROPERLY,ON ROADWAY NOT AT CROSSWALK,DISOBEYED PED. SIGNAL,DARK CLOTHING,,SUSPECTED MINOR INJURY,38.99450598,-77.02920198,"(38.99450598, -77.02920198)"
DD5508002D,16047169,Rockville Police Departme,Injury Crash,09/14/2016 05:05:00 PM,County,SOUTHLAWN LA,County,E GUDE DR,,N/A,BICYCLIST,STRAIGHT MOVEMENT ANGLE,CLEAR,DRY,DAYLIGHT,TRAFFIC SIGNAL,NONE DETECTED,NONE DETECTED,1C26C7F5-4078-40A0-8032-FB0622D4E31E,BICYCLIST,Cross/Enter at Intersection,NO IMPROPER ACTIONS,ON ROADWAY AT CROSSWALK,OBEYED PED. SIGNAL,MIXED CLOTHING,No,POSSIBLE INJURY,39.09735,-77.13649167,"(39.09735, -77.13649167)"
MCP2909001B,17012671,Montgomery County Police,Injury Crash,03/10/2017 04:31:00 PM,,,,,PARKING LOT 6930 ARLINGTON RD,,PEDESTRIAN,SINGLE VEHICLE,N/A,,DAYLIGHT,NO CONTROLS,NONE DETECTED,N/A,36A344A9-BC2F-461E-9B73-8A14771F0AFD,PEDESTRIAN,Other,NO IMPROPER ACTIONS,OTHER,N/A,DARK CLOTHING,No,SUSPECTED MINOR INJURY,38.97935327,-77.09904671,"(38.97935327, -77.09904671)"
MCP24370015,15054551,MONTGOMERY,Injury Crash,10/27/2015 03:48:00 PM,County,LIVINGSTON ST,County,TERRAPIN RD,,N/A,PEDESTRIAN,SINGLE VEHICLE,CLOUDY,DRY,DAYLIGHT,NO CONTROLS,NONE DETECTED,NONE DETECTED,25FFAC2F-5BBD-4CA0-A206-24DDE78AACE5,PEDESTRIAN,Playing,DART DASH,ON ROADWAY NOT AT CROSSWALK,NO PED. SIGNAL,MIXED CLOTHING,Yes,SUSPECTED MINOR INJURY,39.06034833,-77.05446833,"(39.06034833, -77.05446833)"
MCP2008002J,16040174,Montgomery County Police,Injury Crash,08/08/2016 03:07:00 PM,County,CORDELL AVE,County,WOODMONT AVE,,N/A,PEDESTRIAN,OTHER,N/A,DRY,DAYLIGHT,N/A,UNKNOWN,NONE DETECTED,653E79CC-6353-4AEC-A084-9E499EB5CBB7,PEDESTRIAN,Cross/Enter not at Intersection,IN ROADWAY IMPROPERLY,ON ROADWAY NOT AT CROSSWALK,NO PED. SIGNAL,MIXED CLOTHING,No,SUSPECTED MINOR INJURY,38.99047667,-77.09696167,"(38.99047667, -77.09696167)"
MCP12130019,16002825,Montgomery County Police,Injury Crash,01/15/2016 03:15:00 PM,County,RANDOLPH RD,County,HEURICH RD,,N/A,PEDESTRIAN,STRAIGHT MOVEMENT ANGLE,CLEAR,DRY,DAYLIGHT,NO CONTROLS,UNKNOWN,NONE DETECTED,6D0FB5A6-09E6-4A13-9187-001F2770AEAB,PEDESTRIAN,Cross/Enter at Intersection,NO IMPROPER ACTIONS,ON ROADWAY AT CROSSWALK,NO PED. SIGNAL,DARK CLOTHING,No,SUSPECTED MINOR INJURY,39.062695,-77.04191833,"(39.062695, -77.04191833)"
MCP2761001N,17015808,Montgomery County Police,Property Damage Crash,03/28/2017 03:36:00 PM,County,LIBERTY MILL RD,Maryland (State),CLOPPER RD,,N/A,PEDESTRIAN,OTHER,CLEAR,DRY,DAYLIGHT,NO CONTROLS,NONE DETECTED,NONE DETECTED,6E139837-1842-456C-9781-A8E8FF0FE2A5,PEDESTRIAN,Standing,NO IMPROPER ACTIONS,OTHER,N/A,LIGHT CLOTHING,No,NO APPARENT INJURY,39.16219969,-77.28107482,"(39.16219969, -77.28107482)"
DD5614001T,17000330,Rockville Police Departme,Injury Crash,01/03/2017 07:35:00 AM,Municipality,WOOTTON PKWY,Other Public Roadway,PAULSBORO DR,,N/A,PEDESTRIAN,STRAIGHT MOVEMENT ANGLE,RAINING,WET,DAWN,N/A,NONE DETECTED,NONE DETECTED,CC75B347-83DE-44F0-ACD4-EFB06DF72020,PEDESTRIAN,Walking to/from school,NO IMPROPER ACTIONS,AT INTERSECTION MARKED CROSSWALK,NO PED. SIGNAL,MIXED CLOTHING,No,POSSIBLE INJURY,39.07759833,-77.18217333,"(39.07759833, -77.18217333)"
MCP2961000V,15064766,MONTGOMERY,Injury Crash,12/18/2015 05:00:00 PM,Maryland (State),CONNECTICUT AVE,County,RANDOLPH RD,,N/A,PEDESTRIAN,SINGLE VEHICLE,N/A,DRY,DARK LIGHTS ON,NO CONTROLS,N/A,N/A,63B84238-CCF9-4925-982C-15C5E8FD96E9,PEDESTRIAN,Cross/Enter at Intersection,FAILURE TO YIELD RIGHT OF WAY,ON ROADWAY NOT AT CROSSWALK,NO PED. SIGNAL,DARK CLOTHING,Unknown,SUSPECTED MINOR INJURY,39.0565611,-77.07360595,"(39.0565611, -77.07360595)"
MCP15690008,15066152,MONTGOMERY,Property Damage Crash,12/25/2015 04:56:00 PM,County,TRAVILLE  GATEWAY DR,County,SHADY GROVE RD,,N/A,PEDESTRIAN,OTHER,RAINING,WET,DARK LIGHTS ON,NO CONTROLS,N/A,N/A,7F089091-6AF0-48CA-8802-2761FD753EE5,PEDESTRIAN,Cross/Enter not at Intersection,IN ROADWAY IMPROPERLY,ON ROADWAY NOT AT CROSSWALK,N/A,LIGHT CLOTHING,Yes,NO APPARENT INJURY,39.09135333,-77.204255,"(39.09135333, -77.204255)"
MCP2961001S,17005654,Montgomery County Police,Injury Crash,02/01/2017 06:20:00 PM,,,,,PARKING LOT ENTRANCE LOCATED AT 2424 UNIVERSITY BLVD W,,PEDESTRIAN,OTHER,N/A,,DARK LIGHTS ON,NO CONTROLS,UNKNOWN,NONE DETECTED,0039A590-D2C1-41B5-808A-69F7B3C1DDB0,PEDESTRIAN,Walking/Cycling on Sidewalk,NO IMPROPER ACTIONS,SIDEWALK,NO PED. SIGNAL,MIXED CLOTHING,No,POSSIBLE INJURY,39.04144668,-77.05142811,"(39.04144668, -77.05142811)"
DD56190005,16019567,Rockville Police Departme,Injury Crash,04/21/2016 07:51:00 AM,Municipality,MARTINS LA,Municipality,N WASHINGTON ST,,ROCKVILLE,BICYCLIST,SINGLE VEHICLE,CLEAR,DRY,DAYLIGHT,TRAFFIC SIGNAL,NONE DETECTED,NONE DETECTED,ADAE4B91-826C-49E4-B037-81E3C6BC6F88,BICYCLIST,Cross/Enter at Intersection,NO IMPROPER ACTIONS,AT INTERSECTION MARKED CROSSWALK,OBEYED PED. SIGNAL,LIGHT CLOTHING,No,POSSIBLE INJURY,39.09064,-77.15372833,"(39.09064, -77.15372833)"
MCP26080012,15043981,MONTGOMERY,Injury Crash,09/01/2015 05:33:00 PM,Maryland (State),GEORGIA AVE,County,AUGUST DR,,N/A,PEDESTRIAN,STRAIGHT MOVEMENT ANGLE,CLEAR,DRY,DAYLIGHT,TRAFFIC SIGNAL,NONE DETECTED,NONE DETECTED,8C3A2386-E400-48E8-944D-C0D1611E0D13,PEDESTRIAN,Cross/Enter at Intersection,NO IMPROPER ACTIONS,ON ROADWAY AT CROSSWALK,OBEYED PED. SIGNAL,MIXED CLOTHING,No,POSSIBLE INJURY,39.02128167,-77.04459667,"(39.02128167, -77.04459667)"
MCP2470000X,16000073,Montgomery County Police,Injury Crash,01/01/2016 05:28:00 AM,Maryland (State),MUNCASTER MILL RD,Unknown,SNOW CREEK DR,,N/A,PEDESTRIAN,OTHER,CLEAR,DRY,DARK NO LIGHTS,NO CONTROLS,NONE DETECTED,ALCOHOL PRESENT,F87BCCCC-CDB9-4665-9641-CF544F3D492A,PEDESTRIAN,Standing,IN ROADWAY IMPROPERLY,ON ROADWAY NOT AT CROSSWALK,NO PED. SIGNAL,DARK CLOTHING,Yes,SUSPECTED SERIOUS INJURY,39.152605,-77.15181167,"(39.152605, -77.15181167)"
MCP1212000S,16049295,Montgomery County Police,Injury Crash,09/25/2016 09:34:00 AM,Maryland (State),LAYTONSVILLE RD,Maryland (State),DAMASCUS RD,,N/A,BICYCLIST,ANGLE MEETS LEFT TURN,N/A,DRY,DAYLIGHT,STOP SIGN,UNKNOWN,N/A,5BF820E6-A322-4176-9B80-A240649A780A,BICYCLIST,Walking/Riding w/Traffic,NO IMPROPER ACTIONS,SHOULDER,N/A,N/A,No,SUSPECTED MINOR INJURY,39.276787,-77.16084,"(39.276787, -77.16084)"
MCP15310006,16024201,Montgomery County Police,Injury Crash,05/15/2016 09:02:00 PM,Maryland (State),WILSON LA,Maryland (State),RIVER RD,,N/A,PEDESTRIAN,SINGLE VEHICLE,CLEAR,DRY,DARK LIGHTS ON,TRAFFIC SIGNAL,,NONE DETECTED,D334EEB5-0D56-4A95-9592-47E2492F5A8E,PEDESTRIAN,Standing,OTHER,ON ROADWAY NOT AT CROSSWALK,N/A,N/A,Yes,SUSPECTED MINOR INJURY,39.37427667,-77.29101333,"(39.37427667, -77.29101333)"
MCP2890000R,15052280,MONTGOMERY,Injury Crash,10/14/2015 11:33:00 PM,County,MIDDLEBROOK RD,Maryland (State),FREDERICK RD,,N/A,PEDESTRIAN,SINGLE VEHICLE,CLEAR,DRY,DARK NO LIGHTS,NO CONTROLS,NONE DETECTED,NONE DETECTED,4EF7F2F6-5EB7-47BA-8EB1-E251B17E9611,PEDESTRIAN,Cross/Enter not at Intersection,DART DASH,ON ROADWAY NOT AT CROSSWALK,NO PED. SIGNAL,UNKNOWN,Yes,SUSPECTED SERIOUS INJURY,39.18172167,-77.23669,"(39.18172167, -77.23669)"
MCP28740024,170506089,Montgomery County Police,Injury Crash,05/05/2017 03:51:00 PM,County,AMHERST AVE,County,EVANS PKWY,,N/A,PEDESTRIAN,SINGLE VEHICLE,CLOUDY,DRY,DAYLIGHT,OTHER,NONE DETECTED,NONE DETECTED,E9853992-2AB6-4C93-9E34-3C094F53C594,PEDESTRIAN,Cross/Enter at Intersection,NO IMPROPER ACTIONS,ON ROADWAY AT CROSSWALK,OTHER,LIGHT CLOTHING,No,POSSIBLE INJURY,39.04309667,-77.047665,"(39.04309667, -77.047665)"
MCP2055000L,15035859,MONTGOMERY,Property Damage Crash,07/22/2015 09:30:00 AM,,,,,"Abandoned Auto Parking lot, 305 Metropolitan Grove Road Gaithersburg MD 20878",,OTHER,N/A,CLEAR,,DAYLIGHT,N/A,,NONE DETECTED,49FEAB0B-73F1-4ED5-9E4C-FCA3BB30CD99,OTHER,Push/Work on Vehicle,NO IMPROPER ACTIONS,N/A,NO PED. SIGNAL,N/A,Yes,NO APPARENT INJURY,39.14896648,-77.22641945,"(39.14896648, -77.22641945)"
DD5582000Z,16027886,Rockville Police Departme,Property Damage Crash,06/03/2016 09:35:00 PM,,,,,ENTRANCE/EXIT FROM CONGRESSIONAL NORTH PLAZA,,PEDESTRIAN,OTHER,CLOUDY,,DARK LIGHTS ON,NO CONTROLS,N/A,N/A,A5638D90-0743-4421-9C20-15D55FA39A87,PEDESTRIAN,Cross/Enter at Intersection,NO IMPROPER ACTIONS,DRIVEWAY ACCESS MARKED CROSSWALK,NO PED. SIGNAL,MIXED CLOTHING,No,NO APPARENT INJURY,39.06377,-77.12707167,"(39.06377, -77.12707167)"
MCP2260001P,170506649,Montgomery County Police,Injury Crash,05/08/2017 04:53:00 PM,County,HUNTERS LA,County,RANDOLPH RD,,N/A,BICYCLIST,OTHER,N/A,DRY,DUSK,N/A,NONE DETECTED,N/A,1BEF9CB9-4725-4200-A202-90D27387981B,BICYCLIST,Other,UNKNOWN,ON ROADWAY AT CROSSWALK,NO PED. SIGNAL,MIXED CLOTHING,No,POSSIBLE INJURY,39.05365167,-77.099125,"(39.05365167, -77.099125)"
DD5614000J,16017902,Rockville Police Departme,Injury Crash,04/12/2016 03:40:00 PM,Maryland (State),ROCKVILLE PIKE,Municipality,WOOTTON PKWY,,ROCKVILLE,BICYCLIST,STRAIGHT MOVEMENT ANGLE,CLEAR,DRY,DAYLIGHT,NO CONTROLS,NONE DETECTED,NONE DETECTED,5501E3B2-8913-4C41-A5CA-B40C49BA344C,BICYCLIST,Walking/Cycling on Sidewalk,NO IMPROPER ACTIONS,SIDEWALK,NO PED. SIGNAL,LIGHT CLOTHING,No,SUSPECTED MINOR INJURY,39.07647,-77.13926,"(39.07647, -77.13926)"
MCP1151005F,16053496,Montgomery County Police,Injury Crash,10/18/2016 08:10:00 AM,Maryland (State),FREDERICK RD,County,RUNNING BROOK DR,,N/A,BICYCLIST,HEAD ON LEFT TURN,CLEAR,DRY,DAYLIGHT,NO CONTROLS,NONE DETECTED,NONE DETECTED,8D15013E-E403-4B1C-9A1F-54AB6996C8EE,BICYCLIST,Walking/Riding w/Traffic,FAILURE TO YIELD RIGHT OF WAY,SHOULDER,N/A,MIXED CLOTHING,Yes,SUSPECTED MINOR INJURY,39.22517167,-77.26275333,"(39.22517167, -77.26275333)"
MCP1170001R,170503352,Montgomery County Police,Injury Crash,04/21/2017 01:13:00 PM,,,,,PARKING LOT OF 13827 OUTLET DRIVE,,PEDESTRIAN,OTHER,CLEAR,,DAYLIGHT,NO CONTROLS,UNKNOWN,NONE DETECTED,24BA7FE5-B5C5-495C-A47C-555A0FE7D7B0,PEDESTRIAN,Other,NO IMPROPER ACTIONS,OTHER,N/A,MIXED CLOTHING,No,SUSPECTED MINOR INJURY,39.08218948,-76.94643974,"(39.08218948, -76.94643974)"
MCP11480015,16009387,Montgomery County Police,Injury Crash,02/25/2016 10:11:00 AM,County,EDGEMOOR LA,Maryland (State),OLD GEORGETOWN RD,,N/A,PEDESTRIAN,SINGLE VEHICLE,CLOUDY,DRY,DAYLIGHT,STOP SIGN,NONE DETECTED,NONE DETECTED,1A36AB37-3CAA-4488-B449-C327CACB3CEC,PEDESTRIAN,Cross/Enter at Intersection,NO IMPROPER ACTIONS,ON ROADWAY AT CROSSWALK,NO PED. SIGNAL,LIGHT CLOTHING,No,SUSPECTED SERIOUS INJURY,38.98464333,-77.09586667,"(38.98464333, -77.09586667)"
DD56200006,16058258,Rockville Police Departme,Injury Crash,11/11/2016 07:52:00 PM,Maryland (State),E JEFFERSON ST,Municipality,MONROE ST,,ROCKVILLE,PEDESTRIAN,OTHER,CLEAR,DRY,DARK LIGHTS ON,TRAFFIC SIGNAL,NONE DETECTED,NONE DETECTED,E105D145-85D5-4D36-9BE1-75242B8D5C7A,PEDESTRIAN,Cross/Enter at Intersection,NO IMPROPER ACTIONS,AT INTERSECTION MARKED CROSSWALK,OBEYED PED. SIGNAL,DARK CLOTHING,No,SUSPECTED MINOR INJURY,39.08189382,-77.14920402,"(39.08189382, -77.14920402)"
MCP28820025,170529585,Montgomery County Police,Injury Crash,09/09/2017 12:30:00 PM,Municipality,SCHOOL DR,County,MUDDY BRANCH RD,,N/A,PEDESTRIAN,SINGLE VEHICLE,CLEAR,DRY,DAYLIGHT,STOP SIGN,UNKNOWN,NONE DETECTED,6E8CB83B-A39D-4DF6-AFA2-3EBFFF49FCC1,PEDESTRIAN,Cross/Enter at Intersection,NO IMPROPER ACTIONS,AT INTERSECTION MARKED CROSSWALK,NO PED. SIGNAL,REFLECTIVE MATERIAL,No,SUSPECTED MINOR INJURY,39.11765599,-77.21704245,"(39.11765599, -77.21704245)"
MCP10220046,16009028,Montgomery County Police,Injury Crash,02/23/2016 10:09:00 AM,Maryland (State),GERMANTOWN RD,County,CRYSTAL ROCK DR,,N/A,PEDESTRIAN,SINGLE VEHICLE,RAINING,WET,DAYLIGHT,TRAFFIC SIGNAL,NONE DETECTED,NONE DETECTED,086B24E4-8070-4559-8201-79C806FCCC22,PEDESTRIAN,Cross/Enter at Intersection,IN ROADWAY IMPROPERLY,AT INTERSECTION BUT NO CROSSWALK,NO PED. SIGNAL,MIXED CLOTHING,Yes,SUSPECTED SERIOUS INJURY,39.18114333,-77.26191833,"(39.18114333, -77.26191833)"
MCP1505000C,15006635,Montgomery County Police,Injury Crash,02/09/2015 08:32:00 PM,County,RIDGE RD,County,OBSERVATION DR,,N/A,PEDESTRIAN,SINGLE VEHICLE,WINTRY MIX,WET,DARK LIGHTS ON,TRAFFIC SIGNAL,N/A,N/A,6BA3E2D6-7FA3-4E24-8157-6E903DB4A9B6,PEDESTRIAN,Cross/Enter at Intersection,DART DASH,ON ROADWAY AT CROSSWALK,DISOBEYED PED. SIGNAL,DARK CLOTHING,,SUSPECTED MINOR INJURY,39.201185,-77.253145,"(39.201185, -77.253145)"
DD5595004C,170516151,Rockville Police Departme,Injury Crash,06/28/2017 07:48:00 AM,Municipality,E MIDDLE LA,Municipality,MONROE ST,,ROCKVILLE,PEDESTRIAN,SINGLE VEHICLE,CLEAR,DRY,DAYLIGHT,OTHER,NONE DETECTED,NONE DETECTED,E528197E-1AB6-48F5-8A0D-E59768D89E9E,PEDESTRIAN,Cross/Enter at Intersection,NO IMPROPER ACTIONS,ON ROADWAY AT CROSSWALK,NO PED. SIGNAL,DARK CLOTHING,No,SUSPECTED MINOR INJURY,39.0853365,-77.14972233,"(39.0853365, -77.14972233)"
MCP0942001D,170530718,Montgomery County Police,Injury Crash,09/15/2017 09:31:00 AM,County,WOODMONT AVE,County,EDGEMOOR LA,,N/A,BICYCLIST,OTHER,CLEAR,DRY,DAYLIGHT,TRAFFIC SIGNAL,NONE DETECTED,NONE DETECTED,F3F6AA34-D9BB-4141-8300-E2D11A0CC1FD,BICYCLIST,Cross/Enter at Intersection,NO IMPROPER ACTIONS,ON ROADWAY NOT AT CROSSWALK,OBEYED PED. SIGNAL,DARK CLOTHING,No,SUSPECTED MINOR INJURY,38.984935,-77.0967,"(38.984935, -77.0967)"
MCP2047001V,170530957,Montgomery County Police,Injury Crash,09/16/2017 01:10:00 PM,Maryland (State),S FREDERICK RD,Municipality,W DEER PARK RD,,GAITHERSBURG,PEDESTRIAN,SINGLE VEHICLE,CLOUDY,DRY,DAYLIGHT,TRAFFIC SIGNAL,N/A,NONE DETECTED,973071FE-690E-47B5-B004-380920FF771C,PEDESTRIAN,Other,NO IMPROPER ACTIONS,AT INTERSECTION BUT NO CROSSWALK,N/A,LIGHT CLOTHING,No,SUSPECTED MINOR INJURY,39.13209923,-77.18896508,"(39.13209923, -77.18896508)"
MCP26370013,16056842,Montgomery County Police,Injury Crash,11/04/2016 08:49:00 AM,County,CAVANAUGH DR,County,PINEY MEETINGHOUSE RD,,N/A,PEDESTRIAN,OTHER,CLEAR,DRY,DAYLIGHT,NO CONTROLS,NONE DETECTED,NONE DETECTED,A5B7931D-8B7C-4DDC-BAA7-C46DE49A1624,PEDESTRIAN,Unknown,UNKNOWN,ON ROADWAY NOT AT CROSSWALK,N/A,MIXED CLOTHING,Yes,POSSIBLE INJURY,39.08221,-77.216605,"(39.08221, -77.216605)"
HA23300007,15000703,Maryland-National Capital,Injury Crash,07/06/2015 10:11:00 AM,Maryland (State),UNIVERSITY BLVD W,Government,SLIGO CREEK PKWY,,N/A,PEDESTRIAN,OTHER,CLEAR,DRY,DAYLIGHT,TRAFFIC SIGNAL,NONE DETECTED,NONE DETECTED,43B919F3-198F-4AAB-B2D9-18797A218B3F,PEDESTRIAN,Other,OTHER,OTHER,OTHER,DARK CLOTHING,Yes,SUSPECTED MINOR INJURY,39.07366167,-77.00741167,"(39.07366167, -77.00741167)"
MCP2370002X,17012425,Montgomery County Police,Injury Crash,03/09/2017 01:23:00 PM,,,,,"2121 INDUSTRIAL PARKWAY
SILVER SPRING,MD",,PEDESTRIAN,SAME DIR REAR END,CLEAR,,DAYLIGHT,NO CONTROLS,NONE DETECTED,NONE DETECTED,BEFCDDB8-E28B-437F-9839-64C95A77BE64,PEDESTRIAN,Other,N/A,OTHER,NO PED. SIGNAL,DARK CLOTHING,No,POSSIBLE INJURY,39.05101855,-76.9972086,"(39.05101855, -76.9972086)"
MCP29710020,16061109,Montgomery County Police,Injury Crash,11/28/2016 06:24:00 PM,,,,,"PARKING LOT OF 15618 OLD COLUMBIA PIKE, GIANT",,PEDESTRIAN,OTHER,N/A,,DARK LIGHTS ON,STOP SIGN,NONE DETECTED,NONE DETECTED,366DFBE2-23E7-44F3-89FC-D4906260D3BA,PEDESTRIAN,Cross/Enter not at Intersection,INATTENTIVE,ON ROADWAY NOT AT CROSSWALK,NO PED. SIGNAL,DARK CLOTHING,Unknown,POSSIBLE INJURY,39.11252666,-76.93456292,"(39.11252666, -76.93456292)"
MCP2866003Z,170525191,Montgomery County Police,Injury Crash,08/16/2017 05:40:00 PM,Maryland (State),OLD GEORGETOWN RD,County,BATTERY LA,,N/A,BICYCLIST,STRAIGHT MOVEMENT ANGLE,CLEAR,DRY,DAYLIGHT,TRAFFIC SIGNAL,NONE DETECTED,NONE DETECTED,C4C4A38D-B951-4599-B8C1-27F9683C26F8,BICYCLIST,Walking/Riding against Traffic,WRONG WAY RIDING OR WALKING,AT INTERSECTION MARKED CROSSWALK,OBEYED PED. SIGNAL,MIXED CLOTHING,Yes,POSSIBLE INJURY,38.99046667,-77.10370833,"(38.99046667, -77.10370833)"
DD5594000P,15004227,Rockville Police Departme,Injury Crash,01/26/2015 06:25:00 PM,Municipality,MONROE ST,Maryland (State),E JEFFERSON ST,,N/A,PEDESTRIAN,OTHER,SNOW,WET,DARK LIGHTS ON,TRAFFIC SIGNAL,NONE DETECTED,NONE DETECTED,B323E55E-FC12-48F0-94E8-D1747624025D,PEDESTRIAN,Cross/Enter at Intersection,NO IMPROPER ACTIONS,ON ROADWAY AT CROSSWALK,OBEYED PED. SIGNAL,MIXED CLOTHING,,POSSIBLE INJURY,39.082715,-77.15589167,"(39.082715, -77.15589167)"
MCP2963000X,16064726,Montgomery County Police,Injury Crash,12/17/2016 01:42:00 PM,US (State),GEORGIA AVE,County,THAYER AVE,,N/A,PEDESTRIAN,SINGLE VEHICLE,WINTRY MIX,ICE,DAYLIGHT,TRAFFIC SIGNAL,NONE DETECTED,NONE DETECTED,57D179FB-2BC3-4981-A27C-B14CA803D05A,PEDESTRIAN,Cross/Enter at Intersection,NO IMPROPER ACTIONS,ON ROADWAY AT CROSSWALK,OBEYED PED. SIGNAL,DARK CLOTHING,No,SUSPECTED MINOR INJURY,38.99273333,-77.026605,"(38.99273333, -77.026605)"
MCP28790010,16019873,Montgomery County Police,Injury Crash,04/22/2016 07:05:00 PM,County,REDLAND RD,County,CRABBS BRANCH WAY,,N/A,PEDESTRIAN,N/A,CLEAR,DRY,DAYLIGHT,TRAFFIC SIGNAL,NONE DETECTED,NONE DETECTED,F44FA641-0B63-4F9D-A433-E6BFAC290A08,PEDESTRIAN,Cross/Enter at Intersection,NO IMPROPER ACTIONS,AT INTERSECTION MARKED CROSSWALK,OBEYED PED. SIGNAL,MIXED CLOTHING,No,SUSPECTED MINOR INJURY,39.12080667,-77.15868,"(39.12080667, -77.15868)"
DD5603003J,16064126,Rockville Police Departme,Injury Crash,12/14/2016 09:15:00 AM,,,,,1600 BLK OF YALE PLACE (RESIDENTIAL PARKING LOT),,PEDESTRIAN,OTHER,CLEAR,,DAYLIGHT,NO CONTROLS,UNKNOWN,NONE DETECTED,20CD2DF7-BC07-4849-9FCF-821A4D3351D7,PEDESTRIAN,Walking to/from school,NO IMPROPER ACTIONS,OTHER,NO PED. SIGNAL,DARK CLOTHING,No,POSSIBLE INJURY,39.10448361,-77.16208801,"(39.10448361, -77.16208801)"
MCP2728001Y,16003687,Montgomery County Police,Injury Crash,01/20/2016 06:21:00 PM,Maryland (State),NEW HAMPSHIRE AVE,County,OAKVIEW DR,,N/A,PEDESTRIAN,OTHER,CLEAR,DRY,DARK LIGHTS ON,TRAFFIC SIGNAL,NONE DETECTED,NONE DETECTED,60FDA365-807F-4FD4-B160-0FDAA730D4F7,PEDESTRIAN,Cross/Enter at Intersection,NO IMPROPER ACTIONS,ON ROADWAY AT CROSSWALK,OBEYED PED. SIGNAL,DARK CLOTHING,No,POSSIBLE INJURY,39.015665,-76.977605,"(39.015665, -76.977605)"
MCP29660038,170528869,Montgomery County Police,Injury Crash,09/05/2017 07:30:00 PM,Maryland (State),GEORGIA AVE,County,HEATHFIELD RD,,N/A,PEDESTRIAN,OTHER,RAINING,WET,DARK -- UNKNOWN LIGHTING,NO CONTROLS,NONE DETECTED,NONE DETECTED,9462ADC1-0426-405E-8356-50A5BA05B34F,PEDESTRIAN,Cross/Enter at Intersection,DART DASH,AT INTERSECTION BUT NO CROSSWALK,NO PED. SIGNAL,N/A,Yes,SUSPECTED SERIOUS INJURY,39.08765,-77.07965833,"(39.08765, -77.07965833)"
MCP9419000G,16000419,Montgomery County Police,Injury Crash,01/03/2016 02:18:00 PM,,,,,PARKING LOT OF SAFEWAY   2010 VEIRS MILL RD,,PEDESTRIAN,SINGLE VEHICLE,CLEAR,,DAYLIGHT,NO CONTROLS,NONE DETECTED,NONE DETECTED,E292DE5F-D970-4F26-B8FC-F4E147672C7D,PEDESTRIAN,Other,NO IMPROPER ACTIONS,SIDEWALK,N/A,DARK CLOTHING,No,POSSIBLE INJURY,39.07601803,-77.11702824,"(39.07601803, -77.11702824)"
MCP2675001D,17007959,Montgomery County Police,Injury Crash,02/13/2017 09:49:00 PM,County,REEDIE DR,Maryland (State),GEORGIA AVE,,N/A,PEDESTRIAN,SINGLE VEHICLE,CLEAR,DRY,DARK LIGHTS ON,TRAFFIC SIGNAL,NONE DETECTED,NONE DETECTED,24F2D624-4838-4284-8D49-6E15F8AAD356,PEDESTRIAN,Cross/Enter at Intersection,NO IMPROPER ACTIONS,AT INTERSECTION MARKED CROSSWALK,OBEYED PED. SIGNAL,MIXED CLOTHING,No,SUSPECTED MINOR INJURY,39.03864883,-77.05099359,"(39.03864883, -77.05099359)"
EJ7829001R,15063391,GAITHERSBURG,Injury Crash,12/11/2015 06:50:00 PM,Municipality,W DEER PARK RD,Municipality,DUVALL LA,,GAITHERSBURG,PEDESTRIAN,SINGLE VEHICLE,CLEAR,DRY,DARK LIGHTS ON,STOP SIGN,NONE DETECTED,NONE DETECTED,F7888C59-A21D-404F-9A30-868A47C1F47B,PEDESTRIAN,Cross/Enter at Intersection,IN ROADWAY IMPROPERLY,AT INTERSECTION BUT NO CROSSWALK,N/A,DARK CLOTHING,Yes,SUSPECTED MINOR INJURY,39.12748,-77.19744,"(39.12748, -77.19744)"