Report Number,Local Case Number,Agency Name,ACRS Report Type,Crash Date/Time,Route Type,Road Name,Cross-Street Type,Cross-Street Name,Off-Road Description,Municipality,Related Non-Motorist,Collision Type,Weather,Surface Condition,Light,Traffic Control,Driver Substance Abuse,Non-Motorist Substance Abuse,Person ID,Pedestrian Type,Pedestrian Movement,Pedestrian Actions,Pedestrian Location,Pedestrian Obeyed Traffic Signal,Pedestrian Visibility,At Fault,Injury Severity,Latitude,Longitude,Location
MCP26770014,170515744,Montgomery County Police,Injury Crash,06/25/2017 10:02:00 PM,County,SCENERY DR,Maryland (State),FREDERICK RD,,N/A,BICYCLIST,STRAIGHT MOVEMENT ANGLE,CLEAR,N/A,DARK LIGHTS ON,STOP SIGN,N/A,N/A,414711DB-89F7-4029-B5C0-CEAFD309EA00,BICYCLIST,Cross/Enter at Intersection,IN ROADWAY IMPROPERLY,AT INTERSECTION MARKED CROSSWALK,DISOBEYED PED. SIGNAL,MIXED CLOTHING,Yes,SUSPECTED MINOR INJURY,39.17546992,-77.23792076,"(39.17546992, -77.23792076)"
MCP2695000T,16042284,Montgomery County Police,Injury Crash,08/20/2016 12:40:00 PM,Maryland (State),NEW HAMPSHIRE AVE,County,ADELPHI RD,,N/A,PEDESTRIAN,OTHER,CLEAR,DRY,DAYLIGHT,TRAFFIC SIGNAL,N/A,N/A,7060BB8F-8823-4688-90BA-F920971E4602,PEDESTRIAN,Cross/Enter at Intersection,NO IMPROPER ACTIONS,ON ROADWAY AT CROSSWALK,OBEYED PED. SIGNAL,N/A,No,POSSIBLE INJURY,39.01136446,-76.97909832,"(39.01136446, -76.97909832)"
MCP1251000T,16021786,Montgomery County Police,Injury Crash,05/03/2016 09:04:00 AM,County,MACARTHUR BLVD,Government,CLARA BARTON PKWY,,N/A,BICYCLIST,SINGLE VEHICLE,CLOUDY,WET,DAYLIGHT,TRAFFIC SIGNAL,NONE DETECTED,NONE DETECTED,8ACB5DDB-41E2-4659-ACE1-89E7E4D4281D,BICYCLIST,Cross/Enter at Intersection,NO IMPROPER ACTIONS,IN BIKEWAY,NO PED. SIGNAL,MIXED CLOTHING,No,SUSPECTED MINOR INJURY,38.96449763,-77.13603973,"(38.96449763, -77.13603973)"
MCP2192001F,15051944,MONTGOMERY,Injury Crash,10/13/2015 01:44:00 PM,US (State),GEORGIA AVE,County,KING ST,,N/A,PEDESTRIAN,OTHER,CLEAR,DRY,DAYLIGHT,N/A,NONE DETECTED,N/A,A3ACB0B2-0234-489D-9CE6-29182B421064,PEDESTRIAN,Cross/Enter not at Intersection,INATTENTIVE,OUTSIDE RIGHT OF WAY,N/A,MIXED CLOTHING,Yes,POSSIBLE INJURY,38.98628167,-77.02696833,"(38.98628167, -77.02696833)"
MCP3051000G,170528034,Montgomery County Police,Injury Crash,08/31/2017 06:17:00 PM,County,FERNWOOD RD,County,ROCKLEDGE DR,,N/A,BICYCLIST,OTHER,CLEAR,DRY,DAYLIGHT,TRAFFIC SIGNAL,UNKNOWN,UNKNOWN,3AB014C4-9B15-4A74-A4A1-403C68163E72,BICYCLIST,Walking/Riding w/Traffic,UNKNOWN,SHOULDER,UNKNOWN,UNKNOWN,Unknown,POSSIBLE INJURY,39.02619359,-77.13882923,"(39.02619359, -77.13882923)"
MCP137800BN,16040533,Montgomery County Police,Injury Crash,08/10/2016 01:50:00 PM,County,SNOUFFERS SCHOOL RD,County,BONANZA WAY,,N/A,PEDESTRIAN,SINGLE VEHICLE,CLOUDY,DRY,DAYLIGHT,N/A,NONE DETECTED,UNKNOWN,FFF76577-61B8-4AD0-9045-6A02DA98E246,PEDESTRIAN,Standing,OTHER,ON ROADWAY NOT AT CROSSWALK,N/A,REFLECTIVE MATERIAL,No,SUSPECTED SERIOUS INJURY,39.16663333,-77.17156333,"(39.16663333, -77.17156333)"
MCP20770016,16039435,Montgomery County Police,Injury Crash,08/04/2016 12:40:00 PM,County,RANDOLPH RD,Maryland (State),VEIRS MILL RD,,N/A,BICYCLIST,SAME DIR REAR END,CLOUDY,DRY,DAYLIGHT,NO CONTROLS,NONE DETECTED,NONE DETECTED,E966D925-2154-43DD-8D58-5C3F18698209,BICYCLIST,Walking/Riding w/Traffic,NO IMPROPER ACTIONS,OTHER,N/A,DARK CLOTHING,No,POSSIBLE INJURY,39.05607,-77.08310167,"(39.05607, -77.08310167)"
MCP2952003C,170502566,Montgomery County Police,Injury Crash,04/17/2017 10:41:00 AM,,,,,"ON SECOND FLOOR OF COUNTY PARKING GARAGE LOCATED AT 7726 FENTON STREET, SILVER SPRING MARYLAND 20910",,PEDESTRIAN,OTHER,N/A,,DAYLIGHT,N/A,NONE DETECTED,NONE DETECTED,A03DC75A-6485-4879-9E08-15D1F3258473,PEDESTRIAN,Other,UNKNOWN,OTHER,N/A,DARK CLOTHING,No,SUSPECTED MINOR INJURY,38.98648333,-77.02318333,"(38.98648333, -77.02318333)"
MCP28300032,170513777,Montgomery County Police,Injury Crash,06/15/2017 07:01:00 AM,Maryland (State),NEW HAMPSHIRE AVE,County,SPOTSWOOD DR,,N/A,BICYCLIST,STRAIGHT MOVEMENT ANGLE,N/A,DRY,DAYLIGHT,STOP SIGN,NONE DETECTED,NONE DETECTED,59072437-095F-4F8D-9F09-3F206A4FAAA6,BICYCLIST,Cross/Enter at Intersection,FAILURE TO YIELD RIGHT OF WAY,SHOULDER,N/A,LIGHT CLOTHING,Yes,SUSPECTED MINOR INJURY,39.11898,-76.98926167,"(39.11898, -76.98926167)"
MCP2351000T,16049336,Montgomery County Police,Injury Crash,09/25/2016 02:20:00 PM,County,RANDOLPH RD,County,PARKLAWN DR,,N/A,PEDESTRIAN,OTHER,CLEAR,DRY,DAYLIGHT,OTHER,,NONE DETECTED,C1AAE386-641A-403B-BA01-39CF52D7BD94,PEDESTRIAN,Other,ENTERING EXITING PARKED STANDING VEHICLE,MIDBLOCK MARKED CROSSWALK,OTHER,OTHER,Yes,POSSIBLE INJURY,39.05361179,-77.10564762,"(39.05361179, -77.10564762)"
MCP2923002F,17004482,Montgomery County Police,Injury Crash,01/26/2017 06:59:00 AM,County,ARCOLA AVE,Maryland (State),GEORGIA AVE,,N/A,BICYCLIST,OTHER,CLOUDY,DRY,DARK LIGHTS ON,FLASHING TRAFFIC SIGNAL,NONE DETECTED,NONE DETECTED,663618DF-3A43-4448-9CD6-95A957A65B08,BICYCLIST,Cross/Enter at Intersection,NO IMPROPER ACTIONS,ON ROADWAY AT CROSSWALK,OBEYED PED. SIGNAL,DARK CLOTHING,No,POSSIBLE INJURY,39.04694,-77.05190333,"(39.04694, -77.05190333)"
EJ7846001W,16064241,Gaithersburg Police Depar,Injury Crash,12/14/2016 07:18:00 PM,Municipality,RIO BLVD,Unknown,ROUNDABOUT,,N/A,PEDESTRIAN,STRAIGHT MOVEMENT ANGLE,CLEAR,DRY,DARK LIGHTS ON,STOP SIGN,NONE DETECTED,NONE DETECTED,BC9E73D2-550A-4800-9A21-C264ACEDF32D,PEDESTRIAN,Cross/Enter at Intersection,NO IMPROPER ACTIONS,AT INTERSECTION MARKED CROSSWALK,NO PED. SIGNAL,MIXED CLOTHING,No,POSSIBLE INJURY,39.18248667,-77.24255167,"(39.18248667, -77.24255167)"
MCP2774001G,15057231,MONTGOMERY,Injury Crash,11/10/2015 05:34:00 AM,Maryland (State),EAST WEST HWY,Maryland (State),COLESVILLE RD,,N/A,PEDESTRIAN,N/A,RAINING,WET,DARK LIGHTS ON,TRAFFIC SIGNAL,NONE DETECTED,N/A,977A32E2-2588-4465-91E8-867BFFB7BD43,PEDESTRIAN,Cross/Enter at Intersection,NO IMPROPER ACTIONS,AT INTERSECTION MARKED CROSSWALK,OBEYED PED. SIGNAL,DARK CLOTHING,No,SUSPECTED MINOR INJURY,38.99418,-77.03288167,"(38.99418, -77.03288167)"
MCP20080044,170523208,Montgomery County Police,Injury Crash,08/05/2017 04:34:00 PM,,,,,"PARKING LOT OF 
6301 RIVER RD",,PEDESTRIAN,OTHER,CLEAR,,DAYLIGHT,N/A,NONE DETECTED,NONE DETECTED,4C8DB713-3960-4E4D-9A56-066D032F3552,PEDESTRIAN,Other,NO IMPROPER ACTIONS,OTHER,N/A,LIGHT CLOTHING,No,NO APPARENT INJURY,38.97602667,-77.12599833,"(38.97602667, -77.12599833)"
MCP25150008,15059340,MONTGOMERY,Injury Crash,11/20/2015 04:30:00 PM,County,BARTON MANOR LA,Maryland (State),OLNEY LAYTONSVILLE RD,,N/A,PEDESTRIAN,N/A,CLEAR,DRY,DAYLIGHT,STOP SIGN,NONE DETECTED,NONE DETECTED,7FAB2C91-94CB-4D0C-8A8D-59432FD2E655,PEDESTRIAN,Standing,INATTENTIVE,ON ROADWAY NOT AT CROSSWALK,N/A,MIXED CLOTHING,No,SUSPECTED MINOR INJURY,39.20126667,-77.136455,"(39.20126667, -77.136455)"
MCP13660042,16002287,Montgomery County Police,Injury Crash,01/13/2016 06:55:00 AM,Maryland (State),ROCKVILLE PIKE,Municipality,HALPINE RD,,ROCKVILLE,PEDESTRIAN,SINGLE VEHICLE,CLEAR,DRY,DARK LIGHTS ON,TRAFFIC SIGNAL,NONE DETECTED,NONE DETECTED,ED457798-7874-4AF6-8C2F-75EC13A2855E,PEDESTRIAN,Cross/Enter at Intersection,NO IMPROPER ACTIONS,AT INTERSECTION MARKED CROSSWALK,OBEYED PED. SIGNAL,MIXED CLOTHING,No,SUSPECTED SERIOUS INJURY,39.06215333,-77.12398333,"(39.06215333, -77.12398333)"
MCP2043000K,16034690,Montgomery County Police,Injury Crash,07/08/2016 10:08:00 PM,County,WATKINS MILL RD,County,CLUB LAKE RD,,N/A,BICYCLIST,STRAIGHT MOVEMENT ANGLE,CLEAR,DRY,DARK LIGHTS ON,N/A,NONE DETECTED,NONE DETECTED,1E11571E-9967-4AC7-9F98-9ADF527550BC,BICYCLIST,Cross/Enter at Intersection,OTHER,AT INTERSECTION BUT NO CROSSWALK,NO PED. SIGNAL,N/A,No,POSSIBLE INJURY,39.176935,-77.209675,"(39.176935, -77.209675)"
MCP29420021,16058920,Montgomery County Police,Injury Crash,11/15/2016 05:00:00 PM,,,,,PARKING LOT OF 5601 RIVER RD,,PEDESTRIAN,SINGLE VEHICLE,CLEAR,,DARK LIGHTS ON,N/A,NONE DETECTED,NONE DETECTED,4244226D-5659-434E-94DF-9434FED3330C,PEDESTRIAN,Other Working,NO IMPROPER ACTIONS,OTHER,N/A,DARK CLOTHING,No,POSSIBLE INJURY,38.97077833,-77.11158,"(38.97077833, -77.11158)"
MCP91060017,17011090,Montgomery County Police,Injury Crash,03/02/2017 12:53:00 PM,County,WATERS RD,County,WISTERIA DR,,N/A,PEDESTRIAN,SINGLE VEHICLE,N/A,DRY,DAYLIGHT,YIELD SIGN,UNKNOWN,NONE DETECTED,708AB888-21A4-438D-9347-EBD93806BB62,PEDESTRIAN,Cross/Enter at Intersection,NO IMPROPER ACTIONS,ON ROADWAY AT CROSSWALK,NO PED. SIGNAL,MIXED CLOTHING,No,POSSIBLE INJURY,39.17818,-77.27308167,"(39.17818, -77.27308167)"
MCP2820002C,16040495,Montgomery County Police,Injury Crash,08/10/2016 08:54:00 AM,Maryland (State),GEORGIA AVE,County,ASPEN HILL RD,,N/A,BICYCLIST,STRAIGHT MOVEMENT ANGLE,CLEAR,N/A,DAYLIGHT,NO CONTROLS,UNKNOWN,NONE DETECTED,90485684-4F65-44C9-9AF3-A1F1E080ABCE,BICYCLIST,Walking/Riding w/Traffic,NO IMPROPER ACTIONS,ON ROADWAY NOT AT CROSSWALK,N/A,OTHER,No,POSSIBLE INJURY,39.07884147,-77.07236409,"(39.07884147, -77.07236409)"
MCP2790000V,16002885,Montgomery County Police,Injury Crash,01/15/2016 08:40:00 PM,County,GERMANTOWN RD,Unknown,SHAKESPEARE BLVD,,N/A,PEDESTRIAN,SINGLE VEHICLE,RAINING,WET,DARK NO LIGHTS,N/A,NONE DETECTED,NONE DETECTED,721001E5-A29D-42ED-A78A-15D03E5DE345,PEDESTRIAN,Cross/Enter at Intersection,NO IMPROPER ACTIONS,AT INTERSECTION MARKED CROSSWALK,NO PED. SIGNAL,DARK CLOTHING,No,SUSPECTED MINOR INJURY,39.183875,-77.26271833,"(39.183875, -77.26271833)"
MCP2690001B,16011767,MONTGOMERY,Injury Crash,03/09/2016 07:11:00 PM,County,SHADY GROVE RD,County,EPSILON DR,,N/A,PEDESTRIAN,SINGLE VEHICLE,CLEAR,DRY,DARK LIGHTS ON,TRAFFIC SIGNAL,NONE DETECTED,NONE DETECTED,7FA0C343-FB82-471E-B117-BAED52162760,PEDESTRIAN,Cross/Enter at Intersection,NO IMPROPER ACTIONS,ON ROADWAY AT CROSSWALK,OBEYED PED. SIGNAL,DARK CLOTHING,No,SUSPECTED MINOR INJURY,39.13842,-77.15335833,"(39.13842, -77.15335833)"
MCP2796002C,15056537,MONTGOMERY,Injury Crash,11/06/2015 11:15:00 AM,,,,,"Parking lot in front of entrance to Best Buy located at 10901 Georgia Avenue, Silver Spring",,PEDESTRIAN,SINGLE VEHICLE,CLEAR,,DAYLIGHT,N/A,UNKNOWN,NONE DETECTED,83ABAFF8-23B0-45CC-819C-6D05504C3CE6,PEDESTRIAN,Other,NO IMPROPER ACTIONS,OTHER,N/A,MIXED CLOTHING,No,SUSPECTED MINOR INJURY,39.03438333,-77.04835667,"(39.03438333, -77.04835667)"
MCP2712000M,15046182,MONTGOMERY,Injury Crash,09/12/2015 02:22:00 PM,US (State),COLUMBIA PIKE,Unknown,EXIT #16 (MD 200),,N/A,PEDESTRIAN,SAME DIR REAR END,RAINING,WET,DAYLIGHT,N/A,NONE DETECTED,NONE DETECTED,E1D726D1-B558-4DC6-BF57-454F9A8EDE17,PEDESTRIAN,Standing,DISABLED VEHICLE RELATED,OTHER,NO PED. SIGNAL,MIXED CLOTHING,No,POSSIBLE INJURY,39.07899167,-76.95193667,"(39.07899167, -76.95193667)"
MCP1174000Y,15036273,MONTGOMERY,Injury Crash,07/23/2015 09:56:00 AM,Maryland (State),OLD GEORGETOWN RD,County,CORDELL AVE,,N/A,PEDESTRIAN,SINGLE VEHICLE,CLEAR,DRY,DAYLIGHT,OTHER,NONE DETECTED,N/A,C81C50F9-5C55-42D8-8697-E50BFF21CF6E,PEDESTRIAN,Cross/Enter at Intersection,NO IMPROPER ACTIONS,ON ROADWAY AT CROSSWALK,OBEYED PED. SIGNAL,LIGHT CLOTHING,No,SUSPECTED MINOR INJURY,38.98785167,-77.09937333,"(38.98785167, -77.09937333)"
HA22800009,16001004,Maryland-National Capital,Injury Crash,08/08/2016 01:26:00 PM,Government,BEACH DR,Maryland (State),KNOWLES AVE,,N/A,BICYCLIST,SAME DIR REAR END,CLEAR,DRY,DAYLIGHT,NO CONTROLS,NONE DETECTED,NONE DETECTED,08C4C122-5F8D-47FB-9556-F4A9ADD7F958,BICYCLIST,Walking/Riding w/Traffic,NO IMPROPER ACTIONS,ON ROADWAY NOT AT CROSSWALK,N/A,LIGHT CLOTHING,No,SUSPECTED MINOR INJURY,39.03010333,-77.08701833,"(39.03010333, -77.08701833)"
MCP2559001G,16053346,Montgomery County Police,Fatal Crash,10/17/2016 11:28:00 AM,Government,LITTLE FALLS PKWY,County,ARLINGTON RD,,N/A,BICYCLIST,STRAIGHT MOVEMENT ANGLE,CLEAR,DRY,DAYLIGHT,OTHER,N/A,N/A,90F79E40-AFCC-4EDB-962E-D3A1CCA60003,BICYCLIST,Unknown,UNKNOWN,ON ROADWAY AT CROSSWALK,UNKNOWN,MIXED CLOTHING,Unknown,FATAL INJURY,38.97339908,-77.10130244,"(38.97339908, -77.10130244)"
MCP2967001F,16034961,Montgomery County Police,Injury Crash,07/10/2016 05:20:00 PM,County,RANDOLPH RD,County,NEBEL ST,,N/A,PEDESTRIAN,OTHER,CLEAR,DRY,DAYLIGHT,TRAFFIC SIGNAL,N/A,N/A,E6970159-E408-407C-AE5D-F83FBA8ADA72,PEDESTRIAN,Cross/Enter at Intersection,INATTENTIVE,SIDEWALK,UNKNOWN,DARK CLOTHING,Unknown,SUSPECTED MINOR INJURY,39.05333667,-77.11066333,"(39.05333667, -77.11066333)"
DD5522002B,15060186,ROCKVILLE,Injury Crash,11/24/2015 10:45:00 PM,Municipality,CABIN JOHN PKWY,Municipality,W LYNFIELD DR,,ROCKVILLE,PEDESTRIAN,OTHER,CLEAR,DRY,DARK LIGHTS ON,NO CONTROLS,NONE DETECTED,NONE DETECTED,5A854FC2-6E51-4175-9A0A-754BFAA32F2A,PEDESTRIAN,Walking/Riding w/Traffic,UNKNOWN,CURB,NO PED. SIGNAL,DARK CLOTHING,Yes,POSSIBLE INJURY,39.08370833,-77.15323167,"(39.08370833, -77.15323167)"
EJ78530026,17010779,Gaithersburg Police Depar,Injury Crash,02/28/2017 07:19:00 PM,Maryland (State),W DIAMOND AVE,Municipality,PERRY PKWY,,GAITHERSBURG,PEDESTRIAN,STRAIGHT MOVEMENT ANGLE,RAINING,WET,DARK LIGHTS ON,TRAFFIC SIGNAL,NONE DETECTED,NONE DETECTED,BDFA4C49-E52D-468A-A492-6C3E0C72C4A0,PEDESTRIAN,Cross/Enter at Intersection,FAILURE TO OBEY TRAFFIC SIGNS SIGNALS OR OFFICER,ON ROADWAY AT CROSSWALK,DISOBEYED PED. SIGNAL,OTHER,Yes,SUSPECTED MINOR INJURY,39.14040854,-77.20941827,"(39.14040854, -77.20941827)"
MCP2656001D,16051276,Montgomery County Police,Injury Crash,10/05/2016 08:49:00 PM,County,ROBEY RD,County,BRIGGS CHANEY RD,,N/A,PEDESTRIAN,N/A,CLEAR,DRY,DARK LIGHTS ON,NO CONTROLS,NONE DETECTED,NONE DETECTED,DC57CEE3-58F3-4C30-90CC-8C9AB0C34CB8,PEDESTRIAN,Cross/Enter at Intersection,NO IMPROPER ACTIONS,AT INTERSECTION MARKED CROSSWALK,NO PED. SIGNAL,N/A,No,NO APPARENT INJURY,39.07956333,-76.94503167,"(39.07956333, -76.94503167)"
EJ7781000P,16030830,Gaithersburg Police Depar,Injury Crash,06/18/2016 10:30:00 AM,County,QUINCE ORCHARD RD,Maryland (State),DARNESTOWN RD,,N/A,PEDESTRIAN,OTHER,CLEAR,DRY,DAYLIGHT,TRAFFIC SIGNAL,N/A,NONE DETECTED,9D769455-1D36-4F8A-A48B-E8743CAC27A4,PEDESTRIAN,Cross/Enter at Intersection,FAILURE TO OBEY TRAFFIC SIGNS SIGNALS OR OFFICER,ON ROADWAY AT CROSSWALK,DISOBEYED PED. SIGNAL,LIGHT CLOTHING,Yes,SUSPECTED SERIOUS INJURY,39.11792704,-77.25259647,"(39.11792704, -77.25259647)"
MCP2552001F,16064584,Montgomery County Police,Injury Crash,12/16/2016 06:17:00 PM,County,ARDENNES AVE,County,TWINBROOK PKWY,,N/A,PEDESTRIAN,OTHER,N/A,DRY,DARK LIGHTS ON,TRAFFIC SIGNAL,UNKNOWN,N/A,927B9850-1E15-472E-A060-E47B9D21DB65,PEDESTRIAN,Cross/Enter at Intersection,NO IMPROPER ACTIONS,ON ROADWAY AT CROSSWALK,OBEYED PED. SIGNAL,DARK CLOTHING,No,SUSPECTED MINOR INJURY,39.06375577,-77.1162504,"(39.06375577, -77.1162504)"
MCP23390024,17005423,Montgomery County Police,Injury Crash,01/31/2017 02:54:00 PM,Maryland (State),NEW HAMPSHIRE AVE,County,GOOD HOPE RD,,N/A,PEDESTRIAN,SINGLE VEHICLE,CLEAR,DRY,DAYLIGHT,TRAFFIC SIGNAL,NONE DETECTED,NONE DETECTED,37C6F7EA-DEFB-46CA-A42B-C6C60D7BE1B3,PEDESTRIAN,Cross/Enter at Intersection,NO IMPROPER ACTIONS,ON ROADWAY AT CROSSWALK,OBEYED PED. SIGNAL,MIXED CLOTHING,No,SUSPECTED MINOR INJURY,39.09610167,-77.00206167,"(39.09610167, -77.00206167)"
MCP3023000T,170516781,Montgomery County Police,Injury Crash,07/01/2017 10:15:00 AM,Maryland (State),NORBECK RD,County,WINTERGATE DR,,N/A,BICYCLIST,SAME DIRECTION SIDESWIPE,CLEAR,DRY,DAYLIGHT,TRAFFIC SIGNAL,NONE DETECTED,NONE DETECTED,1DF4569A-688B-435C-987E-A5732B0C5393,BICYCLIST,Cross/Enter at Intersection,N/A,IN BIKEWAY,OBEYED PED. SIGNAL,LIGHT CLOTHING,No,POSSIBLE INJURY,39.112255,-77.05907,"(39.112255, -77.05907)"
MCP2857001Y,170526713,Montgomery County Police,Injury Crash,08/24/2017 11:28:00 PM,Maryland (State),WOODFIELD RD,Maryland (State),MUNCASTER MILL RD,,N/A,PEDESTRIAN,SINGLE VEHICLE,RAINING,WET,DARK LIGHTS ON,TRAFFIC SIGNAL,NONE DETECTED,NONE DETECTED,4A333358-6408-4862-9967-B9D8FA615193,PEDESTRIAN,Cross/Enter at Intersection,IN ROADWAY IMPROPERLY,ON ROADWAY AT CROSSWALK,DISOBEYED PED. SIGNAL,DARK CLOTHING,Yes,SUSPECTED MINOR INJURY,39.15921167,-77.16006333,"(39.15921167, -77.16006333)"
EJ7826002C,170523488,Gaithersburg Police Depar,Injury Crash,08/07/2017 01:37:00 PM,County,LOST KNIFE RD,Other Public Roadway,ODENDHAL AVE,,N/A,PEDESTRIAN,OTHER,RAINING,WET,DAYLIGHT,NO CONTROLS,N/A,N/A,D66587A8-FBFF-4C69-BAE3-03917FA19271,PEDESTRIAN,Cross/Enter not at Intersection,NO IMPROPER ACTIONS,ON ROADWAY AT CROSSWALK,NO PED. SIGNAL,MIXED CLOTHING,No,POSSIBLE INJURY,39.15290833,-77.19897667,"(39.15290833, -77.19897667)"
MCP2971001G,16029634,Montgomery County Police,Injury Crash,06/12/2016 05:50:00 PM,,,,,"PARKING LOT CUT THROUGH OUTSIDE OF 11558 LOCKWOOD DRIVE, SILVER SPRING, MD 20904.",,PEDESTRIAN,OTHER,CLEAR,,DAYLIGHT,NO CONTROLS,"ALCOHOL PRESENT, NONE DETECTED",NONE DETECTED,E9A3ED80-C52B-41F7-8309-AB3ACC68F95A,PEDESTRIAN,Other,NO IMPROPER ACTIONS,SIDEWALK,NO PED. SIGNAL,LIGHT CLOTHING,No,SUSPECTED SERIOUS INJURY,39.04321117,-76.98358297,"(39.04321117, -76.98358297)"
MCP2773001B,15035200,MONTGOMERY,Property Damage Crash,07/17/2015 02:50:00 PM,,,,,parking lot of 7821 eastern avenue,,OTHER,SINGLE VEHICLE,CLEAR,,DAYLIGHT,NO CONTROLS,NONE DETECTED,NONE DETECTED,3F3021E1-8370-46B1-95EA-9C0E74FCC644,OTHER,Other,NO IMPROPER ACTIONS,INSIDE BUILDING,N/A,N/A,No,NO APPARENT INJURY,38.98522,-77.027395,"(38.98522, -77.027395)"
MCP2864001H,15065163,MONTGOMERY,Injury Crash,12/20/2015 07:34:00 PM,Maryland (State),ROCKVILLE PIKE,Municipality,HALPINE RD,,ROCKVILLE,PEDESTRIAN,OTHER,CLEAR,DRY,DARK LIGHTS ON,TRAFFIC SIGNAL,NONE DETECTED,NONE DETECTED,E8D5A850-15C1-405B-9CD7-7EDFA294EAC3,PEDESTRIAN,Cross/Enter at Intersection,NO IMPROPER ACTIONS,ON ROADWAY AT CROSSWALK,OBEYED PED. SIGNAL,MIXED CLOTHING,No,SUSPECTED MINOR INJURY,39.06229667,-77.1241,"(39.06229667, -77.1241)"
MCP2768000B,16021724,Montgomery County Police,Injury Crash,05/02/2016 10:00:00 PM,,,,,PARKING LOT,,PEDESTRIAN,OTHER,RAINING,,DARK LIGHTS ON,N/A,UNKNOWN,NONE DETECTED,80A344E5-5078-405D-930B-6BE83A06A249,PEDESTRIAN,Cross/Enter not at Intersection,INATTENTIVE,ON ROADWAY NOT AT CROSSWALK,NO PED. SIGNAL,MIXED CLOTHING,No,SUSPECTED MINOR INJURY,39.12399702,-77.20119596,"(39.12399702, -77.20119596)"
MCP9321000H,15051667,MONTGOMERY,Injury Crash,10/12/2015 06:59:00 AM,Maryland (State),GEORGIA AVE,County,SHOREFIELD RD,,N/A,PEDESTRIAN,OTHER,CLEAR,DRY,DAWN,TRAFFIC SIGNAL,NONE DETECTED,NONE DETECTED,CBE97C4F-C591-4BBD-86EF-18B53065B0AB,PEDESTRIAN,Cross/Enter at Intersection,INATTENTIVE,ON ROADWAY AT CROSSWALK,DISOBEYED PED. SIGNAL,MIXED CLOTHING,Yes,SUSPECTED MINOR INJURY,39.05,-77.05,"(39.05, -77.05)"
MCP2348002M,170511431,Montgomery County Police,Injury Crash,06/02/2017 08:22:00 PM,County,AMHERST AVE,County,BLUERIDGE AVE,,N/A,PEDESTRIAN,SINGLE VEHICLE,CLEAR,DRY,DAYLIGHT,N/A,NONE DETECTED,NONE DETECTED,3B8E2A1B-7404-4227-9B1E-7790834F48F9,PEDESTRIAN,Cross/Enter at Intersection,NO IMPROPER ACTIONS,ON ROADWAY AT CROSSWALK,NO PED. SIGNAL,MIXED CLOTHING,No,SUSPECTED MINOR INJURY,39.04333616,-77.0478715,"(39.04333616, -77.0478715)"
MCP24460019,15041947,MONTGOMERY,Injury Crash,08/21/2015 06:54:00 PM,County,MIDDLEBROOK RD,Unknown,CROSSRIDGE DR,,N/A,BICYCLIST,STRAIGHT MOVEMENT ANGLE,N/A,DRY,DAYLIGHT,STOP SIGN,NONE DETECTED,NONE DETECTED,9776FCF3-A24E-4EB2-9C91-AB37161FB41A,BICYCLIST,Cross/Enter at Intersection,IN ROADWAY IMPROPERLY,AT INTERSECTION BUT NO CROSSWALK,NO PED. SIGNAL,MIXED CLOTHING,Yes,SUSPECTED MINOR INJURY,39.174871,-77.259142,"(39.174871, -77.259142)"
DD56190001,16009838,Rockville Police Departme,Injury Crash,02/27/2016 09:47:00 PM,Municipality,W EDMONSTON DR,Municipality,WOOTTON PKWY,,ROCKVILLE,PEDESTRIAN,OTHER,CLEAR,DRY,DARK LIGHTS ON,OTHER,NONE DETECTED,NONE DETECTED,289A8B8D-32F9-473A-82BD-DC957CE35E12,PEDESTRIAN,Cross/Enter at Intersection,NO IMPROPER ACTIONS,ON ROADWAY AT CROSSWALK,NO PED. SIGNAL,DARK CLOTHING,No,POSSIBLE INJURY,39.07354333,-77.13685667,"(39.07354333, -77.13685667)"
MCP1205001S,16008508,Montgomery County Police,Injury Crash,02/20/2016 09:50:00 AM,County,CEDAR LA,Government,BEACH DR,,N/A,BICYCLIST,STRAIGHT MOVEMENT ANGLE,CLEAR,N/A,DAYLIGHT,TRAFFIC SIGNAL,NONE DETECTED,NONE DETECTED,7A260174-E024-4D61-8992-099042FC8847,BICYCLIST,Cross/Enter at Intersection,NO IMPROPER ACTIONS,AT INTERSECTION BUT NO CROSSWALK,OTHER,REFLECTIVE MATERIAL,No,SUSPECTED SERIOUS INJURY,39.01233149,-77.09089279,"(39.01233149, -77.09089279)"
MCP2687001X,170501117,Montgomery County Police,Injury Crash,04/08/2017 05:44:00 PM,,,,,"7400 ARLINGTON RD 
BETHESDA MD 20814
BETHESDA LIBRARY PARKING LOT",,PEDESTRIAN,OTHER,CLEAR,,DAYLIGHT,NO CONTROLS,NONE DETECTED,NONE DETECTED,457EFAFE-B14B-49AE-8272-868999A42290,PEDESTRIAN,Other,NO IMPROPER ACTIONS,OTHER,NO PED. SIGNAL,LIGHT CLOTHING,No,POSSIBLE INJURY,38.98384125,-77.09859878,"(38.98384125, -77.09859878)"