Report Number,Local Case Number,Agency Name,ACRS Report Type,Crash Date/Time,Route Type,Road Name,Cross-Street Type,Cross-Street Name,Off-Road Description,Municipality,Related Non-Motorist,Collision Type,Weather,Surface Condition,Light,Traffic Control,Driver Substance Abuse,Non-Motorist Substance Abuse,Person ID,Pedestrian Type,Pedestrian Movement,Pedestrian Actions,Pedestrian Location,Pedestrian Obeyed Traffic Signal,Pedestrian Visibility,At Fault,Injury Severity,Latitude,Longitude,Location
MCP2871003S,16066438,Montgomery County Police,Injury Crash,12/26/2016 05:00:00 PM,County,DEMOCRACY BLVD,Unknown,ENT TO MALL,,N/A,OTHER,SINGLE VEHICLE,N/A,DRY,DUSK,PERSON,N/A,NONE DETECTED,C59FD9CF-5C4D-4E78-BF8C-3D5C07DCC187,OTHER,Other Working,NO IMPROPER ACTIONS,AT INTERSECTION BUT NO CROSSWALK,N/A,REFLECTIVE MATERIAL,No,SUSPECTED MINOR INJURY,39.02402,-77.144265,"(39.02402, -77.144265)"
MCP9130003S,170523644,Montgomery County Police,Injury Crash,08/08/2017 01:27:00 PM,Maryland (State),PINEY BRANCH RD,Maryland (State),UNIVERSITY BLVD E,,N/A,PEDESTRIAN,SINGLE VEHICLE,CLEAR,DRY,DAYLIGHT,TRAFFIC SIGNAL,NONE DETECTED,ALCOHOL CONTRIBUTED,232053AC-D1AB-4494-9FCE-785A29B1458F,PEDESTRIAN,Cross/Enter at Intersection,DART DASH,ON ROADWAY AT CROSSWALK,UNKNOWN,DARK CLOTHING,Yes,SUSPECTED MINOR INJURY,38.99965066,-76.99515939,"(38.99965066, -76.99515939)"
EJ7851001F,16014440,Gaithersburg Police Depar,Injury Crash,03/24/2016 08:00:00 AM,Maryland (State),FREDERICK RD,Municipality,DALAMAR ST,,GAITHERSBURG,PEDESTRIAN,OTHER,CLEAR,DRY,DAYLIGHT,N/A,NONE DETECTED,NONE DETECTED,A284AA65-5A49-41A6-A106-ACDCC31B9813,PEDESTRIAN,Cross/Enter at Intersection,NO IMPROPER ACTIONS,SIDEWALK,N/A,N/A,No,POSSIBLE INJURY,39.14614584,-77.20441461,"(39.14614584, -77.20441461)"
MCP2813002R,17004807,Montgomery County Police,Injury Crash,01/27/2017 07:23:00 PM,County,EISNER ST,County,EDGEWOOD AVE,,N/A,PEDESTRIAN,SINGLE VEHICLE,CLEAR,DRY,DARK NO LIGHTS,NO CONTROLS,N/A,N/A,43F46101-0A07-4A54-85F7-1D6880D0F899,PEDESTRIAN,Cross/Enter at Intersection,NO IMPROPER ACTIONS,AT INTERSECTION BUT NO CROSSWALK,NO PED. SIGNAL,MIXED CLOTHING,No,POSSIBLE INJURY,39.03024167,-77.02002833,"(39.03024167, -77.02002833)"
MCP1221001F,15051905,MONTGOMERY,Injury Crash,10/13/2015 10:18:00 AM,,,,,parking lot of 15920 Shady Grove Rd,,PEDESTRIAN,SINGLE VEHICLE,CLOUDY,,DAYLIGHT,NO CONTROLS,NONE DETECTED,NONE DETECTED,C7854AE2-CEA4-4A79-A219-ACD20DB45519,PEDESTRIAN,Getting off/on Vehicle,NO IMPROPER ACTIONS,OTHER,NO PED. SIGNAL,MIXED CLOTHING,No,SUSPECTED MINOR INJURY,39.11806833,-77.1836,"(39.11806833, -77.1836)"
MCP22550002,170514349,Montgomery County Police,Injury Crash,06/18/2017 02:09:00 AM,Maryland (State),FREDERICK RD,Municipality,DALAMAR ST,,GAITHERSBURG,PEDESTRIAN,N/A,CLEAR,DRY,DARK LIGHTS ON,N/A,N/A,UNKNOWN,0D9771EA-7FD7-4587-8C57-15A886ADB8B9,PEDESTRIAN,Cross/Enter not at Intersection,IN ROADWAY IMPROPERLY,ON ROADWAY NOT AT CROSSWALK,OTHER,DARK CLOTHING,Yes,SUSPECTED SERIOUS INJURY,39.146945,-77.20524667,"(39.146945, -77.20524667)"
MCP28590029,16032842,Montgomery County Police,Injury Crash,06/29/2016 06:48:00 AM,,,,,"PARKING SPACE OUTSIDE 1088 WEST SIDE DR, GAITHERSBURG, MD.",,PEDESTRIAN,OTHER,N/A,,DAYLIGHT,NO CONTROLS,N/A,NONE DETECTED,73E4C9E2-F31C-4EDD-9E17-81711C5649AA,PEDESTRIAN,Standing,OTHER,OTHER,N/A,MIXED CLOTHING,Yes,SUSPECTED MINOR INJURY,39.12388466,-77.20288038,"(39.12388466, -77.20288038)"
MCP2764000R,15032702,MONTGOMERY,Injury Crash,07/04/2015 07:04:00 PM,Maryland (State),VEIRS MILL RD,County,VALLEYWOOD DR,,N/A,PEDESTRIAN,OTHER,N/A,N/A,DAYLIGHT,NO CONTROLS,NONE DETECTED,NONE DETECTED,D7EF38EC-C4E7-4D7D-BA33-25E6CEAC3240,PEDESTRIAN,Cross/Enter not at Intersection,DART DASH,ON ROADWAY AT CROSSWALK,NO PED. SIGNAL,MIXED CLOTHING,Unknown,POSSIBLE INJURY,39.04960212,-77.0709157,"(39.04960212, -77.0709157)"
HA2389000D,15001213,MCPARK,Injury Crash,11/02/2015 05:46:00 PM,,,,,"OCCURRED ON NE CAPITAL CRESCENT TRAIL, APPROXIMATELY 50 FEET PRIOR TO DORSET AVENUE INTERSECTION.",,BICYCLIST,HEAD ON,CLEAR,,DARK -- UNKNOWN LIGHTING,N/A,,UNKNOWN,56920666-4276-4E05-8DDA-E910B16642CE,BICYCLIST,N/A,IMPROPER PASSING,SHARED USE PATH OR TRAILS,N/A,HEAD LIGHT,Yes,NO APPARENT INJURY,38.96842663,-77.10256577,"(38.96842663, -77.10256577)"
MCP2789001X,15062188,MONTGOMERY,Property Damage Crash,12/05/2015 05:45:00 PM,US (State),COLESVILLE RD,County,DALE DR,,N/A,PEDESTRIAN,SINGLE VEHICLE,N/A,DRY,DARK LIGHTS ON,TRAFFIC SIGNAL,N/A,N/A,DFDAD423-87DB-4882-9DF9-EEB2CC8707C1,PEDESTRIAN,Cross/Enter at Intersection,NO IMPROPER ACTIONS,ON ROADWAY AT CROSSWALK,OBEYED PED. SIGNAL,MIXED CLOTHING,No,NO APPARENT INJURY,39.00511833,-77.02262,"(39.00511833, -77.02262)"
MCP2160000C,16004056,Montgomery County Police,Injury Crash,01/23/2016 04:54:00 PM,,,,,PARKING LOT OF 24 MONTGOMERY VILLAGE AVE,,PEDESTRIAN,SINGLE VEHICLE,BLOWING SNOW,,DAYLIGHT,N/A,NONE DETECTED,NONE DETECTED,B9F679B9-108E-4191-82E2-6DDE72CCF9FE,PEDESTRIAN,Other,NOT VISIBLE,OTHER,N/A,OTHER,No,POSSIBLE INJURY,39.15543936,-77.2082448,"(39.15543936, -77.2082448)"
MCP21890005,170524568,Montgomery County Police,Injury Crash,08/13/2017 12:53:00 AM,County,LOST KNIFE RD,County,CONTOUR RD,,N/A,PEDESTRIAN,OTHER,N/A,WET,DARK LIGHTS ON,NO CONTROLS,NONE DETECTED,UNKNOWN,48022F78-6D13-4D0D-A6E6-4E04FCC2B083,PEDESTRIAN,Other,UNKNOWN,ON ROADWAY AT CROSSWALK,NO PED. SIGNAL,UNKNOWN,No,SUSPECTED SERIOUS INJURY,39.1564195,-77.20252264,"(39.1564195, -77.20252264)"
MCP11210028,170508938,Montgomery County Police,Injury Crash,05/20/2017 09:09:00 PM,County,SNOUFFERS SCHOOL RD,County,CHERRY LAUREL LA,,N/A,PEDESTRIAN,SINGLE VEHICLE,CLOUDY,DRY,DARK NO LIGHTS,NO CONTROLS,NONE DETECTED,ALCOHOL PRESENT,F98A0CD8-05B5-43E8-A88D-9C3CC0E5953D,PEDESTRIAN,Cross/Enter not at Intersection,DART DASH,DRIVEWAY ACCESS MARKED CROSSWALK,N/A,DARK CLOTHING,Yes,SUSPECTED MINOR INJURY,39.16332,-77.16625,"(39.16332, -77.16625)"
MCP2851002H,170515879,Montgomery County Police,Injury Crash,06/26/2017 06:25:00 PM,County,WATERS LANDING DR,County,FATHER HURLEY BLVD,,N/A,PEDESTRIAN,OTHER,CLEAR,DRY,DAYLIGHT,TRAFFIC SIGNAL,NONE DETECTED,NONE DETECTED,FA13BC79-F698-400D-A44A-3FBFB79CEB41,PEDESTRIAN,Cross/Enter at Intersection,NO IMPROPER ACTIONS,ON ROADWAY AT CROSSWALK,OBEYED PED. SIGNAL,MIXED CLOTHING,No,POSSIBLE INJURY,39.19160167,-77.27207167,"(39.19160167, -77.27207167)"
MCP28300029,16046204,Montgomery County Police,Injury Crash,09/09/2016 12:25:00 PM,,,,,"18140 VILLAGE CENTER DR OLNEY MD 20832
PARKING LOT",,PEDESTRIAN,OTHER,N/A,,DAYLIGHT,N/A,NONE DETECTED,NONE DETECTED,88FE8152-3334-4469-9013-CD87382AC780,PEDESTRIAN,Standing,UNKNOWN,ON ROADWAY AT CROSSWALK,NO PED. SIGNAL,DARK CLOTHING,Unknown,POSSIBLE INJURY,39.152723,-77.064416,"(39.152723, -77.064416)"
MCP2358002G,16059235,Montgomery County Police,Injury Crash,11/17/2016 02:37:00 PM,Maryland (State),RIVER RD,County,COUNSELMAN RD,,N/A,BICYCLIST,STRAIGHT MOVEMENT ANGLE,CLEAR,DRY,DAYLIGHT,TRAFFIC SIGNAL,NONE DETECTED,NONE DETECTED,54290F89-19F4-490E-826D-7F373C768303,BICYCLIST,Walking/Riding w/Traffic,NO IMPROPER ACTIONS,ON ROADWAY NOT AT CROSSWALK,N/A,MIXED CLOTHING,No,SUSPECTED MINOR INJURY,39.01725833,-77.207855,"(39.01725833, -77.207855)"
DD5601000H,15001410,Rockville Police Departme,Injury Crash,01/09/2015 02:56:00 PM,Maryland (State),ROCKVILLE PIKE,Municipality,MONROE PL,,ROCKVILLE,PEDESTRIAN,OTHER,CLEAR,DRY,DAYLIGHT,TRAFFIC SIGNAL,N/A,N/A,1AC4359B-2F58-47DC-BE98-6BDDB5066101,PEDESTRIAN,Cross/Enter at Intersection,DART DASH,ON ROADWAY AT CROSSWALK,DISOBEYED PED. SIGNAL,MIXED CLOTHING,,SUSPECTED MINOR INJURY,39.08345,-77.14692333,"(39.08345, -77.14692333)"
MCP2298006Q,15056003,MONTGOMERY,Injury Crash,11/03/2015 03:25:00 PM,Maryland (State),FREDERICK RD,County,BRINK RD,,N/A,PEDESTRIAN,SAME DIR REAR END,CLEAR,DRY,DAYLIGHT,NO CONTROLS,"NONE DETECTED, UNKNOWN",NONE DETECTED,53C626E7-E07D-4B71-A08A-ECC687C2D27B,PEDESTRIAN,Standing,OTHER,ON ROADWAY NOT AT CROSSWALK,N/A,DARK CLOTHING,No,NO APPARENT INJURY,39.21385143,-77.24928796,"(39.21385143, -77.24928796)"
MCP2358003P,170521943,Montgomery County Police,Injury Crash,07/30/2017 09:40:00 AM,County,FALLS RD,County,BRICKYARD RD,,N/A,BICYCLIST,STRAIGHT MOVEMENT ANGLE,CLEAR,DRY,DAYLIGHT,NO CONTROLS,NONE DETECTED,NONE DETECTED,D88B9BF0-1AB4-4C1F-B6AD-42BD16E4322F,BICYCLIST,Walking/Riding w/Traffic,FAILURE TO YIELD RIGHT OF WAY,SHOULDER,N/A,LIGHT CLOTHING,Yes,SUSPECTED SERIOUS INJURY,39.002425,-77.226114,"(39.002425, -77.226114)"
MCP3039001D,170530806,Montgomery County Police,Injury Crash,09/15/2017 05:00:00 PM,County,MACARTHUR BLVD,Interstate (State),CABIN JOHN PKWY,,N/A,BICYCLIST,STRAIGHT MOVEMENT ANGLE,CLEAR,DRY,DAYLIGHT,NO CONTROLS,N/A,NONE DETECTED,04DC723C-6E43-41CD-B493-8B64CCFDEE55,BICYCLIST,Walking/Riding w/Traffic,NO IMPROPER ACTIONS,ON ROADWAY NOT AT CROSSWALK,N/A,REFLECTIVE MATERIAL,No,SUSPECTED MINOR INJURY,38.97268905,-77.14882851,"(38.97268905, -77.14882851)"
MCP1378009D,16021859,Montgomery County Police,Injury Crash,05/03/2016 04:02:00 PM,County,COMPRINT CT,County,SHADY GROVE RD,,N/A,PEDESTRIAN,SINGLE VEHICLE,CLOUDY,DRY,DAYLIGHT,TRAFFIC SIGNAL,NONE DETECTED,NONE DETECTED,14E9E571-71A7-4BAE-AA88-E434E5E47C7B,PEDESTRIAN,Cross/Enter at Intersection,NO IMPROPER ACTIONS,ON ROADWAY AT CROSSWALK,OBEYED PED. SIGNAL,MIXED CLOTHING,No,NO APPARENT INJURY,39.11944333,-77.18282667,"(39.11944333, -77.18282667)"
MCP2867002J,16036336,Montgomery County Police,Injury Crash,07/18/2016 11:40:00 AM,,,,,PARKING LOT OF 10100 COLESVILLE RD,,PEDESTRIAN,OTHER,CLEAR,,DAYLIGHT,N/A,NONE DETECTED,NONE DETECTED,AF4B924A-15C8-4065-8146-7237125695F5,PEDESTRIAN,Other,NO IMPROPER ACTIONS,OTHER,N/A,DARK CLOTHING,No,POSSIBLE INJURY,39.02063407,-77.01280832,"(39.02063407, -77.01280832)"
MCP2687001M,16033547,Montgomery County Police,Injury Crash,07/02/2016 04:33:00 PM,Maryland (State),WILSON LA,County,CORDELL AVE,,N/A,PEDESTRIAN,OTHER,N/A,DRY,DAYLIGHT,NO CONTROLS,NONE DETECTED,NONE DETECTED,DA1C00DD-B9D8-4E50-990C-605EB5B98465,PEDESTRIAN,Cross/Enter not at Intersection,IN ROADWAY IMPROPERLY,ON ROADWAY NOT AT CROSSWALK,NO PED. SIGNAL,MIXED CLOTHING,Yes,POSSIBLE INJURY,38.98731781,-77.0994705,"(38.98731781, -77.0994705)"
MCP2973002W,170501570,Montgomery County Police,Injury Crash,03/27/2017 04:00:00 PM,,,,,"HOME DEPOT PARKING LOT - 14000 GEORGIA AVE SILVER SPRING, MD 20906",,PEDESTRIAN,OTHER,CLEAR,,DAYLIGHT,NO CONTROLS,NONE DETECTED,NONE DETECTED,03E95798-F810-4970-9971-7BDF0A6FD7A4,PEDESTRIAN,Standing,NO IMPROPER ACTIONS,OTHER,NO PED. SIGNAL,DARK CLOTHING,No,POSSIBLE INJURY,39.0836115,-77.08112955,"(39.0836115, -77.08112955)"
MCP1227000F,15058046,MONTGOMERY,Fatal Crash,11/13/2015 06:11:00 PM,Maryland (State),FREDERICK RD,Other Public Roadway,MAGNOLIA DR,,N/A,PEDESTRIAN,SINGLE VEHICLE,CLEAR,DRY,DARK NO LIGHTS,NO CONTROLS,NONE DETECTED,NONE DETECTED,20B85BBE-DA98-46F9-AD23-64FF7B134EAD,PEDESTRIAN,Cross/Enter not at Intersection,UNKNOWN,ON ROADWAY NOT AT CROSSWALK,NO PED. SIGNAL,DARK CLOTHING,Unknown,FATAL INJURY,39.176967,-77.2383821,"(39.176967, -77.2383821)"
MCP2456000T,16006689,Montgomery County Police,Injury Crash,01/08/2016 10:21:00 AM,Maryland (State),UNIVERSITY BLVD W,County,LORAIN AVE,,N/A,PEDESTRIAN,STRAIGHT MOVEMENT ANGLE,CLEAR,DRY,DAYLIGHT,N/A,NONE DETECTED,NONE DETECTED,A396EFD0-76D4-4158-B271-937D413F635F,PEDESTRIAN,Unknown,UNKNOWN,OTHER,NO PED. SIGNAL,DARK CLOTHING,Unknown,POSSIBLE INJURY,39.020875,-77.01510667,"(39.020875, -77.01510667)"
MCP3036000H,17016191,Montgomery County Police,Injury Crash,03/30/2017 03:19:00 PM,County,SHADY GROVE RD,Municipality,CHOKE CHERRY RD,,ROCKVILLE,PEDESTRIAN,SINGLE VEHICLE,CLOUDY,DRY,DAYLIGHT,NO CONTROLS,NONE DETECTED,NONE DETECTED,67868A2C-F988-435B-AC7D-CC3375DDBB39,PEDESTRIAN,Cross/Enter at Intersection,INATTENTIVE,AT INTERSECTION BUT NO CROSSWALK,NO PED. SIGNAL,MIXED CLOTHING,No,SUSPECTED MINOR INJURY,39.11519881,-77.18542323,"(39.11519881, -77.18542323)"
MCP2353002Q,16021980,Montgomery County Police,Injury Crash,05/04/2016 07:24:00 AM,Maryland (State),OLD GEORGETOWN RD,County,COMMERCE LA,,N/A,PEDESTRIAN,SINGLE VEHICLE,CLOUDY,DRY,DAYLIGHT,TRAFFIC SIGNAL,NONE DETECTED,NONE DETECTED,A94562CC-4D55-4112-972A-317A5D53AC2A,PEDESTRIAN,Cross/Enter at Intersection,NO IMPROPER ACTIONS,ON ROADWAY AT CROSSWALK,OBEYED PED. SIGNAL,DARK CLOTHING,No,POSSIBLE INJURY,38.98552833,-77.095945,"(38.98552833, -77.095945)"
MCP30160018,170517188,Montgomery County Police,Injury Crash,07/03/2017 10:13:00 PM,Maryland (State),GREAT SENECA HWY,Maryland (State),CLOPPER RD,,N/A,PEDESTRIAN,SINGLE VEHICLE,CLEAR,DRY,DARK LIGHTS ON,TRAFFIC SIGNAL,NONE DETECTED,NONE DETECTED,3262DC3E-59C0-4D01-BA21-E47EC366FDA3,PEDESTRIAN,Cross/Enter at Intersection,NO IMPROPER ACTIONS,AT INTERSECTION MARKED CROSSWALK,OBEYED PED. SIGNAL,MIXED CLOTHING,No,SUSPECTED SERIOUS INJURY,39.15955467,-77.27509717,"(39.15955467, -77.27509717)"
MCP2738002B,170508751,Montgomery County Police,Injury Crash,05/19/2017 06:55:00 PM,,,,,PARKING LOT OF 12028 CHERRY HILL RD,,PEDESTRIAN,N/A,N/A,,DAYLIGHT,NO CONTROLS,N/A,N/A,01950E4E-4B10-4FE0-A117-85B90DA219EC,PEDESTRIAN,Cross/Enter not at Intersection,INATTENTIVE,ON ROADWAY NOT AT CROSSWALK,NO PED. SIGNAL,N/A,Unknown,SUSPECTED MINOR INJURY,39.05500003,-76.95592538,"(39.05500003, -76.95592538)"
MCP28860010,15057995,MONTGOMERY,Injury Crash,11/13/2015 04:19:00 PM,County,GRIDLEY RD,County,SELFRIDGE RD,,N/A,PEDESTRIAN,SINGLE VEHICLE,CLEAR,DRY,DAYLIGHT,N/A,NONE DETECTED,NONE DETECTED,AA212CF7-22FD-467D-A997-6CBB4912CF52,PEDESTRIAN,Cross/Enter at Intersection,NO IMPROPER ACTIONS,AT INTERSECTION MARKED CROSSWALK,NO PED. SIGNAL,LIGHT CLOTHING,No,POSSIBLE INJURY,39.056545,-77.08547,"(39.056545, -77.08547)"
EJ7829001T,54142,GAITHERSBURG,Injury Crash,12/18/2015 03:54:00 PM,,,,,PARKING LOT OF GAITHERSURG ELEMENTARY SCHOOL 35 N. SUMMIT AVE,,PEDESTRIAN,SINGLE VEHICLE,CLOUDY,,DAYLIGHT,N/A,NONE DETECTED,N/A,E3792BD0-C4E3-4659-81E4-3AA303C4012E,PEDESTRIAN,Cross/Enter not at Intersection,DART DASH,ON ROADWAY NOT AT CROSSWALK,NO PED. SIGNAL,LIGHT CLOTHING,Yes,POSSIBLE INJURY,39.14419047,-77.19281673,"(39.14419047, -77.19281673)"
MCP26770014,170515744,Montgomery County Police,Injury Crash,06/25/2017 10:02:00 PM,County,SCENERY DR,Maryland (State),FREDERICK RD,,N/A,BICYCLIST,STRAIGHT MOVEMENT ANGLE,CLEAR,N/A,DARK LIGHTS ON,STOP SIGN,N/A,N/A,D10CAD68-7BB1-4040-9FC0-A2BA7537D10D,BICYCLIST,Cross/Enter at Intersection,IN ROADWAY IMPROPERLY,AT INTERSECTION MARKED CROSSWALK,DISOBEYED PED. SIGNAL,MIXED CLOTHING,Yes,SUSPECTED MINOR INJURY,39.17546992,-77.23792076,"(39.17546992, -77.23792076)"
MCP27980017,15057637,MONTGOMERY,Injury Crash,11/11/2015 09:28:00 PM,,,,,"rear parking lot of 15503 Old Columbia Pike, Burtonsville, MD 20866",,PEDESTRIAN,OTHER,CLEAR,,DARK LIGHTS ON,N/A,UNKNOWN,NONE DETECTED,2C8A55B1-15C6-4D92-B749-306581014270,PEDESTRIAN,Other,OTHER,OTHER,NO PED. SIGNAL,DARK CLOTHING,No,POSSIBLE INJURY,39.04617333,-76.990255,"(39.04617333, -76.990255)"
MCP11280043,15051173,MONTGOMERY,Injury Crash,10/09/2015 07:28:00 AM,Maryland (State),WISCONSIN AVE,County,ELM ST,,N/A,BICYCLIST,OTHER,CLOUDY,WET,DAWN,TRAFFIC SIGNAL,NONE DETECTED,NONE DETECTED,04EABA0B-B9A8-4C7C-ADA9-737ABF0E747F,BICYCLIST,Cross/Enter at Intersection,NO IMPROPER ACTIONS,ON ROADWAY AT CROSSWALK,OBEYED PED. SIGNAL,LIGHT CLOTHING,No,SUSPECTED MINOR INJURY,38.98281167,-77.09328167,"(38.98281167, -77.09328167)"
MCP1378009D,16021859,Montgomery County Police,Injury Crash,05/03/2016 04:02:00 PM,County,COMPRINT CT,County,SHADY GROVE RD,,N/A,PEDESTRIAN,SINGLE VEHICLE,CLOUDY,DRY,DAYLIGHT,TRAFFIC SIGNAL,NONE DETECTED,NONE DETECTED,8331B717-AB5E-4AD4-8C3C-BBEDFC727A3F,PEDESTRIAN,Cross/Enter at Intersection,NO IMPROPER ACTIONS,ON ROADWAY AT CROSSWALK,OBEYED PED. SIGNAL,MIXED CLOTHING,No,POSSIBLE INJURY,39.11944333,-77.18282667,"(39.11944333, -77.18282667)"
MCP1151006M,170515105,Montgomery County Police,Injury Crash,06/22/2017 07:45:00 AM,Maryland (State),FREDERICK RD,Unknown,ENT TO FOX CHAPEL CENTER,,N/A,PEDESTRIAN,OTHER,CLEAR,DRY,DAYLIGHT,TRAFFIC SIGNAL,NONE DETECTED,NONE DETECTED,E2142C6E-D41F-478D-9A66-8A6DFF28DCBC,PEDESTRIAN,Cross/Enter not at Intersection,IN ROADWAY IMPROPERLY,ON ROADWAY NOT AT CROSSWALK,DISOBEYED PED. SIGNAL,MIXED CLOTHING,Yes,SUSPECTED SERIOUS INJURY,39.17847703,-77.23839954,"(39.17847703, -77.23839954)"
DD56050033,17000408,Rockville Police Departme,Injury Crash,01/03/2017 02:41:00 PM,Maryland (State),HUNGERFORD DR,Municipality,N WASHINGTON ST,,ROCKVILLE,PEDESTRIAN,OTHER,RAINING,WET,DAYLIGHT,OTHER,NONE DETECTED,NONE DETECTED,C96FF6CE-C97E-4E0A-9128-0BF0073AE236,PEDESTRIAN,Cross/Enter at Intersection,NO IMPROPER ACTIONS,SIDEWALK,NO PED. SIGNAL,DARK CLOTHING,No,POSSIBLE INJURY,39.08999167,-77.15239333,"(39.08999167, -77.15239333)"
MCP2987000T,16029146,Montgomery County Police,Injury Crash,06/10/2016 07:40:00 AM,,,,,PARKING LOT OF WOODMOOR SHOPPING CENTER,,PEDESTRIAN,SINGLE VEHICLE,CLEAR,,DAYLIGHT,NO CONTROLS,NONE DETECTED,NONE DETECTED,5328943C-C08E-4D7B-B456-80665CA62899,PEDESTRIAN,Cross/Enter not at Intersection,N/A,OTHER,NO PED. SIGNAL,DARK CLOTHING,No,SUSPECTED MINOR INJURY,39.02061115,-77.0120278,"(39.02061115, -77.0120278)"
MCP30570008,170524769,Montgomery County Police,Property Damage Crash,08/14/2017 01:21:00 AM,,,,,"WALMART PARKING LOT: 20910 FREDERICK RD., GERMANTOWN, MD",,PEDESTRIAN,OTHER,CLOUDY,,N/A,N/A,N/A,NONE DETECTED,1E383E5C-C7F5-48A4-95E9-175417221ADE,PEDESTRIAN,Other,NO IMPROPER ACTIONS,OTHER,N/A,UNKNOWN,No,NO APPARENT INJURY,39.19854624,-77.25206137,"(39.19854624, -77.25206137)"
MCP28370016,16058356,Montgomery County Police,Property Damage Crash,11/12/2016 12:31:00 PM,County,PINEY MEETINGHOUSE RD,County,CAVANAUGH DR,,N/A,BICYCLIST,STRAIGHT MOVEMENT ANGLE,CLEAR,DRY,DAYLIGHT,FLASHING TRAFFIC SIGNAL,NONE DETECTED,NONE DETECTED,B2574634-5201-4FC6-8664-768CAAE51AD9,BICYCLIST,Cross/Enter at Intersection,NO IMPROPER ACTIONS,ON ROADWAY NOT AT CROSSWALK,N/A,REFLECTIVE MATERIAL,No,NO APPARENT INJURY,39.08269833,-77.21685,"(39.08269833, -77.21685)"
MCP25040026,170503962,Montgomery County Police,Injury Crash,04/24/2017 06:35:00 PM,,PARK POTOMAC AVENUE,,CADBURY AVENUE,,N/A,PEDESTRIAN,STRAIGHT MOVEMENT ANGLE,RAINING,WET,DAYLIGHT,STOP SIGN,NONE DETECTED,NONE DETECTED,938F15C5-AEF4-4766-8C71-934613559B48,PEDESTRIAN,Cross/Enter at Intersection,NO IMPROPER ACTIONS,ON ROADWAY AT CROSSWALK,NO PED. SIGNAL,MIXED CLOTHING,No,SUSPECTED MINOR INJURY,39.06017167,-77.15780833,"(39.06017167, -77.15780833)"
MCP2801001Z,170511679,Montgomery County Police,Injury Crash,06/04/2017 02:51:00 AM,County,SILVER SPRING AVE,County,MAYOR LA,,N/A,PEDESTRIAN,OTHER,CLEAR,DRY,DARK LIGHTS ON,NO CONTROLS,ALCOHOL PRESENT,N/A,E7AB3D13-89C9-4034-8AB3-2D89B3C4D4C6,PEDESTRIAN,N/A,NO IMPROPER ACTIONS,N/A,N/A,OTHER,No,POSSIBLE INJURY,38.99164581,-77.02596992,"(38.99164581, -77.02596992)"
MCP2617002X,16066614,Montgomery County Police,Injury Crash,12/27/2016 05:03:00 PM,,,,,IN FRONT OF 7700 SCOTLAND DR. (PARKING LOT),,PEDESTRIAN,OTHER,CLEAR,,DUSK,NO CONTROLS,NONE DETECTED,NONE DETECTED,5E06C77E-6A82-424E-8F9E-F3AF14CE195B,PEDESTRIAN,Playing,DART DASH,OTHER,NO PED. SIGNAL,UNKNOWN,Yes,SUSPECTED MINOR INJURY,39.06536333,-77.15902833,"(39.06536333, -77.15902833)"
MCP2666001L,16062712,Montgomery County Police,Injury Crash,12/06/2016 11:40:00 PM,County,OLD COLUMBIA PIKE,County,FAIRLAND RD,,N/A,BICYCLIST,STRAIGHT MOVEMENT ANGLE,RAINING,WET,DARK LIGHTS ON,NO CONTROLS,NONE DETECTED,NONE DETECTED,3E235409-5213-435F-8B3E-1A045A1C1E51,BICYCLIST,Walking/Riding w/Traffic,UNKNOWN,ON ROADWAY NOT AT CROSSWALK,NO PED. SIGNAL,DARK CLOTHING,No,SUSPECTED MINOR INJURY,39.0766885,-76.95740998,"(39.0766885, -76.95740998)"
MCP22430006,15051085,MONTGOMERY,Injury Crash,10/08/2015 06:37:00 PM,County,KENNEBEC AVE,Maryland (State),FLOWER AVE,,N/A,PEDESTRIAN,OTHER,CLEAR,DRY,DAWN,STOP SIGN,UNKNOWN,NONE DETECTED,7DEC106D-64A3-4D5A-95AE-2CF5CBA2D7F8,PEDESTRIAN,Cross/Enter at Intersection,NO IMPROPER ACTIONS,ON ROADWAY AT CROSSWALK,NO PED. SIGNAL,MIXED CLOTHING,No,POSSIBLE INJURY,38.9896111,-77.00151086,"(38.9896111, -77.00151086)"
MCP2749000R,15005961,Montgomery County Police,Injury Crash,02/05/2015 09:33:00 PM,,,,,Driveway entrance at Post gate,,PEDESTRIAN,STRAIGHT MOVEMENT ANGLE,CLEAR,,DARK LIGHTS ON,NO CONTROLS,NONE DETECTED,NONE DETECTED,1E175D8E-9980-4257-BFE2-ED9562D107EA,PEDESTRIAN,Walking/Cycling on Sidewalk,INATTENTIVE,SIDEWALK,NO PED. SIGNAL,DARK CLOTHING,,POSSIBLE INJURY,39.08676333,-77.07918,"(39.08676333, -77.07918)"
MCP2870000Y,15039510,MONTGOMERY,Injury Crash,08/08/2015 07:24:00 PM,US (State),COLESVILLE RD,Government,SLIGO CREEK PKWY,,N/A,BICYCLIST,STRAIGHT MOVEMENT ANGLE,CLEAR,DRY,DAYLIGHT,TRAFFIC SIGNAL,NONE DETECTED,NONE DETECTED,4AFC97AE-4D8A-4311-AA2D-F5BFF5BCBED8,BICYCLIST,Cross/Enter at Intersection,NO IMPROPER ACTIONS,AT INTERSECTION MARKED CROSSWALK,OBEYED PED. SIGNAL,LIGHT CLOTHING,No,SUSPECTED MINOR INJURY,39.00747333,-77.02022167,"(39.00747333, -77.02022167)"