Report Number,Local Case Number,Agency Name,ACRS Report Type,Crash Date/Time,Route Type,Road Name,Cross-Street Type,Cross-Street Name,Off-Road Description,Municipality,Related Non-Motorist,Collision Type,Weather,Surface Condition,Light,Traffic Control,Driver Substance Abuse,Non-Motorist Substance Abuse,Person ID,Pedestrian Type,Pedestrian Movement,Pedestrian Actions,Pedestrian Location,Pedestrian Obeyed Traffic Signal,Pedestrian Visibility,At Fault,Injury Severity,Latitude,Longitude,Location
MCP27490019,16036191,Montgomery County Police,Injury Crash,07/17/2016 12:15:00 PM,,,,,IFO 13428 NEW HAMPSHIRE AVE,,OTHER,SAME DIR REAR END,CLEAR,,DAYLIGHT,NO CONTROLS,NONE DETECTED,N/A,A71D1F0C-8CA1-40CB-9417-85D39D3E8799,OTHER,Other,NO IMPROPER ACTIONS,INSIDE BUILDING,OTHER,N/A,No,POSSIBLE INJURY,39.111685,-76.99486167,"(39.111685, -76.99486167)"
MCP2504000X,15042843,MONTGOMERY,Injury Crash,08/26/2015 04:15:00 PM,County,DARNESTOWN RD,County,GLEN MILL RD,,N/A,BICYCLIST,STRAIGHT MOVEMENT ANGLE,CLEAR,DRY,DAYLIGHT,TRAFFIC SIGNAL,NONE DETECTED,NONE DETECTED,7C786537-AF72-4A8E-9E22-8F302A77CD65,BICYCLIST,Cross/Enter at Intersection,FAILURE TO OBEY TRAFFIC SIGNS SIGNALS OR OFFICER,ON ROADWAY AT CROSSWALK,DISOBEYED PED. SIGNAL,MIXED CLOTHING,Yes,SUSPECTED MINOR INJURY,39.092535,-77.19375833,"(39.092535, -77.19375833)"
MCP0036002R,15043045,MONTGOMERY,Injury Crash,08/27/2015 04:04:00 PM,Maryland (State),RIDGE RD,Maryland (State),MAIN ST,,N/A,BICYCLIST,SINGLE VEHICLE,CLEAR,DRY,DAYLIGHT,NO CONTROLS,NONE DETECTED,NONE DETECTED,54AF657D-FCA7-440E-807D-4A8B5A421680,BICYCLIST,Walking/Riding w/Traffic,NO IMPROPER ACTIONS,ON ROADWAY NOT AT CROSSWALK,N/A,MIXED CLOTHING,No,SUSPECTED SERIOUS INJURY,39.28840503,-77.20512003,"(39.28840503, -77.20512003)"
DD5583001K,16035940,Rockville Police Departme,Injury Crash,07/15/2016 07:13:00 PM,Municipality,TEMPLETON PL,Unknown,CUL DE SAC,,N/A,PEDESTRIAN,SINGLE VEHICLE,CLEAR,DRY,DAYLIGHT,N/A,NONE DETECTED,NONE DETECTED,6486D483-3508-4664-B27D-ABE4457270A8,PEDESTRIAN,Standing,NO IMPROPER ACTIONS,SIDEWALK,OTHER,LIGHT CLOTHING,No,POSSIBLE INJURY,39.06651619,-77.12910488,"(39.06651619, -77.12910488)"
MCP29410021,170515017,Montgomery County Police,Injury Crash,06/21/2017 07:40:00 PM,County,FENTON ST,County,WAYNE AVE,,N/A,PEDESTRIAN,SINGLE VEHICLE,CLEAR,DRY,DAYLIGHT,NO CONTROLS,NONE DETECTED,N/A,8727DA2A-4FC5-4077-BBB6-34062F2AED9A,PEDESTRIAN,Cross/Enter at Intersection,DART DASH,AT INTERSECTION MARKED CROSSWALK,N/A,LIGHT CLOTHING,Unknown,POSSIBLE INJURY,38.99609445,-77.02474952,"(38.99609445, -77.02474952)"
MCP1174002B,170522951,Montgomery County Police,Injury Crash,08/04/2017 12:40:00 PM,Maryland (State),WISCONSIN AVE,County,ELM ST,,N/A,MACHINE OPERATOR/RIDER,SINGLE VEHICLE,CLEAR,DRY,DAYLIGHT,TRAFFIC SIGNAL,NONE DETECTED,NONE DETECTED,2A632BE1-2F27-4423-8DF6-C2228D658E5B,MACHINE OPERATOR/RIDER,Cross/Enter at Intersection,FAILURE TO OBEY TRAFFIC SIGNS SIGNALS OR OFFICER,AT INTERSECTION MARKED CROSSWALK,OTHER,DARK CLOTHING,Yes,POSSIBLE INJURY,38.98222227,-77.09306002,"(38.98222227, -77.09306002)"
MCP1170001C,16018039,Montgomery County Police,Injury Crash,04/13/2016 10:30:00 AM,,,,,PARKING LOT OF 13100 OLD COLUMBIA PIKE,,PEDESTRIAN,OTHER,N/A,,DAYLIGHT,NO CONTROLS,NONE DETECTED,N/A,AF4527E3-19D7-415D-A3E7-3B22A2CF0029,PEDESTRIAN,Other,OTHER,AT INTERSECTION MARKED CROSSWALK,NO PED. SIGNAL,N/A,Yes,SUSPECTED MINOR INJURY,39.065965,-77.159755,"(39.065965, -77.159755)"
MCP2813000X,15006645,Montgomery County Police,Injury Crash,02/09/2015 10:10:00 PM,County,REEDIE DR,Maryland (State),GEORGIA AVE,,N/A,PEDESTRIAN,SINGLE VEHICLE,RAINING,WET,DARK LIGHTS ON,TRAFFIC SIGNAL,N/A,N/A,F1B6035A-9211-4D8C-9B42-6D9F82CEB9AE,PEDESTRIAN,Walking/Riding w/Traffic,NO IMPROPER ACTIONS,AT INTERSECTION MARKED CROSSWALK,OBEYED PED. SIGNAL,DARK CLOTHING,,POSSIBLE INJURY,39.03984667,-77.04851333,"(39.03984667, -77.04851333)"
MCP9386004G,17015027,Montgomery County Police,Injury Crash,03/24/2017 10:04:00 AM,Maryland (State),OLD GEORGETOWN RD,County,EDGEMOOR LA,,N/A,PEDESTRIAN,OTHER,RAINING,WET,DAYLIGHT,TRAFFIC SIGNAL,NONE DETECTED,NONE DETECTED,58BF0ACA-7199-4B71-A6E3-3EFE2BA7C062,PEDESTRIAN,Cross/Enter at Intersection,NO IMPROPER ACTIONS,AT INTERSECTION MARKED CROSSWALK,OBEYED PED. SIGNAL,DARK CLOTHING,No,POSSIBLE INJURY,38.98573833,-77.09561667,"(38.98573833, -77.09561667)"
MCP2658001D,16061111,Montgomery County Police,Injury Crash,11/28/2016 06:45:00 PM,US (State),COLUMBIA PIKE,Other Public Roadway,TECH RD,,N/A,PEDESTRIAN,SINGLE VEHICLE,CLEAR,DRY,DARK LIGHTS ON,TRAFFIC SIGNAL,NONE DETECTED,NONE DETECTED,C2DF6BC1-E0BD-4D05-B49D-8A9B726628A6,PEDESTRIAN,Walking/Cycling on Sidewalk,FAILURE TO OBEY TRAFFIC SIGNS SIGNALS OR OFFICER,AT INTERSECTION MARKED CROSSWALK,DISOBEYED PED. SIGNAL,DARK CLOTHING,Yes,POSSIBLE INJURY,39.05784618,-76.96839496,"(39.05784618, -76.96839496)"
MCP29050016,15034441,MONTGOMERY,Property Damage Crash,07/13/2015 05:43:00 PM,County,FERNWOOD RD,County,ROCK SPRING DR,,N/A,BICYCLIST,STRAIGHT MOVEMENT ANGLE,CLEAR,WET,DAYLIGHT,TRAFFIC SIGNAL,NONE DETECTED,NONE DETECTED,EA4A2940-6D33-41E5-8038-07B169F7C13C,BICYCLIST,Cross/Enter at Intersection,NO IMPROPER ACTIONS,AT INTERSECTION MARKED CROSSWALK,OBEYED PED. SIGNAL,MIXED CLOTHING,No,NO APPARENT INJURY,39.02381833,-77.13551333,"(39.02381833, -77.13551333)"
MCP2837000X,16017506,Montgomery County Police,Injury Crash,04/10/2016 12:10:00 PM,Maryland (State),DARNESTOWN RD,Maryland (State),SENECA RD,,N/A,BICYCLIST,HEAD ON LEFT TURN,N/A,DRY,DAYLIGHT,NO CONTROLS,NONE DETECTED,NONE DETECTED,AD3701A4-C2C2-46FA-8607-49DEC5037B98,BICYCLIST,Cross/Enter not at Intersection,NO IMPROPER ACTIONS,ON ROADWAY NOT AT CROSSWALK,NO PED. SIGNAL,N/A,No,POSSIBLE INJURY,39.103765,-77.292745,"(39.103765, -77.292745)"
MCP29730025,16049321,Montgomery County Police,Injury Crash,09/25/2016 12:27:00 PM,County,FALCON ST,County,CALDWELL ST,,N/A,PEDESTRIAN,N/A,CLEAR,DRY,DAYLIGHT,NO CONTROLS,NONE DETECTED,N/A,7297DF94-800E-4964-AD31-B7E6CC4E80CD,PEDESTRIAN,Playing,DART DASH,ON ROADWAY NOT AT CROSSWALK,NO PED. SIGNAL,MIXED CLOTHING,Yes,POSSIBLE INJURY,39.06687021,-77.09160894,"(39.06687021, -77.09160894)"
DD55950034,16052438,Rockville Police Departme,Injury Crash,10/12/2016 10:38:00 AM,,,,,THE PARKING LOT OF 15215 SHADY GROVE RD,,PEDESTRIAN,SINGLE VEHICLE,CLEAR,,DAYLIGHT,N/A,NONE DETECTED,NONE DETECTED,AD8B149F-32F8-44C4-B558-304D15074DD1,PEDESTRIAN,Other,DART DASH,OTHER,NO PED. SIGNAL,DARK CLOTHING,Yes,SUSPECTED MINOR INJURY,39.10634954,-77.18926549,"(39.10634954, -77.18926549)"
DD5502002C,16021808,Rockville Police Departme,Injury Crash,05/03/2016 12:15:00 PM,Maryland (State),HUNGERFORD DR,Municipality,A ST,,ROCKVILLE,PEDESTRIAN,OTHER,CLOUDY,DRY,DAYLIGHT,TRAFFIC SIGNAL,UNKNOWN,NONE DETECTED,305316F3-D050-4DC5-920B-76A02F99EE4F,PEDESTRIAN,Cross/Enter at Intersection,NO IMPROPER ACTIONS,ON ROADWAY AT CROSSWALK,OBEYED PED. SIGNAL,MIXED CLOTHING,No,SUSPECTED MINOR INJURY,39.09198065,-77.15315089,"(39.09198065, -77.15315089)"
MCP13780047,15004900,Montgomery County Police,Injury Crash,01/30/2015 06:09:00 PM,,,,,DRIVEWAY ENTRANCE TO 390 N. SUMMIT AVE,,PEDESTRIAN,SINGLE VEHICLE,CLEAR,,DARK LIGHTS ON,NO CONTROLS,NONE DETECTED,NONE DETECTED,DE93EAB7-9CAF-4AF4-BFB2-359B65F1B81B,PEDESTRIAN,Cross/Enter at Intersection,NO IMPROPER ACTIONS,DRIVEWAY ACCESS MARKED CROSSWALK,NO PED. SIGNAL,DARK CLOTHING,,SUSPECTED MINOR INJURY,39.14908,-77.19287667,"(39.14908, -77.19287667)"
MCP91130017,16011299,MONTGOMERY,Injury Crash,03/07/2016 01:24:00 PM,County,RANDOLPH RD,County,SELFRIDGE RD,,N/A,PEDESTRIAN,OTHER,CLEAR,DRY,DAYLIGHT,TRAFFIC SIGNAL,NONE DETECTED,UNKNOWN,BDFA5AC1-C20D-437A-890E-23B1D95570B6,PEDESTRIAN,Cross/Enter at Intersection,OTHER,ON ROADWAY AT CROSSWALK,DISOBEYED PED. SIGNAL,UNKNOWN,Yes,SUSPECTED MINOR INJURY,39.05523167,-77.08356667,"(39.05523167, -77.08356667)"
MCP2773001T,16026276,Montgomery County Police,Injury Crash,05/26/2016 07:08:00 PM,,,,,SIDE WALK IN FRONT OF PARKING LOT OF 420 UNIVERSITY BLVD E,,PEDESTRIAN,OTHER,CLEAR,,DAYLIGHT,NO CONTROLS,NONE DETECTED,N/A,8C3617C0-C5A6-483D-A450-A2A72F006B40,PEDESTRIAN,Other,NO IMPROPER ACTIONS,SIDEWALK,NO PED. SIGNAL,N/A,No,POSSIBLE INJURY,39.008748,-76.99865,"(39.008748, -76.99865)"
MCP2001000R,170519887,Montgomery County Police,Injury Crash,07/18/2017 09:23:00 PM,County,CONNECTICUT AVE,Maryland (State),GEORGIA AVE,,N/A,PEDESTRIAN,SINGLE VEHICLE,CLEAR,DRY,DARK LIGHTS ON,NO CONTROLS,UNKNOWN,UNKNOWN,01BBCF6C-D9BE-494E-AD0D-758511F15CB8,PEDESTRIAN,Cross/Enter not at Intersection,UNKNOWN,ON ROADWAY NOT AT CROSSWALK,NO PED. SIGNAL,DARK CLOTHING,Unknown,SUSPECTED SERIOUS INJURY,39.08211036,-77.0797348,"(39.08211036, -77.0797348)"
MCP1017000R,15005676,Montgomery County Police,Injury Crash,02/04/2015 01:00:00 PM,,,,,"Parking lot of 7400 Arlington Road, Bethesda, MD",,PEDESTRIAN,SINGLE VEHICLE,CLEAR,,DAYLIGHT,NO CONTROLS,NONE DETECTED,NONE DETECTED,1D8FD011-6F2B-4415-BBA9-9DCB548E4A07,PEDESTRIAN,Other,NO IMPROPER ACTIONS,OTHER,NO PED. SIGNAL,MIXED CLOTHING,,SUSPECTED MINOR INJURY,38.983485,-77.098805,"(38.983485, -77.098805)"
MCP2717002Z,15048298,MONTGOMERY,Injury Crash,09/23/2015 05:20:00 PM,County,JONES BRIDGE RD,County,JONES MILL RD,,N/A,BICYCLIST,OTHER,CLEAR,DRY,DAYLIGHT,NO CONTROLS,NONE DETECTED,NONE DETECTED,DE9FF4FD-0C1E-4E0B-AF2C-B33241D30B78,BICYCLIST,Walking/Riding w/Traffic,NO IMPROPER ACTIONS,IN BIKEWAY,NO PED. SIGNAL,MIXED CLOTHING,No,SUSPECTED MINOR INJURY,39.06598833,-77.159785,"(39.06598833, -77.159785)"
MCP26370016,16061165,Montgomery County Police,Injury Crash,11/29/2016 07:33:00 AM,County,SEVEN LOCKS RD,County,TUCKERMAN LA,,N/A,PEDESTRIAN,OTHER,RAINING,WET,DAWN,TRAFFIC SIGNAL,NONE DETECTED,NONE DETECTED,1E3CFBA6-4D72-4D31-8379-82E990A3CE16,PEDESTRIAN,Cross/Enter at Intersection,NO IMPROPER ACTIONS,AT INTERSECTION MARKED CROSSWALK,OBEYED PED. SIGNAL,DARK CLOTHING,No,POSSIBLE INJURY,39.04061963,-77.15897799,"(39.04061963, -77.15897799)"
MCP2907000W,15004097,Montgomery County Police,Injury Crash,01/25/2015 09:04:00 PM,County,ELM ST,Maryland (State),WISCONSIN AVE,,N/A,PEDESTRIAN,OTHER,CLEAR,DRY,DARK LIGHTS ON,TRAFFIC SIGNAL,NONE DETECTED,NONE DETECTED,509DF3AE-1744-469E-AA63-0CDDEBB262B4,PEDESTRIAN,Cross/Enter at Intersection,NO IMPROPER ACTIONS,ON ROADWAY AT CROSSWALK,OBEYED PED. SIGNAL,DARK CLOTHING,,SUSPECTED MINOR INJURY,38.98287833,-77.09362,"(38.98287833, -77.09362)"
MCP2201000Y,170511222,Montgomery County Police,Injury Crash,06/01/2017 08:14:00 PM,Maryland (State),COLESVILLE RD,County,SECOND AVE,,N/A,PEDESTRIAN,STRAIGHT MOVEMENT ANGLE,CLEAR,DRY,DARK LIGHTS ON,TRAFFIC SIGNAL,NONE DETECTED,NONE DETECTED,72DE848E-5281-4623-827C-ACA573FED069,PEDESTRIAN,Cross/Enter at Intersection,DART DASH,ON ROADWAY AT CROSSWALK,DISOBEYED PED. SIGNAL,DARK CLOTHING,Yes,POSSIBLE INJURY,38.99394417,-77.03144968,"(38.99394417, -77.03144968)"
MCP28890028,17003697,Montgomery County Police,Injury Crash,01/21/2017 08:28:00 PM,,,,,"PARKING LOT OF 11310 GEORGIA AVE SILVER SPRING, MD 20902",,PEDESTRIAN,OTHER,CLOUDY,,DARK LIGHTS ON,NO CONTROLS,NONE DETECTED,NONE DETECTED,C59F2E40-F93F-4AF8-861D-DA9C215B6A5C,PEDESTRIAN,Other,NO IMPROPER ACTIONS,SIDEWALK,NO PED. SIGNAL,MIXED CLOTHING,No,POSSIBLE INJURY,39.0412,-77.05229833,"(39.0412, -77.05229833)"
MCP26670013,15043390,MONTGOMERY,Injury Crash,08/29/2015 09:55:00 AM,,,,,acess road between 30 N Summit Ave and 32 N Summit Ave,,PEDESTRIAN,OTHER,CLEAR,,DAYLIGHT,NO CONTROLS,NONE DETECTED,NONE DETECTED,C3FDEE48-ACF6-4608-9360-BDABE1A5C36E,PEDESTRIAN,Other Working,NOT VISIBLE,OTHER,N/A,MIXED CLOTHING,Yes,SUSPECTED MINOR INJURY,39.14350816,-77.19279528,"(39.14350816, -77.19279528)"
MCP2659001H,17010628,Montgomery County Police,Injury Crash,02/28/2017 05:13:00 AM,County,BELVEDERE BLVD,County,FOREST GROVE DR,,N/A,PEDESTRIAN,OTHER,CLEAR,DRY,DARK LIGHTS ON,NO CONTROLS,ALCOHOL PRESENT,NONE DETECTED,20D0B011-BB19-4AB3-B53D-2735AE7EF83E,PEDESTRIAN,Cross/Enter at Intersection,NO IMPROPER ACTIONS,ON ROADWAY AT CROSSWALK,NO PED. SIGNAL,REFLECTIVE MATERIAL,No,SUSPECTED MINOR INJURY,39.01979,-77.03893833,"(39.01979, -77.03893833)"
MCP20550014,16033258,Montgomery County Police,Injury Crash,06/30/2016 10:00:00 PM,County,SHADY GROVE RD,Municipality,GAITHER RD,,ROCKVILLE,PEDESTRIAN,OTHER,CLEAR,DRY,DARK NO LIGHTS,UNKNOWN,UNKNOWN,N/A,55684B05-2FF8-4920-8884-75F762BD3969,PEDESTRIAN,Unknown,UNKNOWN,UNKNOWN,UNKNOWN,UNKNOWN,Unknown,SUSPECTED MINOR INJURY,39.11741719,-77.18395472,"(39.11741719, -77.18395472)"
MCP1366002D,15005713,Montgomery County Police,Injury Crash,02/04/2015 04:24:00 PM,County,BEDFORDSHIRE AVE,County,GLEN RD,,N/A,PEDESTRIAN,OTHER,N/A,DRY,DAYLIGHT,STOP SIGN,NONE DETECTED,NONE DETECTED,46A8DB8E-75FD-4F7F-8A4E-A462706CF286,PEDESTRIAN,Standing,ENTERING EXITING PARKED STANDING VEHICLE,OTHER,N/A,MIXED CLOTHING,,SUSPECTED SERIOUS INJURY,39.04685833,-77.20383667,"(39.04685833, -77.20383667)"
MCP21950009,15035166,Montgomery County Police,Injury Crash,02/22/2017 12:10:00 PM,County,E GUDE DR,Maryland (State),FREDERICK RD,,N/A,BICYCLIST,OTHER,CLEAR,DRY,DAYLIGHT,NO CONTROLS,NONE DETECTED,NONE DETECTED,0382707F-A1D8-41D5-B842-59380286DA85,BICYCLIST,Walking/Cycling on Sidewalk,NO IMPROPER ACTIONS,SIDEWALK,N/A,LIGHT CLOTHING,No,POSSIBLE INJURY,39.10954983,-77.18127283,"(39.10954983, -77.18127283)"
DD5611001F,16032163,Rockville Police Departme,Injury Crash,06/25/2016 11:35:00 AM,Municipality,CHAPMAN AVE,Municipality,HALPINE RD,,ROCKVILLE,PEDESTRIAN,HEAD ON LEFT TURN,CLEAR,DRY,DAYLIGHT,NO CONTROLS,NONE DETECTED,NONE DETECTED,52D95BB0-1FEA-4384-BAEE-5F5938176AEE,PEDESTRIAN,Cross/Enter at Intersection,NO IMPROPER ACTIONS,ON ROADWAY AT CROSSWALK,NO PED. SIGNAL,LIGHT CLOTHING,No,POSSIBLE INJURY,39.062616,-77.12277367,"(39.062616, -77.12277367)"
EJ78470021,16040457,Gaithersburg Police Depar,Injury Crash,08/10/2016 12:05:00 AM,Municipality,S SUMMIT AVE,Municipality,E DIAMOND AVE,,GAITHERSBURG,PEDESTRIAN,SINGLE VEHICLE,CLEAR,DRY,DARK LIGHTS ON,TRAFFIC SIGNAL,NONE DETECTED,NONE DETECTED,62637BD7-7EA1-403E-B9FB-FCAB354F8A76,PEDESTRIAN,Cross/Enter at Intersection,DART DASH,AT INTERSECTION MARKED CROSSWALK,OBEYED PED. SIGNAL,DARK CLOTHING,Unknown,SUSPECTED MINOR INJURY,39.14178833,-77.19426,"(39.14178833, -77.19426)"
MCP2348002R,170516329,Montgomery County Police,Injury Crash,06/28/2017 09:59:00 PM,Maryland (State),VEIRS MILL RD,Unknown,CROSSOVER,,N/A,PEDESTRIAN,SINGLE VEHICLE,CLEAR,DRY,DARK LIGHTS ON,N/A,NONE DETECTED,NONE DETECTED,5510AFA1-27F9-4FA7-956F-28B73085F8A5,PEDESTRIAN,Walking/Cycling on Sidewalk,NO IMPROPER ACTIONS,SIDEWALK,NO PED. SIGNAL,MIXED CLOTHING,No,POSSIBLE INJURY,39.041405,-77.058375,"(39.041405, -77.058375)"
MCP1305001D,17505422,Montgomery County Police,Injury Crash,04/01/2017 08:15:00 PM,,,,,PARKING LOT OF 18250 FLOWER HILL WAY (GIANT),,PEDESTRIAN,SINGLE VEHICLE,UNKNOWN,,DARK LIGHTS ON,N/A,N/A,N/A,7ED882B2-5095-4C1F-B532-4B3F5049D171,PEDESTRIAN,Getting off/on Vehicle,NO IMPROPER ACTIONS,OTHER,N/A,UNKNOWN,No,POSSIBLE INJURY,39.15526153,-77.1655789,"(39.15526153, -77.1655789)"
MCP11820015,16009922,Montgomery County Police,Injury Crash,02/28/2016 12:38:00 PM,County,LOCUST AVE,County,ACACIA AVE,,N/A,PEDESTRIAN,HEAD ON,CLEAR,DRY,DAYLIGHT,NO CONTROLS,N/A,N/A,998BE3AB-DCFF-4807-9179-69605BE27C3C,PEDESTRIAN,Standing,NO IMPROPER ACTIONS,ON ROADWAY NOT AT CROSSWALK,NO PED. SIGNAL,LIGHT CLOTHING,No,SUSPECTED SERIOUS INJURY,39.00652833,-77.10624667,"(39.00652833, -77.10624667)"
DD55830020,16058717,Rockville Police Departme,Injury Crash,11/14/2016 06:56:00 PM,,,,,PARKING LOT BETWEEN 7408 AND 7406 WESTMORE RD ROCKVILLE,,PEDESTRIAN,OTHER,CLEAR,,DARK NO LIGHTS,N/A,NONE DETECTED,NONE DETECTED,152E1B65-0314-4E72-ABA3-2AB6700CC1B3,PEDESTRIAN,Other,NOT VISIBLE,OTHER,N/A,DARK CLOTHING,Yes,SUSPECTED MINOR INJURY,39.09847022,-77.15177223,"(39.09847022, -77.15177223)"
DD5574000K,16038539,Rockville Police Departme,Property Damage Crash,07/29/2016 12:45:00 PM,Municipality,VINSON ST,Municipality,S WASHINGTON ST,,ROCKVILLE,OTHER CONVEYANCE,STRAIGHT MOVEMENT ANGLE,CLEAR,DRY,DAYLIGHT,NO CONTROLS,N/A,N/A,B01EEC2B-A167-41DF-BDE8-56F30F0303ED,OTHER CONVEYANCE,Cross/Enter at Intersection,N/A,ON ROADWAY AT CROSSWALK,NO PED. SIGNAL,MIXED CLOTHING,No,NO APPARENT INJURY,39.08208333,-77.15273333,"(39.08208333, -77.15273333)"
MCP2717003D,15053034,MONTGOMERY,Injury Crash,10/19/2015 02:10:00 PM,,,,,Chipotle Parking Lot (10526 Connecticut Avenue),,PEDESTRIAN,OTHER,CLEAR,,DAYLIGHT,NO CONTROLS,NONE DETECTED,NONE DETECTED,22361CF8-13BD-45DB-8B04-E7B351F6F90F,PEDESTRIAN,Other,FAILURE TO YIELD RIGHT OF WAY,OTHER,NO PED. SIGNAL,MIXED CLOTHING,Yes,SUSPECTED MINOR INJURY,39.02779385,-77.07665563,"(39.02779385, -77.07665563)"
MCP2937001J,15063824,Montgomery County Police,Injury Crash,12/14/2015 10:32:00 AM,County,BLACKBURN RD,Unknown,CUL DE SAC,,N/A,PEDESTRIAN,SINGLE VEHICLE,N/A,DRY,DAYLIGHT,NO CONTROLS,NONE DETECTED,NONE DETECTED,18393E1A-62CC-40F3-A1C4-ADE27F337B22,PEDESTRIAN,Cross/Enter not at Intersection,FAILURE TO YIELD RIGHT OF WAY,ON ROADWAY NOT AT CROSSWALK,NO PED. SIGNAL,LIGHT CLOTHING,Yes,POSSIBLE INJURY,39.09888966,-76.92820072,"(39.09888966, -76.92820072)"
MCP2369000P,16021573,Montgomery County Police,Property Damage Crash,05/02/2016 08:48:00 AM,County,EDEN RD,County,KATHRYN RD,,N/A,OTHER,OTHER,RAINING,N/A,DAYLIGHT,STOP SIGN,NONE DETECTED,N/A,06B985E2-B9D4-49E2-BA2A-D8690E430D74,OTHER,N/A,N/A,N/A,N/A,N/A,No,NO APPARENT INJURY,39.04995,-76.98717833,"(39.04995, -76.98717833)"
MCP0251000T,15061391,MONTGOMERY,Injury Crash,12/01/2015 11:00:00 AM,,,,,"parking lot of 951 N. Frederick Rd. Gaithersburg,  Md. 20879",,PEDESTRIAN,SINGLE VEHICLE,UNKNOWN,,DAYLIGHT,N/A,UNKNOWN,UNKNOWN,BD53182E-F203-48A7-8CFA-5DE6D71820BD,PEDESTRIAN,Standing,NO IMPROPER ACTIONS,OTHER,N/A,DARK CLOTHING,No,POSSIBLE INJURY,39.155988,-77.215948,"(39.155988, -77.215948)"
MCP2992000W,16052099,Montgomery County Police,Property Damage Crash,10/10/2016 01:30:00 PM,,,,,PARKING LOT 3335 HEWITT AVE SILVER SPRING MD 20906,,OTHER,SINGLE VEHICLE,N/A,,DAYLIGHT,NO CONTROLS,NONE DETECTED,N/A,D2F9DA62-ED00-4E9D-9C41-A49DE581EF07,OTHER,Other,NO IMPROPER ACTIONS,OTHER,N/A,N/A,No,NO APPARENT INJURY,39.07981333,-77.06794167,"(39.07981333, -77.06794167)"
MCP94280013,16023526,Montgomery County Police,Property Damage Crash,05/12/2016 05:35:00 AM,Maryland (State),DAMASCUS RD,County,CHROME MINE RD,,N/A,IN ANIMAL-DRAWN VEH,STRAIGHT MOVEMENT ANGLE,FOGGY,N/A,DAWN,NO CONTROLS,N/A,N/A,A8C041DC-35A9-405B-8DF4-3B1CC356ABB4,IN ANIMAL-DRAWN VEH,Other,DART DASH,SHOULDER,N/A,N/A,No,NO APPARENT INJURY,39.26200167,-77.14981667,"(39.26200167, -77.14981667)"
MCP1425000B,170528335,Montgomery County Police,Property Damage Crash,09/02/2017 01:51:00 PM,Maryland (State),FALLS RD,County,GLEN RD,,N/A,OTHER,SINGLE VEHICLE,RAINING,WET,DAYLIGHT,NO CONTROLS,N/A,N/A,6467E07E-6858-429C-924D-394EC1E80AE4,OTHER,N/A,N/A,N/A,N/A,N/A,No,NO APPARENT INJURY,39.04686,-77.19077667,"(39.04686, -77.19077667)"
MCP2612001K,16061094,Montgomery County Police,Injury Crash,11/28/2016 05:21:00 PM,Maryland (State),CONNECTICUT AVE,County,ASPEN HILL RD,,N/A,PEDESTRIAN,OTHER,CLEAR,DRY,DARK LIGHTS ON,OTHER,NONE DETECTED,NONE DETECTED,76F2ED77-1EAD-4A21-A185-A66102DB85E6,PEDESTRIAN,Cross/Enter at Intersection,NO IMPROPER ACTIONS,ON ROADWAY AT CROSSWALK,OBEYED PED. SIGNAL,MIXED CLOTHING,No,SUSPECTED MINOR INJURY,39.08044333,-77.08018333,"(39.08044333, -77.08018333)"
MCP28050020,16044966,Montgomery County Police,Injury Crash,09/02/2016 08:19:00 PM,County,LOST KNIFE RD,County,CONTOUR RD,,N/A,PEDESTRIAN,SINGLE VEHICLE,CLEAR,DRY,DARK LIGHTS ON,NO CONTROLS,NONE DETECTED,NONE DETECTED,7AEE0F89-3DAA-4EAE-A76E-1DF59E40B893,PEDESTRIAN,Cross/Enter at Intersection,N/A,ON ROADWAY AT CROSSWALK,NO PED. SIGNAL,N/A,No,SUSPECTED MINOR INJURY,39.15483167,-77.20111,"(39.15483167, -77.20111)"
DD55830022,16064028,Rockville Police Departme,Injury Crash,12/15/2016 05:16:00 PM,Municipality,FLEET ST,Municipality,JEFFERSON PLAZA,,ROCKVILLE,PEDESTRIAN,SINGLE VEHICLE,CLEAR,DRY,DARK LIGHTS ON,STOP SIGN,UNKNOWN,NONE DETECTED,B4011BB5-0C35-434F-91C3-C893B162E160,PEDESTRIAN,Walking to/from school,NO IMPROPER ACTIONS,AT INTERSECTION MARKED CROSSWALK,NO PED. SIGNAL,DARK CLOTHING,No,POSSIBLE INJURY,39.08044886,-77.1461302,"(39.08044886, -77.1461302)"
MCP2751000M,15028831,MONTGOMERY,Injury Crash,06/13/2015 05:26:00 PM,County,BEL PRE RD,County,CONNECTICUT AVE,,N/A,PEDESTRIAN,OTHER,CLEAR,DRY,DAYLIGHT,STOP SIGN,NONE DETECTED,NONE DETECTED,7B823234-906A-48C6-A1FD-BDBB8BA06A69,PEDESTRIAN,Cross/Enter at Intersection,NO IMPROPER ACTIONS,ON ROADWAY AT CROSSWALK,NO PED. SIGNAL,DARK CLOTHING,No,POSSIBLE INJURY,39.091445,-77.06944167,"(39.091445, -77.06944167)"