Report Number,Local Case Number,Agency Name,ACRS Report Type,Crash Date/Time,Route Type,Road Name,Cross-Street Type,Cross-Street Name,Off-Road Description,Municipality,Related Non-Motorist,Collision Type,Weather,Surface Condition,Light,Traffic Control,Driver Substance Abuse,Non-Motorist Substance Abuse,Person ID,Pedestrian Type,Pedestrian Movement,Pedestrian Actions,Pedestrian Location,Pedestrian Obeyed Traffic Signal,Pedestrian Visibility,At Fault,Injury Severity,Latitude,Longitude,Location
MCP2244000R,15062552,MONTGOMERY,Injury Crash,12/07/2015 07:00:00 PM,County,TIMBERWOOD AVE,County,SUTHERLAND RD,,N/A,PEDESTRIAN,OTHER,CLEAR,DRY,DARK NO LIGHTS,NO CONTROLS,NONE DETECTED,NONE DETECTED,401FD56A-FFCE-4A78-8586-15572C6D821E,PEDESTRIAN,Cross/Enter at Intersection,NO IMPROPER ACTIONS,ON ROADWAY AT CROSSWALK,NO PED. SIGNAL,DARK CLOTHING,No,SUSPECTED MINOR INJURY,39.02183436,-77.01278687,"(39.02183436, -77.01278687)"
MCP2439000D,14064779,Montgomery County Police,Injury Crash,01/01/2015 06:00:00 PM,County,CONTOUR RD,County,HORIZON RUN RD,,N/A,PEDESTRIAN,N/A,CLEAR,DRY,DARK NO LIGHTS,NO CONTROLS,N/A,N/A,9E175636-4D5C-4C5D-A2E8-B03CD962B532,PEDESTRIAN,N/A,INATTENTIVE,ON ROADWAY AT CROSSWALK,NO PED. SIGNAL,DARK CLOTHING,,POSSIBLE INJURY,39.1552397,-77.197752,"(39.1552397, -77.197752)"
MCP27890026,16003701,Montgomery County Police,Injury Crash,01/20/2016 07:20:00 PM,Maryland (State),GEORGIA AVE,County,AUGUST DR,,N/A,PEDESTRIAN,SINGLE VEHICLE,SNOW,SNOW,DARK LIGHTS ON,NO CONTROLS,N/A,N/A,ECD282E3-9D31-4663-B0CF-88F845E4C89E,PEDESTRIAN,Walking/Cycling on Sidewalk,OTHER,OTHER,N/A,MIXED CLOTHING,Yes,SUSPECTED MINOR INJURY,39.02171333,-77.04463,"(39.02171333, -77.04463)"
MCP0619000T,16012744,MONTGOMERY,Injury Crash,03/15/2016 11:56:00 AM,Municipality,JEFFERSON PLAZA,Municipality,PARK AVE,,ROCKVILLE,PEDESTRIAN,OTHER,CLOUDY,DRY,DAYLIGHT,OTHER,N/A,N/A,F27E8171-409F-4DE4-86BE-08171A7005AC,PEDESTRIAN,Other,OTHER,ON ROADWAY NOT AT CROSSWALK,N/A,LIGHT CLOTHING,No,SUSPECTED MINOR INJURY,39.08102248,-77.14677796,"(39.08102248, -77.14677796)"
DD55950039,16064756,Rockville Police Departme,Injury Crash,12/17/2016 06:37:00 PM,Municipality,ELMCROFT BLVD,Municipality,REDLAND BLVD,,ROCKVILLE,PEDESTRIAN,OTHER,CLEAR,WET,DARK LIGHTS ON,NO CONTROLS,NONE DETECTED,NONE DETECTED,C257DE12-4FE1-409F-91BC-584574B8CF76,PEDESTRIAN,Cross/Enter at Intersection,NO IMPROPER ACTIONS,ON ROADWAY AT CROSSWALK,NO PED. SIGNAL,DARK CLOTHING,No,SUSPECTED MINOR INJURY,39.11449667,-77.167116,"(39.11449667, -77.167116)"
MCP11680009,15039762,MONTGOMERY,Injury Crash,08/10/2015 01:08:00 PM,Maryland (State),GEORGIA AVE,County,QUEEN ELIZABETH DR,,N/A,PEDESTRIAN,SINGLE VEHICLE,CLOUDY,DRY,DAYLIGHT,TRAFFIC SIGNAL,NONE DETECTED,NONE DETECTED,8E83DA6F-CAB8-4E95-9357-3B854702C4B0,PEDESTRIAN,Cross/Enter at Intersection,NO IMPROPER ACTIONS,ON ROADWAY AT CROSSWALK,OBEYED PED. SIGNAL,MIXED CLOTHING,No,SUSPECTED MINOR INJURY,39.15919833,-77.064625,"(39.15919833, -77.064625)"
MCP23570024,170501222,Montgomery County Police,Injury Crash,04/09/2017 10:09:00 AM,US (State),GEORGIA AVE,County,SILVER SPRING AVE,,N/A,PEDESTRIAN,SAME DIR REAR END,CLEAR,N/A,DAYLIGHT,TRAFFIC SIGNAL,NONE DETECTED,N/A,374CE382-C6E1-471D-9343-2C19A17A408B,PEDESTRIAN,N/A,N/A,SIDEWALK,N/A,N/A,No,NO APPARENT INJURY,38.99150667,-77.02683833,"(38.99150667, -77.02683833)"
DD5508003N,170513397,Rockville Police Departme,Injury Crash,06/13/2017 12:24:00 PM,Municipality,N WASHINGTON ST,Municipality,WOOD LA,,ROCKVILLE,PEDESTRIAN,OTHER,CLEAR,DRY,DAYLIGHT,STOP SIGN,NONE DETECTED,NONE DETECTED,8E1CEC93-70C6-4D63-9660-9427A50558B6,PEDESTRIAN,Cross/Enter at Intersection,NO IMPROPER ACTIONS,ON ROADWAY AT CROSSWALK,OBEYED PED. SIGNAL,MIXED CLOTHING,No,SUSPECTED MINOR INJURY,39.08606,-77.15289833,"(39.08606, -77.15289833)"
DD5583001V,16051391,Rockville Police Departme,Injury Crash,10/06/2016 02:00:00 PM,,,,,"PARKING LOT OF GIANT FOOD, 625 HUNGERFORD DRIVE, ROCKVILLE",,PEDESTRIAN,OTHER,CLOUDY,,DAYLIGHT,N/A,UNKNOWN,NONE DETECTED,0F99B57D-29FE-4396-9536-EC9C2D673F73,PEDESTRIAN,Other,NO IMPROPER ACTIONS,OTHER,N/A,MIXED CLOTHING,No,POSSIBLE INJURY,39.09294866,-77.15273112,"(39.09294866, -77.15273112)"
MCP2767001G,15056017,MONTGOMERY,Injury Crash,11/03/2015 04:38:00 PM,,,,,"In parking lot in front of 11240 Georgia Avenue, Wheaton MD 20902",,PEDESTRIAN,SINGLE VEHICLE,CLEAR,,DAYLIGHT,NO CONTROLS,NONE DETECTED,NONE DETECTED,23AFD6CC-11A4-4EBE-BC82-126892C93966,PEDESTRIAN,Standing,NO IMPROPER ACTIONS,OTHER,N/A,LIGHT CLOTHING,No,SUSPECTED SERIOUS INJURY,39.03979833,-77.05151,"(39.03979833, -77.05151)"
MCP29420012,15040254,MONTGOMERY,Injury Crash,08/12/2015 08:17:00 PM,Maryland (State),OLD GEORGETOWN RD,Government,CENTER DR,,N/A,BICYCLIST,STRAIGHT MOVEMENT ANGLE,CLEAR,DRY,DUSK,TRAFFIC SIGNAL,NONE DETECTED,NONE DETECTED,A7C62070-4AF1-4A55-AB09-3378744720AB,BICYCLIST,Cross/Enter at Intersection,NO IMPROPER ACTIONS,ON ROADWAY AT CROSSWALK,NO PED. SIGNAL,N/A,No,SUSPECTED MINOR INJURY,39.00292738,-77.10989356,"(39.00292738, -77.10989356)"
MCP1575005H,170522067,Montgomery County Police,Injury Crash,07/31/2017 09:06:00 AM,Maryland (State),FREDERICK RD,County,REDLAND RD,,N/A,BICYCLIST,OTHER,CLEAR,DRY,DAYLIGHT,NO CONTROLS,NONE DETECTED,NONE DETECTED,26C5B1FE-CAFE-4B52-A8A1-BF8627917602,BICYCLIST,Other,NO IMPROPER ACTIONS,SIDEWALK,NO PED. SIGNAL,MIXED CLOTHING,No,POSSIBLE INJURY,39.11558333,-77.16568667,"(39.11558333, -77.16568667)"
MCP20610005,15061920,Montgomery County Police,Injury Crash,11/12/2015 07:30:00 AM,Municipality,NORRIS RD,Maryland (State),FISHER AVE,,N/A,PEDESTRIAN,STRAIGHT MOVEMENT ANGLE,CLEAR,DRY,DAWN,STOP SIGN,N/A,N/A,0B3B1321-2B1E-46E3-84B4-FA167BB1684F,PEDESTRIAN,Cross/Enter at Intersection,NO IMPROPER ACTIONS,ON ROADWAY AT CROSSWALK,NO PED. SIGNAL,DARK CLOTHING,Unknown,SUSPECTED MINOR INJURY,39.14544691,-77.41474271,"(39.14544691, -77.41474271)"
DD5602000F,16041851,Rockville Police Departme,Injury Crash,08/18/2016 01:35:00 AM,Municipality,MONROE ST,Municipality,MT VERNON PL,,ROCKVILLE,PEDESTRIAN,OTHER,N/A,WET,DARK NO LIGHTS,NO CONTROLS,UNKNOWN,ALCOHOL PRESENT,BA21D37A-8CDC-49D6-AD3B-906F263182D5,PEDESTRIAN,Walking/Riding w/Traffic,IN ROADWAY IMPROPERLY,ON ROADWAY NOT AT CROSSWALK,N/A,DARK CLOTHING,Yes,POSSIBLE INJURY,39.07894833,-77.15103,"(39.07894833, -77.15103)"
MCP2886001L,16026787,Montgomery County Police,Injury Crash,05/29/2016 03:03:00 PM,Maryland (State),CONNECTICUT AVE,County,WELLER RD,,N/A,PEDESTRIAN,SINGLE VEHICLE,CLEAR,DRY,DAYLIGHT,N/A,NONE DETECTED,NONE DETECTED,E47CB9B1-F806-471B-8FD6-FABD055329E7,PEDESTRIAN,Cross/Enter at Intersection,NO IMPROPER ACTIONS,ON ROADWAY AT CROSSWALK,OBEYED PED. SIGNAL,MIXED CLOTHING,No,POSSIBLE INJURY,39.063535,-77.07347167,"(39.063535, -77.07347167)"
MCP3074000D,170527544,Montgomery County Police,Injury Crash,08/29/2017 01:08:00 PM,Maryland (State),UNIVERSITY BLVD E,US (State),COLESVILLE RD,,N/A,PEDESTRIAN,OTHER,RAINING,WET,DAYLIGHT,NO CONTROLS,NONE DETECTED,NONE DETECTED,D60EC608-ED00-4B2C-B37E-7435C336D344,PEDESTRIAN,Walking/Riding against Traffic,IN ROADWAY IMPROPERLY,ON ROADWAY NOT AT CROSSWALK,UNKNOWN,LIGHT CLOTHING,Yes,SUSPECTED MINOR INJURY,39.0207591,-77.01366663,"(39.0207591, -77.01366663)"
MCP3007001K,17016536,Montgomery County Police,Injury Crash,04/01/2017 08:25:00 AM,County,BEL PRE RD,Other Public Roadway,PARKER FARM WAY,,N/A,PEDESTRIAN,SINGLE VEHICLE,RAINING,WET,DAYLIGHT,TRAFFIC SIGNAL,N/A,N/A,60AC6D3B-F345-4776-A597-9F1B29A6BC8D,PEDESTRIAN,Cross/Enter at Intersection,NO IMPROPER ACTIONS,ON ROADWAY AT CROSSWALK,OBEYED PED. SIGNAL,MIXED CLOTHING,No,POSSIBLE INJURY,39.09052549,-77.04792112,"(39.09052549, -77.04792112)"
MCP27590012,16009327,MONTGOMERY,Injury Crash,02/24/2016 09:25:00 PM,,,,,"PARKING LOT OF 1290 EAST WEST HWY, SILVER SPRING MD 20910",,PEDESTRIAN,OTHER,RAINING,,DARK LIGHTS ON,N/A,N/A,N/A,4FE341A2-9143-4931-8214-201BEFE0C29C,PEDESTRIAN,Other,UNKNOWN,ON ROADWAY AT CROSSWALK,NO PED. SIGNAL,MIXED CLOTHING,No,POSSIBLE INJURY,38.99217115,-77.03228116,"(38.99217115, -77.03228116)"
MCP9130001K,15045701,MONTGOMERY,Injury Crash,09/10/2015 08:30:00 AM,,,,,"Driveway/Sidewalk in front of 8436 10th Avenue Silver Spring, MD 20903",,PEDESTRIAN,SINGLE VEHICLE,CLEAR,,DAYLIGHT,NO CONTROLS,NONE DETECTED,NONE DETECTED,640E696F-53E0-428C-8E98-FA222D1007C9,PEDESTRIAN,Walking to/from school,NO IMPROPER ACTIONS,SIDEWALK,N/A,LIGHT CLOTHING,No,SUSPECTED MINOR INJURY,38.99539167,-76.99128333,"(38.99539167, -76.99128333)"
MCP2765003N,17009224,Montgomery County Police,Injury Crash,02/20/2017 05:00:00 PM,,,,,7949 TUCKERMAN LA - CABIN JOHN SHOPPING CENTER,,PEDESTRIAN,SINGLE VEHICLE,CLEAR,,DAYLIGHT,NO CONTROLS,NONE DETECTED,NONE DETECTED,E6B20618-6054-4990-8F42-2AA3CA303C8D,PEDESTRIAN,Cross/Enter not at Intersection,UNKNOWN,ON ROADWAY NOT AT CROSSWALK,NO PED. SIGNAL,MIXED CLOTHING,Yes,POSSIBLE INJURY,39.04094333,-77.15739333,"(39.04094333, -77.15739333)"
MCP242500B3,170526216,Montgomery County Police,Injury Crash,08/22/2017 01:47:00 PM,US (State),COLUMBIA PIKE,Unknown,BEGIN BRIDGE,,N/A,PEDESTRIAN,SINGLE VEHICLE,N/A,DRY,DAYLIGHT,NO CONTROLS,NONE DETECTED,NONE DETECTED,B669AB88-B7D9-4C8D-8A3C-0413F795826B,PEDESTRIAN,Other Working,NO IMPROPER ACTIONS,OUTSIDE RIGHT OF WAY,N/A,REFLECTIVE MATERIAL,No,SUSPECTED SERIOUS INJURY,39.132875,-76.91826833,"(39.132875, -76.91826833)"
MCP2694002D,16053873,Montgomery County Police,Injury Crash,10/19/2016 08:00:00 PM,Maryland (State),OLD GEORGETOWN RD,Maryland (State),WISCONSIN AVE,,N/A,PEDESTRIAN,SAME DIR REAR END,CLEAR,DRY,DARK LIGHTS ON,NO CONTROLS,NONE DETECTED,NONE DETECTED,19A1D4A0-C4D6-4125-A175-5406F9487AB0,PEDESTRIAN,Standing,DISABLED VEHICLE RELATED,OTHER,OTHER,MIXED CLOTHING,No,POSSIBLE INJURY,39.021475,-77.12278,"(39.021475, -77.12278)"
MCP1554000Y,15051825,MONTGOMERY,Injury Crash,10/12/2015 08:15:00 PM,Maryland (State),FREDERICK RD,Unknown,ENT TO SHADY GROVE METRO STATION,,N/A,PEDESTRIAN,STRAIGHT MOVEMENT ANGLE,CLEAR,DRY,DARK LIGHTS ON,TRAFFIC SIGNAL,"NONE DETECTED, UNKNOWN",UNKNOWN,99F8CBB4-1245-4A13-89F7-1537597C470C,PEDESTRIAN,Other,OTHER,ON ROADWAY NOT AT CROSSWALK,OTHER,DARK CLOTHING,No,SUSPECTED MINOR INJURY,39.11742167,-77.16875167,"(39.11742167, -77.16875167)"
MCP3014000P,16032310,Montgomery County Police,Injury Crash,06/26/2016 03:14:00 AM,Maryland (State),GEORGIA AVE,Maryland (State),CONNECTICUT AVE,,N/A,PEDESTRIAN,STRAIGHT MOVEMENT ANGLE,CLEAR,DRY,DARK LIGHTS ON,NO CONTROLS,UNKNOWN,ALCOHOL CONTRIBUTED,EB750F75-5C93-472D-A218-D7F9307C26AE,PEDESTRIAN,Cross/Enter not at Intersection,IN ROADWAY IMPROPERLY,ON ROADWAY NOT AT CROSSWALK,N/A,MIXED CLOTHING,Yes,SUSPECTED MINOR INJURY,39.08314096,-77.07761317,"(39.08314096, -77.07761317)"
EJ7853001X,16048626,Gaithersburg Police Depar,Injury Crash,09/21/2016 08:32:00 PM,,,,,"THE LOWER LEVEL PARKING LOT OF SEARS (701 RUSSELL AVE. GAITHERSBURG, MARYLAND 20877)",,BICYCLIST,HEAD ON LEFT TURN,CLEAR,,DARK NO LIGHTS,NO CONTROLS,N/A,N/A,45CFCF63-47A5-41D9-A152-F4CCB7D08FA5,BICYCLIST,Walking/Riding w/Traffic,OTHER,OTHER,OTHER,OTHER,No,SUSPECTED MINOR INJURY,39.14032333,-77.195595,"(39.14032333, -77.195595)"
MCP2485000J,16021742,Montgomery County Police,Injury Crash,05/03/2016 03:53:00 AM,County,DAIRYMAID DR,Maryland (State),GREAT SENECA HWY,,N/A,PEDESTRIAN,UNKNOWN,RAINING,WET,DARK NO LIGHTS,NO CONTROLS,,UNKNOWN,606617CE-AD74-4261-A932-154789F984F6,PEDESTRIAN,Cross/Enter at Intersection,UNKNOWN,AT INTERSECTION MARKED CROSSWALK,NO PED. SIGNAL,DARK CLOTHING,Unknown,POSSIBLE INJURY,39.15737,-77.27599667,"(39.15737, -77.27599667)"
MCP26590014,16037735,Montgomery County Police,Property Damage Crash,07/25/2016 11:18:00 PM,County,SEMINARY RD,Maryland (State),GEORGIA AVE,,N/A,BICYCLIST,OTHER,CLOUDY,DRY,DARK LIGHTS ON,TRAFFIC SIGNAL,N/A,NONE DETECTED,1AA1402C-9D9D-47B2-B829-521E032B9D8A,BICYCLIST,Cross/Enter at Intersection,NO IMPROPER ACTIONS,ON ROADWAY AT CROSSWALK,OBEYED PED. SIGNAL,LIGHT CLOTHING,No,NO APPARENT INJURY,39.00939,-77.040715,"(39.00939, -77.040715)"
MCP2753001H,16046889,Montgomery County Police,Injury Crash,09/13/2016 10:36:00 AM,,,,,"PRIVATELY OWNED/MAINTAINED ROADWAY
INTERSECTION OF 3300 N LEISURE WORLD BLVD AND NORBECK BLVD",,PEDESTRIAN,OTHER,CLEAR,,DAYLIGHT,STOP SIGN,NONE DETECTED,NONE DETECTED,8A2958B2-2CB2-4ADA-A591-1230130A0918,PEDESTRIAN,Cross/Enter at Intersection,NO IMPROPER ACTIONS,AT INTERSECTION MARKED CROSSWALK,NO PED. SIGNAL,LIGHT CLOTHING,No,SUSPECTED SERIOUS INJURY,39.109135,-77.06857833,"(39.109135, -77.06857833)"
DD5610001J,15066436,Rockville Police Departme,Injury Crash,12/27/2015 05:43:00 PM,County,TWINBROOK PKWY,Other Public Roadway,HALPINE RD,,N/A,PEDESTRIAN,SINGLE VEHICLE,CLEAR,DRY,DARK LIGHTS ON,N/A,N/A,N/A,9E896C50-590E-4936-B3FA-5FE42084B688,PEDESTRIAN,Cross/Enter at Intersection,NO IMPROPER ACTIONS,ON ROADWAY AT CROSSWALK,N/A,N/A,No,SUSPECTED MINOR INJURY,39.069593,-77.114073,"(39.069593, -77.114073)"
MCP3026001C,170527011,Montgomery County Police,Injury Crash,08/26/2017 12:47:00 PM,County,CEDAR LA,Maryland (State),ROCKVILLE PIKE,,N/A,BICYCLIST,OTHER,CLEAR,DRY,DAYLIGHT,TRAFFIC SIGNAL,NONE DETECTED,NONE DETECTED,9D40D505-53C0-4661-8B8C-6E91B3E6BFB0,BICYCLIST,Walking/Riding against Traffic,FAILURE TO OBEY TRAFFIC SIGNS SIGNALS OR OFFICER,ON ROADWAY AT CROSSWALK,DISOBEYED PED. SIGNAL,LIGHT CLOTHING,Yes,SUSPECTED MINOR INJURY,39.00646918,-77.09745012,"(39.00646918, -77.09745012)"
MCP9417000Y,15054976,MONTGOMERY,Injury Crash,10/29/2015 12:00:00 PM,County,EDSON LA,County,WOODGLEN DR,,N/A,PEDESTRIAN,OTHER,CLEAR,DRY,DAYLIGHT,PERSON,UNKNOWN,NONE DETECTED,8E2C6FE6-BDC9-48D8-9028-0FCB2F766DB5,PEDESTRIAN,Standing,NO IMPROPER ACTIONS,OTHER,N/A,REFLECTIVE MATERIAL,No,POSSIBLE INJURY,39.04020833,-77.11192667,"(39.04020833, -77.11192667)"
MCP20160019,16042551,Montgomery County Police,Injury Crash,08/22/2016 08:55:00 AM,,,,,"AMAZON SHIPPING WAREHOUSE LOCATED AT 861 E GUDE DRIVE ROCKVILLE, MD 20852",,PEDESTRIAN,OTHER,N/A,,DAYLIGHT,N/A,N/A,N/A,4FCFA298-6A89-454B-99C5-DC0877E803D1,PEDESTRIAN,Other,NO IMPROPER ACTIONS,N/A,N/A,N/A,No,SUSPECTED MINOR INJURY,39.10652333,-77.15140833,"(39.10652333, -77.15140833)"
MCP2298006X,15058021,MONTGOMERY,Injury Crash,11/13/2015 07:13:00 PM,,,,,DRIVE WAY TO 19815 GERMANTOWN ROAD EXXON,,PEDESTRIAN,OTHER,CLEAR,,DARK LIGHTS ON,NO CONTROLS,NONE DETECTED,NONE DETECTED,E7ABAB42-5A70-4151-B788-8F851BA8AF10,PEDESTRIAN,Walking/Cycling on Sidewalk,UNKNOWN,OTHER,N/A,MIXED CLOTHING,Unknown,SUSPECTED MINOR INJURY,39.181165,-77.26164833,"(39.181165, -77.26164833)"
MCP2082000K,15050540,MONTGOMERY,Injury Crash,10/24/2015 05:31:00 AM,Maryland (State),GEORGIA AVE,County,DENNIS AVE,,N/A,PEDESTRIAN,SINGLE VEHICLE,CLEAR,DRY,DARK -- UNKNOWN LIGHTING,FLASHING TRAFFIC SIGNAL,NONE DETECTED,NONE DETECTED,1A570F3F-0029-4907-A5BA-FD1AD4758B92,PEDESTRIAN,Cross/Enter at Intersection,UNKNOWN,N/A,UNKNOWN,MIXED CLOTHING,Unknown,POSSIBLE INJURY,39.02520174,-77.04608917,"(39.02520174, -77.04608917)"
DD56140022,17006536,Rockville Police Departme,Injury Crash,02/06/2017 06:15:00 PM,Municipality,MONROE ST,Other Public Roadway,MONROE PL,,N/A,PEDESTRIAN,STRAIGHT MOVEMENT ANGLE,CLEAR,DRY,DARK LIGHTS ON,STOP SIGN,NONE DETECTED,NONE DETECTED,C1816816-AADD-423D-AEB1-10873A6BE69E,PEDESTRIAN,Cross/Enter at Intersection,NO IMPROPER ACTIONS,ON ROADWAY AT CROSSWALK,NO PED. SIGNAL,MIXED CLOTHING,No,POSSIBLE INJURY,39.08324367,-77.14895067,"(39.08324367, -77.14895067)"
MCP2820001P,15052878,MONTGOMERY,Injury Crash,10/18/2015 02:01:00 PM,County,CHADWICK LA,County,MERTON RD,,N/A,PEDESTRIAN,OTHER,N/A,DRY,DAYLIGHT,N/A,NONE DETECTED,NONE DETECTED,99164813-04C3-493A-B5F2-BA5F8EB5BDAA,PEDESTRIAN,Standing,NO IMPROPER ACTIONS,SHOULDER,N/A,MIXED CLOTHING,No,SUSPECTED SERIOUS INJURY,39.09133333,-77.08547167,"(39.09133333, -77.08547167)"
MCP2767000L,15003795,Montgomery County Police,Injury Crash,01/23/2015 05:30:00 PM,County,AMHERST AVE,County,BLUERIDGE AVE,,N/A,PEDESTRIAN,SINGLE VEHICLE,SLEET,WET,DARK LIGHTS ON,YIELD SIGN,NONE DETECTED,NONE DETECTED,384DE869-2028-4682-B18A-DCB2E130AE4A,PEDESTRIAN,Cross/Enter at Intersection,DART DASH,AT INTERSECTION MARKED CROSSWALK,N/A,MIXED CLOTHING,,SUSPECTED SERIOUS INJURY,39.04335333,-77.047845,"(39.04335333, -77.047845)"
MCP2951002B,170516494,Montgomery County Police,Injury Crash,06/29/2017 07:20:00 PM,Maryland (State),GEORGIA AVE,Unknown,LOTTE PLAZA,,N/A,BICYCLIST,SINGLE VEHICLE,CLEAR,DRY,DAYLIGHT,STOP SIGN,NONE DETECTED,NONE DETECTED,D423F8B6-EADD-45F2-8C5F-8D7266F96947,BICYCLIST,Walking/Cycling on Sidewalk,NO IMPROPER ACTIONS,CURB,N/A,MIXED CLOTHING,No,POSSIBLE INJURY,39.07996167,-77.07373383,"(39.07996167, -77.07373383)"
MCP2512001K,15056825,MONTGOMERY,Injury Crash,11/07/2015 06:40:00 PM,,,,,Parking lot of 16541 S Frederick Ave,,PEDESTRIAN,OTHER,CLOUDY,,DARK LIGHTS ON,NO CONTROLS,NONE DETECTED,NONE DETECTED,9EE90D6C-AEB3-4B8D-A508-C48E4C105136,PEDESTRIAN,Other,NO IMPROPER ACTIONS,OTHER,N/A,MIXED CLOTHING,No,SUSPECTED MINOR INJURY,39.12707,-77.18435,"(39.12707, -77.18435)"
MCP9321001J,170522720,Montgomery County Police,Injury Crash,08/03/2017 11:09:00 AM,County,RANDOLPH RD,Other Public Roadway,GLENMONT CIR #1,,N/A,PEDESTRIAN,SINGLE VEHICLE,CLEAR,DRY,DAYLIGHT,TRAFFIC SIGNAL,NONE DETECTED,NONE DETECTED,74A8726B-ABD9-4831-8419-6C363D99780F,PEDESTRIAN,Cross/Enter at Intersection,NO IMPROPER ACTIONS,ON ROADWAY AT CROSSWALK,OBEYED PED. SIGNAL,LIGHT CLOTHING,No,SUSPECTED SERIOUS INJURY,39.05913833,-77.047445,"(39.05913833, -77.047445)"
MCP1205000Y,15009601,Montgomery County Police,Injury Crash,02/28/2015 09:21:00 AM,Maryland (State),CONNECTICUT AVE,Maryland (State),KNOWLES AVE,,N/A,PEDESTRIAN,SINGLE VEHICLE,CLEAR,DRY,DAYLIGHT,N/A,NONE DETECTED,N/A,87764BF4-D4E3-4D32-BC2A-222C99B26B5B,PEDESTRIAN,Standing,NO IMPROPER ACTIONS,OTHER,N/A,N/A,,SUSPECTED SERIOUS INJURY,39.02763549,-77.07640886,"(39.02763549, -77.07640886)"
MCP09730008,15036772,MONTGOMERY,Injury Crash,07/25/2015 05:30:00 PM,County,ELM ST,County,WOODMONT AVE,,N/A,PEDESTRIAN,SINGLE VEHICLE,CLOUDY,DRY,DAYLIGHT,NO CONTROLS,NONE DETECTED,NONE DETECTED,1FF1A279-3069-427A-A0E9-BE8049A72451,PEDESTRIAN,Cross/Enter not at Intersection,DART DASH,ON ROADWAY NOT AT CROSSWALK,N/A,MIXED CLOTHING,Yes,POSSIBLE INJURY,38.981965,-77.09722333,"(38.981965, -77.09722333)"
MCP2919001H,16021979,Montgomery County Police,Injury Crash,05/04/2016 07:03:00 AM,County,FENWICK LA,County,SECOND AVE,,N/A,PEDESTRIAN,OTHER,CLEAR,DRY,DAYLIGHT,STOP SIGN,NONE DETECTED,NONE DETECTED,522EBCA0-C842-4DE3-BF9D-8345A852F0E1,PEDESTRIAN,Cross/Enter at Intersection,NO IMPROPER ACTIONS,ON ROADWAY AT CROSSWALK,NO PED. SIGNAL,N/A,No,SUSPECTED MINOR INJURY,38.99726833,-77.03342667,"(38.99726833, -77.03342667)"
MCP26890023,16043493,Montgomery County Police,Injury Crash,08/26/2016 06:27:00 PM,County,NEEDWOOD RD,County,REDLAND RD,,N/A,BICYCLIST,STRAIGHT MOVEMENT ANGLE,CLEAR,DRY,DAYLIGHT,STOP SIGN,NONE DETECTED,NONE DETECTED,09FE3146-3615-4749-845C-A148691B52BD,BICYCLIST,Cross/Enter at Intersection,NO IMPROPER ACTIONS,ON ROADWAY AT CROSSWALK,NO PED. SIGNAL,LIGHT CLOTHING,No,SUSPECTED MINOR INJURY,39.12307833,-77.15676167,"(39.12307833, -77.15676167)"
DD5615002R,16051173,Rockville Police Departme,Property Damage Crash,10/05/2016 02:00:00 PM,,,,,PARKING LOT OF MONTGOERY COLLEGE ROCKVILLE.,,PEDESTRIAN,OTHER,CLEAR,,DAYLIGHT,NO CONTROLS,N/A,NONE DETECTED,ABC21282-5864-4EDE-8F26-917D69F25526,PEDESTRIAN,Standing,N/A,OTHER,OTHER,LIGHT CLOTHING,No,NO APPARENT INJURY,39.10067561,-77.15751886,"(39.10067561, -77.15751886)"
MCP9442000X,170510900,Montgomery County Police,Injury Crash,05/31/2017 02:06:00 PM,County,REDLAND RD,Maryland (State),MUNCASTER MILL RD,,N/A,PEDESTRIAN,OTHER,CLEAR,DRY,DAYLIGHT,NO CONTROLS,NONE DETECTED,NONE DETECTED,A9C17BD1-E070-418D-A149-7358DC3AEF0F,PEDESTRIAN,Other,IN ROADWAY IMPROPERLY,ON ROADWAY NOT AT CROSSWALK,NO PED. SIGNAL,DARK CLOTHING,Yes,POSSIBLE INJURY,39.167925,-77.20516333,"(39.167925, -77.20516333)"
MCP2770000S,15057404,MONTGOMERY,Injury Crash,11/10/2015 03:30:00 PM,,,,,"Parking lot area of 10011 Stedwick Road, between the Capitol One bank and US Post Office.",,BICYCLIST,HEAD ON LEFT TURN,RAINING,,DAYLIGHT,NO CONTROLS,UNKNOWN,NONE DETECTED,6ECA0951-31A1-485C-B89C-30E2956D50D3,BICYCLIST,Walking/Riding w/Traffic,UNKNOWN,OTHER,NO PED. SIGNAL,MIXED CLOTHING,Unknown,SUSPECTED MINOR INJURY,39.17091198,-77.20771909,"(39.17091198, -77.20771909)"
MCP2719000P,15052179,MONTGOMERY,Injury Crash,10/14/2015 03:38:00 PM,County,KERSEY RD,County,MONTICELLO AVE,,N/A,BICYCLIST,STRAIGHT MOVEMENT ANGLE,CLEAR,DRY,DAYLIGHT,STOP SIGN,NONE DETECTED,N/A,69B28BFC-74D6-4F69-99AA-584F8A0F82E5,BICYCLIST,Cross/Enter at Intersection,FAILURE TO YIELD RIGHT OF WAY,ON ROADWAY NOT AT CROSSWALK,N/A,LIGHT CLOTHING,Yes,SUSPECTED MINOR INJURY,39.04408,-77.02973833,"(39.04408, -77.02973833)"