Report Number,Local Case Number,Agency Name,ACRS Report Type,Crash Date/Time,Route Type,Road Name,Cross-Street Type,Cross-Street Name,Off-Road Description,Municipality,Related Non-Motorist,Collision Type,Weather,Surface Condition,Light,Traffic Control,Driver Substance Abuse,Non-Motorist Substance Abuse,Person ID,Pedestrian Type,Pedestrian Movement,Pedestrian Actions,Pedestrian Location,Pedestrian Obeyed Traffic Signal,Pedestrian Visibility,At Fault,Injury Severity,Latitude,Longitude,Location
MCP24380018,170525756,Montgomery County Police,Injury Crash,08/19/2017 06:31:00 PM,County,CHERRY HILL RD,County,PLUM ORCHARD DR,,N/A,PEDESTRIAN,OTHER,CLEAR,DRY,DAYLIGHT,PERSON,N/A,N/A,B5CBECD2-640B-497F-ADE8-D00E04DBEB99,PEDESTRIAN,Cross/Enter at Intersection,NO IMPROPER ACTIONS,AT INTERSECTION MARKED CROSSWALK,UNKNOWN,LIGHT CLOTHING,No,POSSIBLE INJURY,39.05248833,-76.95322333,"(39.05248833, -76.95322333)"
MCP28480019,15037263,MONTGOMERY,Injury Crash,07/28/2015 10:54:00 AM,County,OSCEOLA RD,County,OSCEOLA CT,,N/A,PEDESTRIAN,OTHER,CLEAR,DRY,DAYLIGHT,NO CONTROLS,NONE DETECTED,NONE DETECTED,4DDEE032-C0BA-4946-B98E-5C07C433D5FB,PEDESTRIAN,Getting off/on Vehicle,ENTERING EXITING PARKED STANDING VEHICLE,ON ROADWAY NOT AT CROSSWALK,NO PED. SIGNAL,REFLECTIVE MATERIAL,Yes,POSSIBLE INJURY,38.96401833,-77.11839833,"(38.96401833, -77.11839833)"
HA22880002,16001012,Maryland-National Capital,Injury Crash,08/10/2016 10:30:00 AM,,,,,CAPITAL CRESENT TRAIL@LITTLE FALLS PKWY,,BICYCLIST,STRAIGHT MOVEMENT ANGLE,CLEAR,,DAYLIGHT,STOP SIGN,N/A,NONE DETECTED,178C3CAC-140D-4BD1-BC89-12699E1E0904,BICYCLIST,Cross/Enter at Intersection,NO IMPROPER ACTIONS,AT INTERSECTION MARKED CROSSWALK,NO PED. SIGNAL,N/A,No,SUSPECTED MINOR INJURY,38.97379945,-77.10178927,"(38.97379945, -77.10178927)"
MCP2818001H,15063888,MONTGOMERY,Injury Crash,12/14/2015 05:20:00 PM,Maryland (State),GEORGIA AVE,County,CAMERON ST,,N/A,PEDESTRIAN,N/A,RAINING,WET,DARK NO LIGHTS,TRAFFIC SIGNAL,UNKNOWN,NONE DETECTED,14582517-2166-4199-AFA6-6D30E9185F65,PEDESTRIAN,Cross/Enter at Intersection,NO IMPROPER ACTIONS,AT INTERSECTION MARKED CROSSWALK,OBEYED PED. SIGNAL,MIXED CLOTHING,No,SUSPECTED MINOR INJURY,38.99755333,-77.02970333,"(38.99755333, -77.02970333)"
MCP2492000G,15059115,MONTGOMERY,Property Damage Crash,11/19/2015 03:08:00 PM,Municipality,MAIN ST,Maryland (State),DARNESTOWN RD,,N/A,BICYCLIST,OTHER,RAINING,WET,DAYLIGHT,TRAFFIC SIGNAL,N/A,N/A,F3A1A7CA-1D8E-4486-AB4D-0316DB3BBD8D,BICYCLIST,Cross/Enter at Intersection,FAILURE TO OBEY TRAFFIC SIGNS SIGNALS OR OFFICER,ON ROADWAY AT CROSSWALK,DISOBEYED PED. SIGNAL,MIXED CLOTHING,Yes,NO APPARENT INJURY,39.11228577,-77.24056005,"(39.11228577, -77.24056005)"
MCP0036003X,16018262,Montgomery County Police,Injury Crash,04/14/2016 01:44:00 PM,,,,,ON OBSERVATION DR AT 20200 OBSERVATION DR ON THE CAMPUS OF MONTGOMERY COLLEGE,,BICYCLIST,STRAIGHT MOVEMENT ANGLE,CLEAR,,DAYLIGHT,YIELD SIGN,NONE DETECTED,NONE DETECTED,33CDB54A-1A1B-4B4C-9B91-C157573536C2,BICYCLIST,Cross/Enter at Intersection,NO IMPROPER ACTIONS,ON ROADWAY AT CROSSWALK,NO PED. SIGNAL,MIXED CLOTHING,No,SUSPECTED SERIOUS INJURY,39.18691667,-77.24864667,"(39.18691667, -77.24864667)"
MCP26080019,15065799,MONTGOMERY,Injury Crash,12/23/2015 05:25:00 PM,County,SECOND AVE,Maryland (State),16TH ST,,N/A,BICYCLIST,HEAD ON LEFT TURN,RAINING,WET,DARK LIGHTS ON,TRAFFIC SIGNAL,NONE DETECTED,NONE DETECTED,EFCD9377-5E51-4891-B22B-62D5E4D4DCAF,BICYCLIST,Cross/Enter at Intersection,NO IMPROPER ACTIONS,ON ROADWAY AT CROSSWALK,UNKNOWN,REAR REFLECTOR,No,SUSPECTED MINOR INJURY,39.00316167,-77.04003167,"(39.00316167, -77.04003167)"
MCP10220054,16033362,Montgomery County Police,Injury Crash,07/01/2016 05:24:00 PM,County,LEAMAN FARM RD,Unknown,ENT TO SHOPPING CTR,,N/A,PEDESTRIAN,SINGLE VEHICLE,CLEAR,DRY,DAYLIGHT,NO CONTROLS,NONE DETECTED,NONE DETECTED,5EB759FB-DD38-486B-BC09-844912E1B459,PEDESTRIAN,Cross/Enter not at Intersection,DART DASH,ON ROADWAY NOT AT CROSSWALK,N/A,LIGHT CLOTHING,Yes,SUSPECTED MINOR INJURY,39.15874667,-77.27947333,"(39.15874667, -77.27947333)"
MCP2703001K,170524793,Montgomery County Police,Injury Crash,08/14/2017 03:43:00 PM,County,LOCKWOOD DR,Unknown,ENT TO BUSINESS,,N/A,PEDESTRIAN,N/A,CLOUDY,N/A,DAYLIGHT,NO CONTROLS,UNKNOWN,N/A,402EAD87-ABAE-464C-944C-2CB8F03E00DB,PEDESTRIAN,Cross/Enter not at Intersection,NO IMPROPER ACTIONS,UNKNOWN,NO PED. SIGNAL,MIXED CLOTHING,No,POSSIBLE INJURY,39.04003833,-76.98950167,"(39.04003833, -76.98950167)"
MCP10480023,16021115,Montgomery County Police,Property Damage Crash,04/29/2016 12:30:00 PM,County,SHADY GROVE RD,County,TRAVILLE  GATEWAY DR,,N/A,PEDESTRIAN,SINGLE VEHICLE,CLEAR,DRY,DAYLIGHT,NO CONTROLS,NONE DETECTED,NONE DETECTED,898A0534-FE0D-43F3-AA6C-AD68DA886D14,PEDESTRIAN,Cross/Enter at Intersection,NO IMPROPER ACTIONS,ON ROADWAY AT CROSSWALK,NO PED. SIGNAL,LIGHT CLOTHING,No,NO APPARENT INJURY,39.09212429,-77.20683396,"(39.09212429, -77.20683396)"
MCP29270010,16026289,Montgomery County Police,Property Damage Crash,05/26/2016 08:02:00 PM,County,WAYNE AVE,Government,SLIGO CREEK PKWY,,N/A,BICYCLIST,HEAD ON LEFT TURN,CLEAR,DRY,DAYLIGHT,TRAFFIC SIGNAL,NONE DETECTED,NONE DETECTED,EFC21E43-6AA4-4479-B31D-D841A71EB42F,BICYCLIST,Cross/Enter at Intersection,NO IMPROPER ACTIONS,ON ROADWAY AT CROSSWALK,OBEYED PED. SIGNAL,MIXED CLOTHING,No,NO APPARENT INJURY,38.99964857,-77.01058343,"(38.99964857, -77.01058343)"
MCP2438000S,16065112,Montgomery County Police,Injury Crash,12/19/2016 06:18:00 PM,County,CALVERTON BLVD,County,GRACEFIELD RD,,N/A,PEDESTRIAN,STRAIGHT MOVEMENT ANGLE,CLEAR,DRY,DARK LIGHTS ON,NO CONTROLS,UNKNOWN,N/A,486F6699-3830-44A8-8A76-0E77181DCCCE,PEDESTRIAN,Cross/Enter at Intersection,NO IMPROPER ACTIONS,ON ROADWAY AT CROSSWALK,NO PED. SIGNAL,DARK CLOTHING,No,POSSIBLE INJURY,39.05704667,-76.95104667,"(39.05704667, -76.95104667)"
MCP24250064,16001880,Montgomery County Police,Injury Crash,01/11/2016 09:15:00 AM,County,CHERRY HILL RD,Other Public Roadway,CALVERTON BLVD,,N/A,PEDESTRIAN,OTHER,CLEAR,DRY,DAYLIGHT,TRAFFIC SIGNAL,NONE DETECTED,NONE DETECTED,5962B4CF-6E5E-4B01-82CD-678AB3297C8B,PEDESTRIAN,Cross/Enter at Intersection,DART DASH,AT INTERSECTION MARKED CROSSWALK,OBEYED PED. SIGNAL,MIXED CLOTHING,Unknown,SUSPECTED MINOR INJURY,39.05605333,-76.95397167,"(39.05605333, -76.95397167)"
MCP2357001V,16053572,Montgomery County Police,Injury Crash,10/18/2016 09:30:00 AM,,,,,7740 FENTON ST. PARKING GARAGE LEVEL 3,,PEDESTRIAN,OTHER,N/A,,DAYLIGHT,N/A,N/A,NONE DETECTED,6B0B752C-9DA9-46AA-B917-DDFDF21A5308,PEDESTRIAN,N/A,UNKNOWN,N/A,N/A,MIXED CLOTHING,Yes,POSSIBLE INJURY,38.98682667,-77.02328833,"(38.98682667, -77.02328833)"
EJ7809000V,16060797,Gaithersburg Police Depar,Property Damage Crash,11/26/2016 08:47:00 PM,Maryland (State),S FREDERICK RD,Municipality,CEDAR AVE,,GAITHERSBURG,PEDESTRIAN,SINGLE VEHICLE,CLEAR,DRY,DARK LIGHTS ON,NO CONTROLS,NONE DETECTED,NONE DETECTED,298EE32F-4D36-4EA4-A983-BADE1D1B3C61,PEDESTRIAN,Cross/Enter not at Intersection,DART DASH,ON ROADWAY NOT AT CROSSWALK,NO PED. SIGNAL,DARK CLOTHING,Yes,NO APPARENT INJURY,39.13965754,-77.1964176,"(39.13965754, -77.1964176)"
HA2389000D,15001213,MCPARK,Injury Crash,11/02/2015 05:46:00 PM,,,,,"OCCURRED ON NE CAPITAL CRESCENT TRAIL, APPROXIMATELY 50 FEET PRIOR TO DORSET AVENUE INTERSECTION.",,BICYCLIST,HEAD ON,CLEAR,,DARK -- UNKNOWN LIGHTING,N/A,,N/A,5856E3E8-B376-430B-8F51-92580E238F2D,BICYCLIST,Other,NO IMPROPER ACTIONS,SHARED USE PATH OR TRAILS,UNKNOWN,HEAD LIGHT AND REFLECTORS,No,SUSPECTED MINOR INJURY,38.96842663,-77.10256577,"(38.96842663, -77.10256577)"
MCP2928001W,170525926,Montgomery County Police,Injury Crash,08/20/2017 10:09:00 PM,Maryland (State),16TH ST,Maryland (State),EAST WEST HWY,,N/A,PEDESTRIAN,SINGLE VEHICLE,CLEAR,DRY,DARK LIGHTS ON,TRAFFIC SIGNAL,NONE DETECTED,NONE DETECTED,D8A73013-5910-43AB-AE5D-2FFC67B38AB1,PEDESTRIAN,Cross/Enter at Intersection,NO IMPROPER ACTIONS,ON ROADWAY AT CROSSWALK,OBEYED PED. SIGNAL,MIXED CLOTHING,No,POSSIBLE INJURY,38.99440487,-77.03637555,"(38.99440487, -77.03637555)"
MCP9379000R,16020539,Montgomery County Police,Injury Crash,04/24/2016 11:54:00 AM,,,,,DRIVEWAY OF TRANSFER STATION 16101 FREDERICK RD,,PEDESTRIAN,OTHER,CLEAR,,DAYLIGHT,PERSON,N/A,N/A,D0FB99E4-1D81-4C98-97EA-F13DB1528863,PEDESTRIAN,Other Working,OTHER,OTHER,NO PED. SIGNAL,REFLECTIVE MATERIAL,No,POSSIBLE INJURY,39.12094833,-77.17141,"(39.12094833, -77.17141)"
MCP2515000L,16020448,Montgomery County Police,Injury Crash,04/25/2016 07:50:00 PM,Maryland (State),RIDGE RD,Other Public Roadway,SUNSET DR,,N/A,PEDESTRIAN,SINGLE VEHICLE,CLEAR,DRY,DAYLIGHT,NO CONTROLS,UNKNOWN,NONE DETECTED,74E61F56-5B8C-467C-AECE-40F0F59EA1F1,PEDESTRIAN,Walking/Riding against Traffic,NO IMPROPER ACTIONS,IN BIKEWAY,N/A,DARK CLOTHING,No,SUSPECTED MINOR INJURY,39.27839,-77.21242667,"(39.27839, -77.21242667)"
MCP2973001C,16017657,Montgomery County Police,Injury Crash,04/11/2016 10:41:00 AM,Maryland (State),VEIRS MILL RD,County,GRIDLEY RD,,N/A,PEDESTRIAN,SAME DIR REND RIGHT TURN,CLOUDY,DRY,DAYLIGHT,PERSON,NONE DETECTED,NONE DETECTED,1CFE73BD-E13E-45CF-9590-9EA9E9AAD0FC,PEDESTRIAN,Cross/Enter at Intersection,NO IMPROPER ACTIONS,ON ROADWAY AT CROSSWALK,OBEYED PED. SIGNAL,MIXED CLOTHING,No,POSSIBLE INJURY,39.05712241,-77.08442867,"(39.05712241, -77.08442867)"
MCP0942000T,16036684,Montgomery County Police,Injury Crash,07/20/2016 09:48:00 AM,Government,CENTER DR,Maryland (State),ROCKVILLE PIKE,,N/A,BICYCLIST,SINGLE VEHICLE,CLEAR,DRY,DAYLIGHT,TRAFFIC SIGNAL,NONE DETECTED,NONE DETECTED,D3823BF6-9827-4C54-AA46-998866E62264,BICYCLIST,Cross/Enter at Intersection,NO IMPROPER ACTIONS,ON ROADWAY AT CROSSWALK,OBEYED PED. SIGNAL,MIXED CLOTHING,No,SUSPECTED MINOR INJURY,38.996685,-77.096815,"(38.996685, -77.096815)"
MCP28050021,16050164,Montgomery County Police,Injury Crash,09/29/2016 08:07:00 PM,County,CONTOUR RD,County,ODENDHAL AVE,,N/A,BICYCLIST,SINGLE VEHICLE,RAINING,WET,DARK LIGHTS ON,TRAFFIC SIGNAL,NONE DETECTED,NONE DETECTED,8F613DB2-FE19-456A-B4A0-8FD459481906,BICYCLIST,Cross/Enter not at Intersection,NOT VISIBLE,ON ROADWAY AT CROSSWALK,UNKNOWN,DARK CLOTHING,Unknown,POSSIBLE INJURY,39.15244,-77.19595667,"(39.15244, -77.19595667)"
MCP11190029,16014195,Montgomery County Police,Injury Crash,03/23/2016 08:56:00 AM,,,,,DRIVEWAY OF 12512 BARBARA RD,,PEDESTRIAN,OTHER,CLEAR,,DAYLIGHT,NO CONTROLS,NONE DETECTED,NONE DETECTED,F17984F7-2221-42EA-8402-C908E10A1F17,PEDESTRIAN,Walking/Cycling on Sidewalk,NO IMPROPER ACTIONS,SIDEWALK,NO PED. SIGNAL,MIXED CLOTHING,No,SUSPECTED MINOR INJURY,39.06175167,-77.08125167,"(39.06175167, -77.08125167)"
MCP2835000Z,15066183,MONTGOMERY,Injury Crash,12/25/2015 11:00:00 PM,,,,,PARKING LOT BEHIND 8105 EAST WEST HWY,,PEDESTRIAN,HEAD ON,CLEAR,,DARK LIGHTS ON,NO CONTROLS,NONE DETECTED,NONE DETECTED,9EB27A18-61F3-4C3E-886A-97F777D6AF88,PEDESTRIAN,Other,NO IMPROPER ACTIONS,OTHER,NO PED. SIGNAL,MIXED CLOTHING,No,SUSPECTED MINOR INJURY,38.99828114,-77.0416005,"(38.99828114, -77.0416005)"
MCP2680001N,15040666,MONTGOMERY,Property Damage Crash,08/14/2015 10:20:00 PM,,,,,parking lot of 833 Wayne Ave. Silver Spring Md. 20910,,PEDESTRIAN,OTHER,CLEAR,,DARK LIGHTS ON,NO CONTROLS,NONE DETECTED,ALCOHOL PRESENT,FEA2B83A-B4DE-471D-A058-256FAE92C0F0,PEDESTRIAN,Other,INATTENTIVE,OUTSIDE RIGHT OF WAY,NO PED. SIGNAL,DARK CLOTHING,Yes,NO APPARENT INJURY,38.99673333,-77.02406667,"(38.99673333, -77.02406667)"
MCP27650035,16058570,Montgomery County Police,Injury Crash,11/13/2016 09:25:00 PM,County,GAINSBOROUGH RD,County,SEVEN LOCKS RD,,N/A,BICYCLIST,SINGLE VEHICLE,CLEAR,DRY,DARK LIGHTS ON,TRAFFIC SIGNAL,NONE DETECTED,ALCOHOL PRESENT,C154AF58-9458-41E3-AA1A-8EF6199A7546,BICYCLIST,Cross/Enter at Intersection,NO IMPROPER ACTIONS,ON ROADWAY AT CROSSWALK,OBEYED PED. SIGNAL,DARK CLOTHING,No,POSSIBLE INJURY,39.04797,-77.16203833,"(39.04797, -77.16203833)"
DD55020029,16020780,Rockville Police Departme,Injury Crash,04/27/2016 05:44:00 PM,Municipality,PICCARD DR,Municipality,CURIE CT,,ROCKVILLE,PEDESTRIAN,OTHER,CLOUDY,DRY,DAYLIGHT,NO CONTROLS,NONE DETECTED,NONE DETECTED,9D99EAA8-F5CC-4BB1-9ED6-AF7D7ED95A7D,PEDESTRIAN,Cross/Enter at Intersection,INATTENTIVE,ON ROADWAY NOT AT CROSSWALK,NO PED. SIGNAL,DARK CLOTHING,Yes,POSSIBLE INJURY,39.10587333,-77.17983,"(39.10587333, -77.17983)"
MCP2492000M,16027601,Montgomery County Police,Fatal Crash,06/02/2016 02:34:00 PM,Maryland (State),S FREDERICK RD,Municipality,CEDAR AVE,,GAITHERSBURG,BICYCLIST,OTHER,CLEAR,DRY,DAYLIGHT,N/A,NONE DETECTED,NONE DETECTED,3F1F9428-760A-415F-8919-D5DCFF5B63A2,BICYCLIST,Other,OTHER,ON ROADWAY NOT AT CROSSWALK,NO PED. SIGNAL,LIGHT CLOTHING,Unknown,FATAL INJURY,39.13928333,-77.196055,"(39.13928333, -77.196055)"
MCP3050000N,170502919,Montgomery County Police,Injury Crash,04/19/2017 08:41:00 AM,,,,,DUNKIN DONUTS 13810 CONNECTICUT AVE SILVER SPRING 20906,,OTHER,SINGLE VEHICLE,CLEAR,,DAYLIGHT,N/A,NONE DETECTED,NONE DETECTED,4024C966-4958-407F-AF20-E9D67DE126F9,OTHER,Other,N/A,INSIDE BUILDING,N/A,MIXED CLOTHING,No,SUSPECTED MINOR INJURY,39.08526833,-77.07725333,"(39.08526833, -77.07725333)"
MCP3007000F,16001665,Montgomery County Police,Injury Crash,01/09/2016 06:36:00 PM,County,RANDOLPH RD,County,BUSHEY DR,,N/A,PEDESTRIAN,OTHER,N/A,DRY,DARK LIGHTS ON,NO CONTROLS,NONE DETECTED,NONE DETECTED,1EF94930-69BC-4038-8466-684A27FFC987,PEDESTRIAN,Cross/Enter at Intersection,NO IMPROPER ACTIONS,ON ROADWAY AT CROSSWALK,NO PED. SIGNAL,DARK CLOTHING,No,SUSPECTED MINOR INJURY,39.05737235,-77.07796454,"(39.05737235, -77.07796454)"
MCP2565001S,15033708,MONTGOMERY,Injury Crash,07/09/2015 09:56:00 PM,,,,,"In Parking lot of 11710 Hunters Lane, Rockville, MD",,PEDESTRIAN,OTHER,CLEAR,,DARK LIGHTS ON,NO CONTROLS,NONE DETECTED,NONE DETECTED,DC11BE07-8B7B-4A5D-9ECA-CA97ECF17D47,PEDESTRIAN,Other,NO IMPROPER ACTIONS,OTHER,N/A,MIXED CLOTHING,No,SUSPECTED MINOR INJURY,39.04886473,-77.09873557,"(39.04886473, -77.09873557)"
MCP2588002R,170516788,Montgomery County Police,Injury Crash,07/01/2017 10:50:00 AM,,,,,PARKING LOT OF 14000 GEORGIA AVE (HOME DEPOT),,PEDESTRIAN,OTHER,CLEAR,,DAYLIGHT,NO CONTROLS,NONE DETECTED,NONE DETECTED,92C62169-C7D5-4E0C-9142-CB2E230E3875,PEDESTRIAN,Other,INATTENTIVE,OTHER,N/A,LIGHT CLOTHING,Yes,POSSIBLE INJURY,39.084425,-77.07824333,"(39.084425, -77.07824333)"
MCP2847000N,15004014,Montgomery County Police,Injury Crash,01/25/2015 08:53:00 AM,County,ATHERTON DR,County,RANDOLPH RD,,N/A,PEDESTRIAN,OTHER,CLEAR,DRY,DAYLIGHT,STOP SIGN,NONE DETECTED,NONE DETECTED,6CDFBA21-8C89-44A5-AC91-3FF904DC38E2,PEDESTRIAN,Cross/Enter at Intersection,NO IMPROPER ACTIONS,ON ROADWAY AT CROSSWALK,NO PED. SIGNAL,LIGHT CLOTHING,,POSSIBLE INJURY,39.05713167,-77.07692833,"(39.05713167, -77.07692833)"
MCP2829001J,15040654,MONTGOMERY,Injury Crash,08/14/2015 09:48:00 PM,County,LOCKWOOD DR,Unknown,ENT TO SHOPPING CENTER,,N/A,PEDESTRIAN,OTHER,CLEAR,DRY,DARK LIGHTS ON,TRAFFIC SIGNAL,NONE DETECTED,NONE DETECTED,C5F04910-63BB-4DE1-89FB-761674623A04,PEDESTRIAN,Cross/Enter at Intersection,IN ROADWAY IMPROPERLY,UNKNOWN,DISOBEYED PED. SIGNAL,MIXED CLOTHING,Yes,SUSPECTED MINOR INJURY,39.004363,-76.996607,"(39.004363, -76.996607)"
DD5595001F,15034430,ROCKVILLE,Injury Crash,07/13/2015 04:30:00 PM,,,,,the parking lot located at 500 N. Washington St,,PEDESTRIAN,SINGLE VEHICLE,CLOUDY,,DAYLIGHT,NO CONTROLS,UNKNOWN,NONE DETECTED,E7CF2215-F339-4B37-8C3D-845EA26C6C3B,PEDESTRIAN,Other,N/A,OTHER,N/A,MIXED CLOTHING,No,SUSPECTED MINOR INJURY,39.09125983,-77.15380617,"(39.09125983, -77.15380617)"
MCP1221003K,170517373,Montgomery County Police,Injury Crash,07/05/2017 09:28:00 AM,County,GAITHER RD,County,SHADY GROVE RD,,N/A,BICYCLIST,SINGLE VEHICLE,CLOUDY,DRY,DAYLIGHT,TRAFFIC SIGNAL,NONE DETECTED,NONE DETECTED,EAB1E642-9ECF-4519-B15E-695764D71BD3,BICYCLIST,Cross/Enter at Intersection,NO IMPROPER ACTIONS,ON ROADWAY AT CROSSWALK,OBEYED PED. SIGNAL,MIXED CLOTHING,No,SUSPECTED MINOR INJURY,39.112435,-77.18808333,"(39.112435, -77.18808333)"
MCP12050019,15040145,MONTGOMERY,Injury Crash,08/12/2015 10:16:00 AM,County,GLENDALE RD,County,CYPRESS PL,,N/A,PEDESTRIAN,OTHER,CLEAR,DRY,DAYLIGHT,OTHER,NONE DETECTED,NONE DETECTED,4C88D1C4-E536-409A-A89C-45E5B3F07085,PEDESTRIAN,Other Working,NO IMPROPER ACTIONS,ON ROADWAY NOT AT CROSSWALK,NO PED. SIGNAL,REFLECTIVE MATERIAL,No,SUSPECTED MINOR INJURY,38.99092866,-77.0732975,"(38.99092866, -77.0732975)"
EJ78260011,16003432,Gaithersburg Police Depar,Injury Crash,01/19/2016 12:48:00 PM,Maryland (State),S FREDERICK RD,Municipality,S SUMMIT AVE,,GAITHERSBURG,PEDESTRIAN,OTHER,CLEAR,DRY,DAYLIGHT,TRAFFIC SIGNAL,N/A,N/A,785AB589-44BA-4434-ACB2-2779F19FAFBB,PEDESTRIAN,Walking to/from school,DART DASH,ON ROADWAY AT CROSSWALK,DISOBEYED PED. SIGNAL,MIXED CLOTHING,Yes,SUSPECTED MINOR INJURY,39.137645,-77.19422833,"(39.137645, -77.19422833)"
MCP2951000F,15032919,MONTGOMERY,Injury Crash,07/06/2015 05:37:00 AM,,,,,"2212 Glenmont Circle 
Silver Spring MD 20902
Parking Lot",,PEDESTRIAN,STRAIGHT MOVEMENT ANGLE,CLOUDY,,DARK LIGHTS ON,STOP SIGN,"N/A, NONE DETECTED",N/A,7C34C70B-6681-475D-A4A9-498AF8DD48EC,PEDESTRIAN,Getting off/on Vehicle,NO IMPROPER ACTIONS,SHOULDER,NO PED. SIGNAL,DARK CLOTHING,No,SUSPECTED MINOR INJURY,39.05815833,-77.048595,"(39.05815833, -77.048595)"
MCP2689002G,16051905,Montgomery County Police,Injury Crash,10/09/2016 10:59:00 AM,County,ARDENNES AVE,County,TWINBROOK PKWY,,N/A,BICYCLIST,SINGLE VEHICLE,CLEAR,DRY,DAYLIGHT,TRAFFIC SIGNAL,NONE DETECTED,NONE DETECTED,F391FD4D-1E2D-45B9-82A9-BC17CDB054F2,BICYCLIST,Cross/Enter at Intersection,NO IMPROPER ACTIONS,ON ROADWAY AT CROSSWALK,OBEYED PED. SIGNAL,MIXED CLOTHING,No,POSSIBLE INJURY,39.06370266,-77.11632818,"(39.06370266, -77.11632818)"
DD5615003D,170508051,Rockville Police Departme,Injury Crash,05/16/2017 09:44:00 AM,Maryland (State),HUNGERFORD DR,Municipality,FREDERICK AVE #2,,ROCKVILLE,PEDESTRIAN,OTHER,CLEAR,DRY,DAYLIGHT,NO CONTROLS,NONE DETECTED,NONE DETECTED,C13115A6-3D85-4FFD-ADB1-FA97086F90C0,PEDESTRIAN,Cross/Enter not at Intersection,FAILURE TO YIELD RIGHT OF WAY,OUTSIDE RIGHT OF WAY,NO PED. SIGNAL,LIGHT CLOTHING,Yes,POSSIBLE INJURY,39.09451,-77.15309667,"(39.09451, -77.15309667)"
MCP2789001J,15049793,MONTGOMERY,Injury Crash,10/01/2015 04:12:00 PM,County,PATTON DR,County,MILES ST,,N/A,PEDESTRIAN,SINGLE VEHICLE,RAINING,WET,DAYLIGHT,NO CONTROLS,N/A,N/A,0971972B-D3AA-4FD3-B5E9-66EC27A8FA6C,PEDESTRIAN,Walking/Riding w/Traffic,NO IMPROPER ACTIONS,OTHER,N/A,LIGHT CLOTHING,No,SUSPECTED MINOR INJURY,39.00267333,-76.995375,"(39.00267333, -76.995375)"
MCP2850000S,15034760,MONTGOMERY,Injury Crash,07/15/2015 01:07:00 PM,,,,,"Wheaton Plaza Ring Rd, between Target and Giant",,PEDESTRIAN,SINGLE VEHICLE,CLEAR,,DAYLIGHT,N/A,N/A,N/A,895990FA-1CC4-453E-BC13-8705CB20F8E7,PEDESTRIAN,Cross/Enter at Intersection,NO IMPROPER ACTIONS,ON ROADWAY AT CROSSWALK,N/A,MIXED CLOTHING,No,POSSIBLE INJURY,39.03736333,-77.05747333,"(39.03736333, -77.05747333)"
MCP2717003Z,15059859,MONTGOMERY,Injury Crash,11/23/2015 12:45:00 PM,Maryland (State),EAST WEST HWY,County,SUNDALE DR,,N/A,PEDESTRIAN,OTHER,CLEAR,DRY,DAYLIGHT,TRAFFIC SIGNAL,NONE DETECTED,NONE DETECTED,6EFC3D70-55A5-4906-BC3F-7912DAF922F4,PEDESTRIAN,Cross/Enter at Intersection,NO IMPROPER ACTIONS,ON ROADWAY AT CROSSWALK,OBEYED PED. SIGNAL,MIXED CLOTHING,No,SUSPECTED MINOR INJURY,38.99438667,-77.04426667,"(38.99438667, -77.04426667)"
EJ7851000Z,15049380,GAITHERSBURG,Property Damage Crash,09/29/2015 12:22:00 PM,Municipality,TREWORTHY RD,Maryland (State),DARNESTOWN RD,,N/A,OTHER,OTHER,CLOUDY,N/A,DAYLIGHT,NO CONTROLS,,NONE DETECTED,FBCDC999-810D-4EC2-8B13-9F1392D9F69D,OTHER,N/A,N/A,N/A,N/A,N/A,No,NO APPARENT INJURY,39.10428067,-77.22552896,"(39.10428067, -77.22552896)"
MCP26270012,17001038,Montgomery County Police,Injury Crash,01/06/2017 06:15:00 PM,Maryland (State),OLD GEORGETOWN RD,County,GREENTREE RD,,N/A,PEDESTRIAN,SINGLE VEHICLE,CLEAR,OTHER,DARK LIGHTS ON,TRAFFIC SIGNAL,NONE DETECTED,NONE DETECTED,E74C52AD-7C61-44AB-BBFC-100AAAEDB222,PEDESTRIAN,Cross/Enter at Intersection,NO IMPROPER ACTIONS,ON ROADWAY AT CROSSWALK,UNKNOWN,MIXED CLOTHING,Unknown,SUSPECTED MINOR INJURY,39.00039483,-77.10948717,"(39.00039483, -77.10948717)"
EJ7836000M,170510539,Gaithersburg Police Depar,Injury Crash,05/29/2017 04:40:00 PM,,,,,PARKING LOT IN FRONT OF 394 N SUMMIT AVENUE,,PEDESTRIAN,SINGLE VEHICLE,CLEAR,,DAYLIGHT,NO CONTROLS,N/A,N/A,DF54EEB3-ACEE-4FF0-A5CF-F7BC270065A5,PEDESTRIAN,Playing,DART DASH,N/A,N/A,MIXED CLOTHING,Yes,SUSPECTED MINOR INJURY,39.09755833,-77.206595,"(39.09755833, -77.206595)"