Report Number,Local Case Number,Agency Name,ACRS Report Type,Crash Date/Time,Route Type,Road Name,Cross-Street Type,Cross-Street Name,Off-Road Description,Municipality,Related Non-Motorist,Collision Type,Weather,Surface Condition,Light,Traffic Control,Driver Substance Abuse,Non-Motorist Substance Abuse,Person ID,Pedestrian Type,Pedestrian Movement,Pedestrian Actions,Pedestrian Location,Pedestrian Obeyed Traffic Signal,Pedestrian Visibility,At Fault,Injury Severity,Latitude,Longitude,Location
MCP2611000Z,15062006,MONTGOMERY,Injury Crash,12/04/2015 05:00:00 PM,US (State),COLUMBIA PIKE,County,TECH RD,,N/A,BICYCLIST,STRAIGHT MOVEMENT ANGLE,CLEAR,DRY,DARK LIGHTS ON,TRAFFIC SIGNAL,NONE DETECTED,NONE DETECTED,A7BB529C-783B-499E-9D7A-35F48D93B653,BICYCLIST,Cross/Enter at Intersection,FAILURE TO OBEY TRAFFIC SIGNS SIGNALS OR OFFICER,ON ROADWAY NOT AT CROSSWALK,DISOBEYED PED. SIGNAL,DARK CLOTHING,Yes,POSSIBLE INJURY,39.05772538,-76.96849823,"(39.05772538, -76.96849823)"
MCP2939001P,170504228,Montgomery County Police,Property Damage Crash,04/25/2017 10:32:00 AM,Maryland (State),GERMANTOWN RD,County,MIDDLEBROOK RD,,N/A,PEDESTRIAN,STRAIGHT MOVEMENT ANGLE,RAINING,WET,DARK LIGHTS ON,NO CONTROLS,NONE DETECTED,N/A,A9D66F17-F637-4089-9548-0AA9C4567CBC,PEDESTRIAN,Walking/Riding against Traffic,IN ROADWAY IMPROPERLY,ON ROADWAY NOT AT CROSSWALK,DISOBEYED PED. SIGNAL,DARK CLOTHING,Yes,NO APPARENT INJURY,39.17996167,-77.26466167,"(39.17996167, -77.26466167)"
MCP29660020,16027461,Montgomery County Police,Injury Crash,06/01/2016 10:35:00 PM,County,CONNECTICUT AVE,County,BEL PRE RD,,N/A,PEDESTRIAN,OTHER,CLEAR,DRY,DARK -- UNKNOWN LIGHTING,NO CONTROLS,NONE DETECTED,NONE DETECTED,CF438DC8-13D0-48D0-8E9B-FA3951C5E0EF,PEDESTRIAN,Cross/Enter at Intersection,NO IMPROPER ACTIONS,ON ROADWAY AT CROSSWALK,OBEYED PED. SIGNAL,DARK CLOTHING,No,NO APPARENT INJURY,39.09195775,-77.07031488,"(39.09195775, -77.07031488)"
MCP28940030,16051577,Montgomery County Police,Property Damage Crash,10/07/2016 01:12:00 PM,County,BREEZEWOOD TERR,County,STONEWOOD LA,,N/A,PEDESTRIAN,SINGLE VEHICLE,CLOUDY,DRY,DAYLIGHT,NO CONTROLS,NONE DETECTED,NONE DETECTED,3E6E439D-EB48-4BB8-97C4-C4D7B9389C6D,PEDESTRIAN,Other,NO IMPROPER ACTIONS,ON ROADWAY NOT AT CROSSWALK,NO PED. SIGNAL,REFLECTIVE MATERIAL,No,NO APPARENT INJURY,39.04810234,-77.14024544,"(39.04810234, -77.14024544)"
MCP2902001W,170501904,Montgomery County Police,Injury Crash,04/13/2017 11:57:00 AM,Maryland (State),HUNGERFORD DR,Municipality,N WASHINGTON ST,,ROCKVILLE,OTHER,OTHER,CLEAR,DRY,DAYLIGHT,TRAFFIC SIGNAL,UNKNOWN,NONE DETECTED,05B2333E-4B97-45DF-9769-65E21168E348,OTHER,Standing,NO IMPROPER ACTIONS,ON ROADWAY NOT AT CROSSWALK,UNKNOWN,MIXED CLOTHING,No,SUSPECTED MINOR INJURY,39.09092519,-77.15305567,"(39.09092519, -77.15305567)"
DD5586000H,15005024,Rockville Police Departme,Injury Crash,01/31/2015 01:40:00 PM,,,,,865 Rockville Pike,,PEDESTRIAN,SINGLE VEHICLE,CLEAR,,DAYLIGHT,NO CONTROLS,NONE DETECTED,NONE DETECTED,C5D2F2C6-F00A-4078-8D98-9EF0FF1DAF92,PEDESTRIAN,Cross/Enter at Intersection,INATTENTIVE,AT INTERSECTION MARKED CROSSWALK,OTHER,LIGHT CLOTHING,,SUSPECTED MINOR INJURY,39.07357761,-77.14599609,"(39.07357761, -77.14599609)"
MCP27540014,17002303,Montgomery County Police,Injury Crash,01/13/2017 05:52:00 PM,Maryland (State),PINEY BRANCH RD,County,ARLISS ST,,N/A,PEDESTRIAN,N/A,CLEAR,DRY,DARK LIGHTS ON,TRAFFIC SIGNAL,NONE DETECTED,UNKNOWN,25A70BF7-306C-4C3C-A26D-17305B2C5444,PEDESTRIAN,Cross/Enter at Intersection,DART DASH,ON ROADWAY AT CROSSWALK,DISOBEYED PED. SIGNAL,UNKNOWN,Yes,SUSPECTED MINOR INJURY,38.99844582,-77.00106025,"(38.99844582, -77.00106025)"
MCP28460021,16032703,Montgomery County Police,Injury Crash,06/28/2016 01:15:00 PM,County,SHOREFIELD RD,Maryland (State),GEORGIA AVE,,N/A,PEDESTRIAN,OTHER,CLOUDY,DRY,DAYLIGHT,TRAFFIC SIGNAL,NONE DETECTED,NONE DETECTED,AE9A8913-1B4B-4010-A12A-E3F88D9A0C46,PEDESTRIAN,Cross/Enter at Intersection,NO IMPROPER ACTIONS,ON ROADWAY AT CROSSWALK,OBEYED PED. SIGNAL,MIXED CLOTHING,No,POSSIBLE INJURY,39.05316667,-77.050735,"(39.05316667, -77.050735)"
MCP29390016,16052541,Montgomery County Police,Injury Crash,10/12/2016 07:22:00 PM,,,,,"CHIK-FIL-A PARKING LOT LOCATED AT 19945 CENTURY BLVD GERMANTOWN, MD 20874",,PEDESTRIAN,STRAIGHT MOVEMENT ANGLE,CLEAR,,DARK LIGHTS ON,NO CONTROLS,NONE DETECTED,NONE DETECTED,765BAEF9-4E9F-40F1-9413-C72BE8A12BC8,PEDESTRIAN,Other,INATTENTIVE,OTHER,OTHER,DARK CLOTHING,Yes,SUSPECTED MINOR INJURY,39.18263895,-77.26173878,"(39.18263895, -77.26173878)"
MCP2799001V,15062918,Montgomery County Police,Property Damage Crash,12/09/2016 04:56:00 PM,County,SPARTAN RD,Maryland (State),OLNEY SANDY SPRING RD,,N/A,PEDESTRIAN,STRAIGHT MOVEMENT ANGLE,CLEAR,DRY,DAWN,TRAFFIC SIGNAL,NONE DETECTED,NONE DETECTED,F3AAD46E-60E8-43D8-99FC-5F944AB7C484,PEDESTRIAN,Playing,IN ROADWAY IMPROPERLY,ON ROADWAY NOT AT CROSSWALK,DISOBEYED PED. SIGNAL,MIXED CLOTHING,Yes,NO APPARENT INJURY,39.15065028,-77.06218779,"(39.15065028, -77.06218779)"
EJ78510027,170507003,Gaithersburg Police Depar,Injury Crash,05/10/2017 10:29:00 AM,County,SHADY GROVE RD,Maryland (State),FREDERICK RD,,N/A,PEDESTRIAN,OTHER,CLEAR,DRY,DAYLIGHT,TRAFFIC SIGNAL,UNKNOWN,NONE DETECTED,B30D8B19-B4C8-4912-8758-F7B4A9F22514,PEDESTRIAN,Cross/Enter at Intersection,N/A,ON ROADWAY AT CROSSWALK,OBEYED PED. SIGNAL,LIGHT CLOTHING,No,SUSPECTED MINOR INJURY,39.12408442,-77.17586517,"(39.12408442, -77.17586517)"
MCP2664003L,170525978,Montgomery County Police,Injury Crash,08/21/2017 09:30:00 AM,Maryland (State),UNIVERSITY BLVD W,County,DENNIS AVE,,N/A,PEDESTRIAN,SINGLE VEHICLE,N/A,DRY,DAYLIGHT,TRAFFIC SIGNAL,NONE DETECTED,NONE DETECTED,492A875C-0792-4DB5-B622-F9365D45F730,PEDESTRIAN,Cross/Enter at Intersection,NO IMPROPER ACTIONS,AT INTERSECTION MARKED CROSSWALK,OBEYED PED. SIGNAL,LIGHT CLOTHING,No,SUSPECTED MINOR INJURY,39.02660333,-77.02022,"(39.02660333, -77.02022)"
MCP2008001G,15057569,MONTGOMERY,Injury Crash,11/11/2015 03:53:00 PM,,,,,Parking lot of 7103 Democracy Blvd (Sears-Montgomery Mall),,PEDESTRIAN,OTHER,CLEAR,,DAYLIGHT,N/A,NONE DETECTED,NONE DETECTED,C4272973-F77D-4E6E-8556-5590AEF77944,PEDESTRIAN,Cross/Enter not at Intersection,IN ROADWAY IMPROPERLY,ON ROADWAY NOT AT CROSSWALK,N/A,LIGHT CLOTHING,Yes,POSSIBLE INJURY,39.02492669,-77.14436531,"(39.02492669, -77.14436531)"
MCP2687001T,17013092,Montgomery County Police,Injury Crash,03/13/2017 01:25:00 PM,County,ARLINGTON RD,County,ELM ST,,N/A,PEDESTRIAN,OTHER,CLEAR,DRY,DAYLIGHT,PERSON,NONE DETECTED,NONE DETECTED,D9491654-04AD-4BA7-877C-FA80CC4D038A,PEDESTRIAN,Cross/Enter at Intersection,NO IMPROPER ACTIONS,ON ROADWAY AT CROSSWALK,OBEYED PED. SIGNAL,LIGHT CLOTHING,No,NO APPARENT INJURY,38.98206798,-77.09851563,"(38.98206798, -77.09851563)"
MCP1283000M,16024770,Montgomery County Police,Injury Crash,07/09/2016 11:25:00 AM,County,BARNESVILLE RD,County,PEACH TREE RD,,N/A,BICYCLIST,STRAIGHT MOVEMENT ANGLE,CLEAR,DRY,DAYLIGHT,STOP SIGN,NONE DETECTED,N/A,3274E582-B874-4D6A-8985-97D932A619FA,BICYCLIST,Cross/Enter at Intersection,FAILURE TO OBEY TRAFFIC SIGNS SIGNALS OR OFFICER,AT INTERSECTION BUT NO CROSSWALK,OTHER,DARK CLOTHING,Yes,SUSPECTED MINOR INJURY,39.21560167,-77.35641667,"(39.21560167, -77.35641667)"
MCP2695000S,16037465,Montgomery County Police,Injury Crash,07/25/2016 12:02:00 PM,County,CALVERTON BLVD,County,PALERMO DR,,N/A,BICYCLIST,STRAIGHT MOVEMENT ANGLE,CLEAR,DRY,DAYLIGHT,OTHER,N/A,N/A,7D52E0F4-03FA-4D03-9499-0DEB2A96A805,BICYCLIST,Cross/Enter at Intersection,INATTENTIVE,ON ROADWAY AT CROSSWALK,N/A,MIXED CLOTHING,Yes,SUSPECTED MINOR INJURY,39.05640073,-76.94581747,"(39.05640073, -76.94581747)"
MCP2929001Q,16041572,Montgomery County Police,Injury Crash,08/16/2016 10:30:00 AM,County,PRINCE PHILIP DR,Maryland (State),OLNEY SANDY SPRING RD,,N/A,OTHER,OTHER,N/A,DRY,DAYLIGHT,NO CONTROLS,NONE DETECTED,NONE DETECTED,381161B4-3118-4BA5-A6F6-1C4D7613FD84,OTHER,Getting off/on Vehicle,N/A,SHOULDER,NO PED. SIGNAL,LIGHT CLOTHING,No,SUSPECTED MINOR INJURY,39.15071372,-77.05721498,"(39.15071372, -77.05721498)"
MCP2785001C,16018657,Montgomery County Police,Injury Crash,04/16/2016 12:18:00 PM,,,,,"PARKING LOT OF MCDONALD'S LOCATED AT 13800 OUTLET DR, SILVER SPRING MD 20904",,PEDESTRIAN,OTHER,CLEAR,,DAYLIGHT,N/A,N/A,N/A,4C672B2E-8711-4A9B-A93D-36889B6DB91D,PEDESTRIAN,Other,INATTENTIVE,OTHER,N/A,MIXED CLOTHING,Unknown,POSSIBLE INJURY,39.045425,-76.99073667,"(39.045425, -76.99073667)"
MCP1015000N,15040517,MONTGOMERY,Injury Crash,08/14/2015 08:54:00 AM,,SHOLOH CHURCH ROAD,,CONRAD SPRINGS ROAD,,N/A,PEDESTRIAN,SINGLE VEHICLE,CLEAR,DRY,DAYLIGHT,NO CONTROLS,NONE DETECTED,NONE DETECTED,B06E4474-82E7-4AB0-BAC8-E8E9B235AE0E,PEDESTRIAN,Other,IN ROADWAY IMPROPERLY,OTHER,N/A,LIGHT CLOTHING,Yes,SUSPECTED SERIOUS INJURY,39.22760167,-77.31564333,"(39.22760167, -77.31564333)"
MCP0113000W,16028269,Montgomery County Police,Property Damage Crash,06/06/2016 07:03:00 AM,Maryland (State),WISCONSIN AVE,County,CHELTENHAM DR,,N/A,PEDESTRIAN,SAME DIR REAR END,CLEAR,DRY,DAYLIGHT,TRAFFIC SIGNAL,NONE DETECTED,NONE DETECTED,54156241-9F04-4F2B-AFA2-00A5268C0822,PEDESTRIAN,Cross/Enter at Intersection,NO IMPROPER ACTIONS,ON ROADWAY AT CROSSWALK,OBEYED PED. SIGNAL,MIXED CLOTHING,No,NO APPARENT INJURY,38.988125,-77.09497,"(38.988125, -77.09497)"
MCP2847000P,15006267,Montgomery County Police,Injury Crash,02/07/2015 01:43:00 PM,County,CONNECTICUT AVE,Unknown,ROAD END - GATE,,N/A,PEDESTRIAN,SINGLE VEHICLE,CLEAR,DRY,DAYLIGHT,OTHER,NONE DETECTED,NONE DETECTED,26A95900-4FEF-4C59-B092-E3786D55D00A,PEDESTRIAN,Other,OTHER,OTHER,NO PED. SIGNAL,MIXED CLOTHING,,POSSIBLE INJURY,39.09195,-77.07108667,"(39.09195, -77.07108667)"
MCP1148000V,15032830,MONTGOMERY,Injury Crash,07/05/2015 11:55:00 AM,County,WOODMONT AVE,County,BETHESDA AVE,,N/A,BICYCLIST,SINGLE VEHICLE,CLEAR,DRY,DAYLIGHT,NO CONTROLS,NONE DETECTED,NONE DETECTED,76D1977C-89D5-4A06-BFEE-306702360697,BICYCLIST,Walking/Riding w/Traffic,NO IMPROPER ACTIONS,IN BIKEWAY,N/A,MIXED CLOTHING,No,SUSPECTED MINOR INJURY,38.98154,-77.09578667,"(38.98154, -77.09578667)"
MCP2082000Z,170513136,Montgomery County Police,Injury Crash,06/11/2017 11:59:00 PM,Maryland (State),GEORGIA AVE,County,ENNALLS AVE,,N/A,PEDESTRIAN,SINGLE VEHICLE,CLEAR,DRY,DARK LIGHTS ON,NO CONTROLS,NONE DETECTED,ALCOHOL CONTRIBUTED,2139C4CD-C7A0-46EE-AF1B-8CEDC1432845,PEDESTRIAN,Cross/Enter not at Intersection,UNKNOWN,ON ROADWAY NOT AT CROSSWALK,OTHER,LIGHT CLOTHING,Yes,SUSPECTED SERIOUS INJURY,39.07991333,-77.080315,"(39.07991333, -77.080315)"
MCP2797001B,16058215,Montgomery County Police,Injury Crash,11/11/2016 04:02:00 PM,Maryland (State),UNIVERSITY BLVD W,County,GRANDVIEW AVE,,N/A,PEDESTRIAN,OTHER,CLEAR,DRY,DAYLIGHT,TRAFFIC SIGNAL,NONE DETECTED,N/A,A79C5274-23FB-4D04-8F3C-8743199B5100,PEDESTRIAN,Cross/Enter at Intersection,NO IMPROPER ACTIONS,AT INTERSECTION MARKED CROSSWALK,OBEYED PED. SIGNAL,MIXED CLOTHING,No,POSSIBLE INJURY,39.04110833,-77.053285,"(39.04110833, -77.053285)"
EJ7777000K,16031565,Gaithersburg Police Depar,Property Damage Crash,06/22/2016 01:56:00 PM,Municipality,RUSSELL AVE,Maryland (State),MONTGOMERY VILLAGE AVE,,N/A,BICYCLIST,STRAIGHT MOVEMENT ANGLE,CLEAR,DRY,DAYLIGHT,TRAFFIC SIGNAL,NONE DETECTED,UNKNOWN,19215AB0-1765-4A91-ADB7-81B8954EA091,BICYCLIST,Cross/Enter at Intersection,FAILURE TO OBEY TRAFFIC SIGNS SIGNALS OR OFFICER,ON ROADWAY AT CROSSWALK,DISOBEYED PED. SIGNAL,UNKNOWN,Yes,NO APPARENT INJURY,39.15436833,-77.20923833,"(39.15436833, -77.20923833)"
EJ7833002Z,170504343,Gaithersburg Police Depar,Injury Crash,04/26/2017 02:45:00 PM,County,N WESTLAND DR,Maryland (State),S FREDERICK RD,,N/A,PEDESTRIAN,OTHER,CLEAR,DRY,DAYLIGHT,STOP SIGN,NONE DETECTED,NONE DETECTED,45530A02-DA22-417B-B963-5FC2EA343932,PEDESTRIAN,Cross/Enter at Intersection,NO IMPROPER ACTIONS,AT INTERSECTION MARKED CROSSWALK,N/A,DARK CLOTHING,No,POSSIBLE INJURY,39.12802119,-77.18507051,"(39.12802119, -77.18507051)"
MCP28750026,16047208,Montgomery County Police,Injury Crash,09/14/2016 07:30:00 PM,County,CLOPPERS MILL DR,Maryland (State),GREAT SENECA HWY,,N/A,BICYCLIST,OTHER,CLEAR,DRY,DUSK,TRAFFIC SIGNAL,NONE DETECTED,NONE DETECTED,F3C7C14C-C2A9-4FD5-AEB8-B7B7976EFF99,BICYCLIST,Walking/Cycling on Sidewalk,IN ROADWAY IMPROPERLY,ON ROADWAY AT CROSSWALK,OTHER,DARK CLOTHING,Yes,SUSPECTED SERIOUS INJURY,39.14877147,-77.27639437,"(39.14877147, -77.27639437)"
MCP2953000L,15052867,MONTGOMERY,Injury Crash,10/18/2015 01:02:00 PM,,,,,Northgate Shopping Center,,PEDESTRIAN,OTHER,CLEAR,,DAYLIGHT,NO CONTROLS,NONE DETECTED,NONE DETECTED,52E6B298-8A74-462A-BA2F-255D7AC6DF2A,PEDESTRIAN,Cross/Enter not at Intersection,FAILURE TO YIELD RIGHT OF WAY,OUTSIDE RIGHT OF WAY,N/A,LIGHT CLOTHING,Yes,SUSPECTED SERIOUS INJURY,39.08131,-77.07788833,"(39.08131, -77.07788833)"
MCP1417006T,17011079,Montgomery County Police,Injury Crash,03/02/2017 12:18:00 PM,County,LOST KNIFE RD,Other Public Roadway,ODENDHAL AVE,,N/A,PEDESTRIAN,STRAIGHT MOVEMENT ANGLE,N/A,DRY,DAYLIGHT,N/A,NONE DETECTED,NONE DETECTED,E28BDDB1-8A5E-4935-B13E-3E2ABB9366AB,PEDESTRIAN,Cross/Enter at Intersection,NO IMPROPER ACTIONS,ON ROADWAY AT CROSSWALK,NO PED. SIGNAL,MIXED CLOTHING,No,SUSPECTED MINOR INJURY,39.15303706,-77.19908103,"(39.15303706, -77.19908103)"
MCP29420030,170530773,Montgomery County Police,Injury Crash,09/15/2017 03:20:00 PM,,,,,3715 UNIVERSITY BLVD W PARKING LOT OF CVS,,BICYCLIST,OTHER,CLEAR,,N/A,NO CONTROLS,NONE DETECTED,NONE DETECTED,B0326D29-31D4-443D-A768-E1A3C95DA8AA,BICYCLIST,Walking/Riding w/Traffic,NO IMPROPER ACTIONS,OTHER,N/A,MIXED CLOTHING,No,POSSIBLE INJURY,39.03354,-77.073625,"(39.03354, -77.073625)"
MCP29340017,15062309,MONTGOMERY,Injury Crash,12/06/2015 11:40:00 AM,County,MACARTHUR BLVD,Maryland (State),WILSON LA,,N/A,BICYCLIST,OTHER,CLEAR,DRY,DAYLIGHT,NO CONTROLS,NONE DETECTED,NONE DETECTED,BC06799B-20C3-460D-929C-A764C619F901,BICYCLIST,Walking/Riding w/Traffic,NO IMPROPER ACTIONS,SHOULDER,NO PED. SIGNAL,LIGHT CLOTHING,No,POSSIBLE INJURY,38.972745,-77.14698667,"(38.972745, -77.14698667)"
MCP1182001C,16039810,Montgomery County Police,Injury Crash,08/06/2016 09:37:00 AM,County,BEECH AVE,Maryland (State),OLD GEORGETOWN RD,,N/A,PEDESTRIAN,OTHER,CLEAR,DRY,DAYLIGHT,TRAFFIC SIGNAL,NONE DETECTED,NONE DETECTED,25457A34-F52F-4989-A32C-74475A44C9BE,PEDESTRIAN,Cross/Enter not at Intersection,NO IMPROPER ACTIONS,AT INTERSECTION BUT NO CROSSWALK,OBEYED PED. SIGNAL,MIXED CLOTHING,No,SUSPECTED MINOR INJURY,39.00998833,-77.11470833,"(39.00998833, -77.11470833)"
MCP2813003L,170529602,Montgomery County Police,Injury Crash,09/09/2017 05:23:00 PM,County,RANDOLPH RD,County,BUSHEY DR,,N/A,BICYCLIST,SINGLE VEHICLE,CLOUDY,DRY,DAYLIGHT,NO CONTROLS,N/A,N/A,EBD58DB7-D6CB-48D0-9D15-BD671DBD76B5,BICYCLIST,Walking/Riding w/Traffic,NO IMPROPER ACTIONS,SHOULDER,NO PED. SIGNAL,LIGHT CLOTHING,No,SUSPECTED MINOR INJURY,39.05752127,-77.07789481,"(39.05752127, -77.07789481)"
MCP2845002F,17014783,Montgomery County Police,Injury Crash,03/23/2017 07:25:00 AM,,,,,PARKING LOT OF BLAIR HIGH SCHOOL NEXT TO UNIVERSITY BLVD EAST,,PEDESTRIAN,SINGLE VEHICLE,CLEAR,,DAYLIGHT,NO CONTROLS,NONE DETECTED,NONE DETECTED,877905B3-489E-428F-83D4-474C2CFEF6B9,PEDESTRIAN,Cross/Enter not at Intersection,INATTENTIVE,OUTSIDE RIGHT OF WAY,NO PED. SIGNAL,MIXED CLOTHING,Yes,SUSPECTED MINOR INJURY,39.01861,-77.008985,"(39.01861, -77.008985)"
MCP2717008P,16061535,Montgomery County Police,Injury Crash,11/30/2016 07:00:00 PM,,,,,6101 WILSON LANE (LANDON SCHOOL),,PEDESTRIAN,OTHER,RAINING,,DARK LIGHTS ON,NO CONTROLS,NONE DETECTED,NONE DETECTED,F6B0BC83-A055-4819-9677-4DB2B918D84F,PEDESTRIAN,Cross/Enter not at Intersection,DART DASH,ON ROADWAY NOT AT CROSSWALK,NO PED. SIGNAL,MIXED CLOTHING,Yes,SUSPECTED MINOR INJURY,38.99070667,-77.12529333,"(38.99070667, -77.12529333)"
DD5611001G,16032513,Rockville Police Departme,Injury Crash,06/27/2016 01:00:00 PM,Municipality,ARDENNES AVE,Municipality,WAINWRIGHT AVE,,ROCKVILLE,BICYCLIST,STRAIGHT MOVEMENT ANGLE,CLEAR,DRY,DAYLIGHT,N/A,NONE DETECTED,NONE DETECTED,492551E1-BB68-4A6D-9039-31924A4A6FBC,BICYCLIST,Walking/Riding against Traffic,IN ROADWAY IMPROPERLY,SHOULDER,N/A,MIXED CLOTHING,Yes,SUSPECTED MINOR INJURY,39.068064,-77.1184605,"(39.068064, -77.1184605)"
MCP2891002Z,16060748,Montgomery County Police,Injury Crash,11/26/2016 02:58:00 PM,Maryland (State),GEORGIA AVE,County,AUGUST DR,,N/A,PEDESTRIAN,SINGLE VEHICLE,CLEAR,DRY,DAYLIGHT,TRAFFIC SIGNAL,NONE DETECTED,NONE DETECTED,28B63E30-379A-4371-8CAE-E070E802F150,PEDESTRIAN,Cross/Enter at Intersection,NO IMPROPER ACTIONS,AT INTERSECTION MARKED CROSSWALK,OBEYED PED. SIGNAL,MIXED CLOTHING,No,SUSPECTED MINOR INJURY,39.02143,-77.04466,"(39.02143, -77.04466)"
MCP2001000J,16039546,Montgomery County Police,Fatal Crash,08/04/2016 09:20:00 PM,Maryland (State),LAYHILL RD,Unknown,ENT TO LAYHILL SHOPPING CENTER,,N/A,PEDESTRIAN,SINGLE VEHICLE,CLEAR,DRY,DARK NO LIGHTS,NO CONTROLS,UNKNOWN,UNKNOWN,07F64B53-C239-459E-B8B4-0FBC327C182A,PEDESTRIAN,Unknown,UNKNOWN,ON ROADWAY NOT AT CROSSWALK,NO PED. SIGNAL,UNKNOWN,Unknown,FATAL INJURY,39.09240845,-77.04520404,"(39.09240845, -77.04520404)"
EJ7853001Q,16011574,Gaithersburg Police Depar,Injury Crash,03/08/2016 07:15:00 PM,County,MUDDY BRANCH RD,Municipality,WEST SIDE DR,,GAITHERSBURG,PEDESTRIAN,SAME DIRECTION SIDESWIPE,CLEAR,DRY,DARK LIGHTS ON,TRAFFIC SIGNAL,NONE DETECTED,ALCOHOL PRESENT,F40DABE2-02CC-4019-80C9-D191EDC31A4D,PEDESTRIAN,Other,OTHER,CURB,OTHER,DARK CLOTHING,Yes,POSSIBLE INJURY,39.126825,-77.21024667,"(39.126825, -77.21024667)"
MCP2878001F,15059542,MONTGOMERY,Property Damage Crash,11/21/2015 03:48:00 PM,,,,,"Parking Lot 12001 Sylark Rd. Clarksburg, MD 
Ovid Hazen Wells Park",,PEDESTRIAN,SINGLE VEHICLE,CLEAR,,DAYLIGHT,NO CONTROLS,NONE DETECTED,N/A,19406F68-AEA2-45C8-91E6-17C1EEB38603,PEDESTRIAN,Walking/Cycling on Sidewalk,NO IMPROPER ACTIONS,SIDEWALK,N/A,N/A,No,NO APPARENT INJURY,39.23923667,-77.25051167,"(39.23923667, -77.25051167)"
MCP29870025,170527293,Montgomery County Police,Injury Crash,08/28/2017 10:15:00 AM,Maryland (State),PINEY BRANCH RD,Maryland (State),UNIVERSITY BLVD E,,N/A,PEDESTRIAN,STRAIGHT MOVEMENT ANGLE,CLEAR,DRY,DAYLIGHT,TRAFFIC SIGNAL,NONE DETECTED,NONE DETECTED,C36BE405-9965-4065-A823-44C1E95C4AB9,PEDESTRIAN,Cross/Enter at Intersection,NO IMPROPER ACTIONS,ON ROADWAY AT CROSSWALK,OBEYED PED. SIGNAL,MIXED CLOTHING,No,SUSPECTED MINOR INJURY,39.00000833,-76.99481667,"(39.00000833, -76.99481667)"
MCP2846001Z,16031511,Montgomery County Police,Injury Crash,05/03/2016 02:00:00 PM,Maryland (State),VEIRS MILL RD,County,CENTERHILL ST,,N/A,BICYCLIST,OTHER,UNKNOWN,DRY,DAYLIGHT,STOP SIGN,UNKNOWN,NONE DETECTED,BFB725AF-109C-413F-A373-B20074FF1E63,BICYCLIST,Cross/Enter at Intersection,NO IMPROPER ACTIONS,AT INTERSECTION MARKED CROSSWALK,NO PED. SIGNAL,UNKNOWN,No,POSSIBLE INJURY,39.05956,-77.047535,"(39.05956, -77.047535)"
MCP29400007,16000092,Montgomery County Police,Property Damage Crash,01/05/2016 10:48:00 AM,County,MACARTHUR BLVD,County,STABLE LA,,N/A,BICYCLIST,SINGLE VEHICLE,CLOUDY,DRY,DAYLIGHT,NO CONTROLS,NONE DETECTED,NONE DETECTED,11FF6EBE-7C08-4146-83B6-921D40CE16DA,BICYCLIST,Walking/Riding w/Traffic,NO IMPROPER ACTIONS,ON ROADWAY NOT AT CROSSWALK,NO PED. SIGNAL,LIGHT CLOTHING,No,NO APPARENT INJURY,38.98223061,-77.22650528,"(38.98223061, -77.22650528)"
EJ78530024,17007184,Gaithersburg Police Depar,Injury Crash,02/12/2017 06:30:00 AM,,,,,"408 N. FREDERICK AVE. GAITHERSBURG, MARYLAND 20877",,PEDESTRIAN,OTHER,N/A,,N/A,NO CONTROLS,N/A,NONE DETECTED,666DEC13-F939-4F91-B1C1-7F1C5B0701F3,PEDESTRIAN,Standing,OTHER,OTHER,NO PED. SIGNAL,OTHER,No,POSSIBLE INJURY,39.139945,-77.19556833,"(39.139945, -77.19556833)"
MCP2504000G,15002621,Montgomery County Police,Injury Crash,01/16/2015 06:17:00 PM,County,TUCKERMAN LA,County,DURYEA DR,,N/A,PEDESTRIAN,SINGLE VEHICLE,CLOUDY,DRY,DARK LIGHTS ON,N/A,NONE DETECTED,NONE DETECTED,92E787A8-A90B-4CDB-8307-A15083A702A0,PEDESTRIAN,Cross/Enter not at Intersection,IN ROADWAY IMPROPERLY,ON ROADWAY NOT AT CROSSWALK,NO PED. SIGNAL,DARK CLOTHING,,SUSPECTED SERIOUS INJURY,39.04316833,-77.179015,"(39.04316833, -77.179015)"
MCP2116001B,15001974,Montgomery County Police,Injury Crash,01/13/2015 09:17:00 AM,Municipality,BALTIMORE RD,County,BALTIMORE RD (AHEAD),,N/A,PEDESTRIAN,SINGLE VEHICLE,CLEAR,DRY,DAYLIGHT,N/A,NONE DETECTED,NONE DETECTED,2B715340-4EB8-43CE-8250-72BB978C78D2,PEDESTRIAN,Walking/Riding w/Traffic,NO IMPROPER ACTIONS,SHOULDER,N/A,REFLECTIVE MATERIAL,,SUSPECTED MINOR INJURY,39.09107,-77.114849,"(39.09107, -77.114849)"
DD56100032,170522986,Rockville Police Departme,Injury Crash,08/04/2017 03:39:00 PM,Municipality,WATKINS POND BLVD,Maryland (State),FREDERICK RD,,N/A,BICYCLIST,OTHER,CLEAR,DRY,DAYLIGHT,TRAFFIC SIGNAL,N/A,N/A,A5E40AB6-98D1-4600-8763-4AD354E2AF79,BICYCLIST,Cross/Enter at Intersection,UNKNOWN,ON ROADWAY AT CROSSWALK,UNKNOWN,LIGHT CLOTHING,Unknown,POSSIBLE INJURY,39.11211,-77.161845,"(39.11211, -77.161845)"