Report Number,Local Case Number,Agency Name,ACRS Report Type,Crash Date/Time,Route Type,Road Name,Cross-Street Type,Cross-Street Name,Off-Road Description,Municipality,Related Non-Motorist,Collision Type,Weather,Surface Condition,Light,Traffic Control,Driver Substance Abuse,Non-Motorist Substance Abuse,Person ID,Pedestrian Type,Pedestrian Movement,Pedestrian Actions,Pedestrian Location,Pedestrian Obeyed Traffic Signal,Pedestrian Visibility,At Fault,Injury Severity,Latitude,Longitude,Location
MCP26890033,170505880,Montgomery County Police,Injury Crash,05/04/2017 01:24:00 PM,County,E JEFFERSON ST,Unknown,ENT TO FEDERAL PLAZA SC,,N/A,OTHER CONVEYANCE,STRAIGHT MOVEMENT ANGLE,CLEAR,DRY,DAYLIGHT,NO CONTROLS,NONE DETECTED,NONE DETECTED,11CF6C28-F81E-4FA7-A012-C07343FB7F16,OTHER CONVEYANCE,Cross/Enter at Intersection,NO IMPROPER ACTIONS,OTHER,NO PED. SIGNAL,LIGHT CLOTHING,No,POSSIBLE INJURY,39.05785451,-77.12624967,"(39.05785451, -77.12624967)"
MCP20080026,16020098,Montgomery County Police,Injury Crash,04/23/2016 11:15:00 PM,Maryland (State),CONNECTICUT AVE,County,JONES BRIDGE RD,,N/A,PEDESTRIAN,SAME DIR REAR END,N/A,DRY,DARK LIGHTS ON,N/A,"ALCOHOL PRESENT, UNKNOWN",UNKNOWN,F6735FAD-037C-4EBB-ADAE-AEA27463328A,PEDESTRIAN,Unknown,UNKNOWN,ON ROADWAY NOT AT CROSSWALK,N/A,DARK CLOTHING,Unknown,SUSPECTED SERIOUS INJURY,38.99861667,-77.077115,"(38.99861667, -77.077115)"
MCP271700B4,17012660,Montgomery County Police,Injury Crash,03/10/2017 03:11:00 PM,,,,,11355 WOODGLEN DRIVE (UNDERGROUND PARKING GARAGE OF 'WHOLE FOODS MARKET'),,PEDESTRIAN,OTHER,N/A,,OTHER,NO CONTROLS,NONE DETECTED,NONE DETECTED,6CFA10C9-271C-4379-B2CB-CBCB3B835E38,PEDESTRIAN,Other,NO IMPROPER ACTIONS,OTHER,NO PED. SIGNAL,MIXED CLOTHING,No,SUSPECTED MINOR INJURY,39.04293533,-77.11369817,"(39.04293533, -77.11369817)"
MCP2728001P,15051286,MONTGOMERY,Injury Crash,10/09/2015 05:47:00 PM,,,,,parking lot of 10101 New Hampshire Ave,,PEDESTRIAN,SINGLE VEHICLE,CLEAR,,DAYLIGHT,N/A,NONE DETECTED,NONE DETECTED,A4C526EC-962A-4793-8C82-55C59054BC92,PEDESTRIAN,Cross/Enter not at Intersection,DART DASH,AT INTERSECTION BUT NO CROSSWALK,N/A,DARK CLOTHING,Yes,SUSPECTED MINOR INJURY,39.022415,-76.97700833,"(39.022415, -76.97700833)"
MCP1151002C,15006874,Montgomery County Police,Injury Crash,02/11/2015 07:45:00 AM,Maryland (State),FREDERICK RD,County,HIGH POINT DR,,N/A,PEDESTRIAN,OTHER,CLEAR,DRY,DAYLIGHT,NO CONTROLS,NONE DETECTED,NONE DETECTED,5B78D3B8-D9D9-4896-9B6E-90AED8348B3C,PEDESTRIAN,Cross/Enter not at Intersection,DART DASH,ON ROADWAY NOT AT CROSSWALK,N/A,MIXED CLOTHING,,SUSPECTED SERIOUS INJURY,39.16927333,-77.23471833,"(39.16927333, -77.23471833)"
MCP27640017,16043306,Montgomery County Police,Injury Crash,08/25/2016 07:52:00 PM,County,BERRY ST,County,WEISMAN RD,,N/A,BICYCLIST,STRAIGHT MOVEMENT ANGLE,CLEAR,DRY,DUSK,STOP SIGN,NONE DETECTED,NONE DETECTED,FBA6AE2C-7DFC-4B06-BD52-AFE97DD66271,BICYCLIST,Cross/Enter at Intersection,OTHER,AT INTERSECTION BUT NO CROSSWALK,NO PED. SIGNAL,LIGHT CLOTHING,Yes,SUSPECTED SERIOUS INJURY,39.05738589,-77.06286907,"(39.05738589, -77.06286907)"
MCP1301000R,17002582,Montgomery County Police,Fatal Crash,01/15/2017 11:49:00 AM,Maryland (State),GEORGIA AVE,County,REEDIE DR,,N/A,PEDESTRIAN,SINGLE VEHICLE,CLEAR,DRY,DAYLIGHT,TRAFFIC SIGNAL,NONE DETECTED,UNKNOWN,27BE6DE6-1CE3-4F0C-9771-CB5A71C43983,PEDESTRIAN,Cross/Enter at Intersection,UNKNOWN,ON ROADWAY AT CROSSWALK,UNKNOWN,LIGHT CLOTHING,Unknown,FATAL INJURY,39.03868633,-77.05080584,"(39.03868633, -77.05080584)"
MCP30690006,170530869,Montgomery County Police,Injury Crash,09/15/2017 10:37:00 PM,Maryland (State),RIVER RD,County,LANDY LA,,N/A,PEDESTRIAN,SINGLE VEHICLE,CLEAR,DRY,DARK LIGHTS ON,NO CONTROLS,NONE DETECTED,NONE DETECTED,053CD3E4-4C86-47E8-82C5-F79D9284F15A,PEDESTRIAN,Cross/Enter not at Intersection,NO IMPROPER ACTIONS,ON ROADWAY AT CROSSWALK,N/A,DARK CLOTHING,No,SUSPECTED SERIOUS INJURY,38.96464778,-77.10348845,"(38.96464778, -77.10348845)"
MCP30040014,17007352,Montgomery County Police,Injury Crash,02/10/2017 03:20:00 PM,,,,,"11325 SEVEN LOCKS RD POTOMAC, MD 20854, CABIN JOHN SHOPPING CENTER REAR PARKING LOT BEHIND GIANT",,PEDESTRIAN,OTHER,CLEAR,,DAYLIGHT,N/A,UNKNOWN,N/A,3168BDBD-0193-49E7-9FEC-70EEA6A905C5,PEDESTRIAN,Approach/Leaving Schoolbus,N/A,OTHER,N/A,MIXED CLOTHING,No,SUSPECTED MINOR INJURY,39.04146439,-77.15633333,"(39.04146439, -77.15633333)"
MCP2823002R,170505270,Montgomery County Police,Property Damage Crash,05/01/2017 04:13:00 PM,County,VEIRS MILL RD,County,GAYNOR RD,,N/A,BICYCLIST,OTHER,CLOUDY,DRY,DAYLIGHT,NO CONTROLS,UNKNOWN,NONE DETECTED,8BA7A91A-FA78-4A3A-AD0A-1B9125BD52BE,BICYCLIST,Walking/Riding w/Traffic,N/A,OTHER,N/A,REFLECTIVE MATERIAL,No,NO APPARENT INJURY,39.06103273,-77.09166527,"(39.06103273, -77.09166527)"
DD56010010,15033268,ROCKVILLE,Injury Crash,07/07/2015 07:05:00 PM,Maryland (State),NORBECK RD,County,BALTIMORE RD,,N/A,BICYCLIST,STRAIGHT MOVEMENT ANGLE,CLEAR,DRY,DAYLIGHT,TRAFFIC SIGNAL,N/A,N/A,E98A687F-2E95-42B7-A90D-DEB4324A8DE3,BICYCLIST,Walking/Riding w/Traffic,NO IMPROPER ACTIONS,ON ROADWAY AT CROSSWALK,OBEYED PED. SIGNAL,LIGHT CLOTHING,No,SUSPECTED MINOR INJURY,39.08491333,-77.13606167,"(39.08491333, -77.13606167)"
MCP1119000Q,15007211,Montgomery County Police,Injury Crash,02/12/2015 07:14:00 PM,County,RANDOLPH RD,Other Public Roadway,GLENMONT CIR #1,,N/A,PEDESTRIAN,OTHER,N/A,DRY,DARK LIGHTS ON,NO CONTROLS,NONE DETECTED,ALCOHOL PRESENT,6D3ED77E-31BB-4B78-88BA-8E6EDA8A1CB5,PEDESTRIAN,Cross/Enter not at Intersection,FAILURE TO YIELD RIGHT OF WAY,ON ROADWAY NOT AT CROSSWALK,DISOBEYED PED. SIGNAL,DARK CLOTHING,,SUSPECTED MINOR INJURY,39.05905417,-77.04756975,"(39.05905417, -77.04756975)"
MCP29760024,16050199,Montgomery County Police,Injury Crash,09/30/2016 02:15:00 AM,,,,,PARKING LOT OF 12281 TECH RD,,PEDESTRIAN,OTHER,RAINING,,DARK LIGHTS ON,N/A,ALCOHOL PRESENT,NONE DETECTED,2D29F4DB-70FE-4170-BBD7-3062B89F9124,PEDESTRIAN,Standing,NO IMPROPER ACTIONS,OTHER,N/A,MIXED CLOTHING,No,SUSPECTED MINOR INJURY,39.05669961,-76.96690366,"(39.05669961, -76.96690366)"
MCP3011000Y,16038625,Montgomery County Police,Injury Crash,07/30/2016 09:19:00 PM,,,,,7101 DEMOCRACY BLVD PARKING LOT OF MALL IN FRONT OF SEARS AUTO CENTER,,PEDESTRIAN,SINGLE VEHICLE,RAINING,,DARK LIGHTS ON,N/A,NONE DETECTED,NONE DETECTED,E453A5FA-B357-47D6-895E-8DC9631BF758,PEDESTRIAN,Cross/Enter at Intersection,IN ROADWAY IMPROPERLY,AT INTERSECTION BUT NO CROSSWALK,NO PED. SIGNAL,DARK CLOTHING,No,SUSPECTED MINOR INJURY,39.02570167,-77.14429,"(39.02570167, -77.14429)"
MCP29730017,16015925,Montgomery County Police,Injury Crash,04/01/2016 02:47:00 PM,Maryland (State),VEIRS MILL RD,Maryland (State),UNIVERSITY BLVD W,,N/A,PEDESTRIAN,SINGLE VEHICLE,CLEAR,DRY,DAYLIGHT,NO CONTROLS,NONE DETECTED,NONE DETECTED,ADDBFD5E-AABA-4B00-8E4A-AD3474884ACC,PEDESTRIAN,Cross/Enter not at Intersection,FAILURE TO YIELD RIGHT OF WAY,ON ROADWAY NOT AT CROSSWALK,NO PED. SIGNAL,MIXED CLOTHING,Yes,POSSIBLE INJURY,39.04029881,-77.05611527,"(39.04029881, -77.05611527)"
MCP2677000H,16004316,Montgomery County Police,Injury Crash,01/26/2016 11:40:00 PM,County,DAIRYMAID DR,County,METZ DR,,N/A,PEDESTRIAN,OTHER,SNOW,SLUSH,DARK LIGHTS ON,N/A,NONE DETECTED,NONE DETECTED,D7BF4AAF-74BF-44D3-9FB3-3D451E61766C,PEDESTRIAN,Other,IN ROADWAY IMPROPERLY,ON ROADWAY NOT AT CROSSWALK,NO PED. SIGNAL,MIXED CLOTHING,Yes,POSSIBLE INJURY,39.15559743,-77.27240324,"(39.15559743, -77.27240324)"
DD5616000K,15065670,ROCKVILLE,Injury Crash,12/23/2015 07:20:00 AM,Municipality,MONROE PL,Maryland (State),ROCKVILLE PIKE,,N/A,PEDESTRIAN,N/A,FOGGY,WET,DAWN,TRAFFIC SIGNAL,NONE DETECTED,NONE DETECTED,8317457E-E69A-4421-930F-A67503F477C7,PEDESTRIAN,Cross/Enter at Intersection,NO IMPROPER ACTIONS,AT INTERSECTION MARKED CROSSWALK,UNKNOWN,DARK CLOTHING,No,POSSIBLE INJURY,39.08353863,-77.14712262,"(39.08353863, -77.14712262)"
MCP2617003V,170519944,Montgomery County Police,Injury Crash,07/19/2017 11:44:00 AM,Municipality,DRUMMOND AVE,Maryland (State),WISCONSIN AVE,,N/A,OTHER,OTHER,CLEAR,DRY,DAYLIGHT,NO CONTROLS,,NONE DETECTED,A3984CB1-0E58-459D-AF28-6F8623D54AB7,OTHER,Getting off/on Vehicle,OTHER,ON ROADWAY NOT AT CROSSWALK,N/A,LIGHT CLOTHING,Yes,SUSPECTED SERIOUS INJURY,38.997705,-77.09671833,"(38.997705, -77.09671833)"
MCP271700BX,170505676,Montgomery County Police,Injury Crash,05/03/2017 01:20:00 PM,County,ELM ST,Maryland (State),WISCONSIN AVE,,N/A,PEDESTRIAN,OTHER,CLEAR,DRY,DAYLIGHT,TRAFFIC SIGNAL,NONE DETECTED,NONE DETECTED,1AB604B0-C6AB-4BCE-9C7B-2BE431077056,PEDESTRIAN,Cross/Enter at Intersection,FAILURE TO YIELD RIGHT OF WAY,ON ROADWAY AT CROSSWALK,OTHER,MIXED CLOTHING,Yes,SUSPECTED MINOR INJURY,38.98229883,-77.09302983,"(38.98229883, -77.09302983)"
MCP27170078,16044459,Montgomery County Police,Injury Crash,08/31/2016 04:14:00 PM,County,WESTLAKE TERR,County,WESTLAKE DR,,N/A,PEDESTRIAN,OTHER,CLEAR,DRY,DAYLIGHT,TRAFFIC SIGNAL,NONE DETECTED,NONE DETECTED,79A27A94-4A14-45C9-9825-B744A4F24BA9,PEDESTRIAN,Cross/Enter at Intersection,NO IMPROPER ACTIONS,ON ROADWAY AT CROSSWALK,OBEYED PED. SIGNAL,MIXED CLOTHING,No,POSSIBLE INJURY,39.02707167,-77.14729667,"(39.02707167, -77.14729667)"
MCP1575003J,15061927,MONTGOMERY,Injury Crash,12/04/2015 10:16:00 AM,County,SHADY GROVE RD,County,TRAVILLE  GATEWAY DR,,N/A,PEDESTRIAN,OTHER,N/A,DRY,DAYLIGHT,TRAFFIC SIGNAL,NONE DETECTED,NONE DETECTED,ED59A379-0930-455E-A395-66ACA65A31D3,PEDESTRIAN,Cross/Enter at Intersection,IN ROADWAY IMPROPERLY,ON ROADWAY AT CROSSWALK,DISOBEYED PED. SIGNAL,UNKNOWN,Yes,SUSPECTED SERIOUS INJURY,39.09114667,-77.20452833,"(39.09114667, -77.20452833)"
MCP2720002P,17011450,Montgomery County Police,Injury Crash,03/05/2017 02:48:00 AM,County,WINDMILL LA,County,ROSSITER CT,,N/A,PEDESTRIAN,SINGLE VEHICLE,CLEAR,DRY,DARK -- UNKNOWN LIGHTING,NO CONTROLS,UNKNOWN,NONE DETECTED,1EB10340-F9FC-42DA-B2A2-F4AC99F81092,PEDESTRIAN,Other,NO IMPROPER ACTIONS,CURB,N/A,N/A,No,SUSPECTED MINOR INJURY,39.09209167,-77.06885333,"(39.09209167, -77.06885333)"
MCP2348002J,17016091,Montgomery County Police,Injury Crash,03/30/2017 01:20:00 AM,Interstate (State),EISENHOWER MEMORIAL HWY,Ramp,RAMP 7 FR MD 121 WB TO IS 270 SB,,N/A,PEDESTRIAN,SINGLE VEHICLE,CLEAR,DRY,DARK NO LIGHTS,NO CONTROLS,NONE DETECTED,NONE DETECTED,4356AFCA-3494-45C8-9588-4B7EECF6B8FC,PEDESTRIAN,Other,NO IMPROPER ACTIONS,ON ROADWAY NOT AT CROSSWALK,N/A,DARK CLOTHING,No,SUSPECTED SERIOUS INJURY,39.22098667,-77.27935667,"(39.22098667, -77.27935667)"
MCP21160056,16055105,Montgomery County Police,Injury Crash,10/26/2016 01:50:00 PM,County,FISHERS LA,County,TWINBROOK PKWY,,N/A,PEDESTRIAN,STRAIGHT MOVEMENT ANGLE,CLEAR,DRY,DAYLIGHT,TRAFFIC SIGNAL,NONE DETECTED,NONE DETECTED,B85E713F-0E7A-4445-BC37-14472734D0C2,PEDESTRIAN,Cross/Enter at Intersection,FAILURE TO OBEY TRAFFIC SIGNS SIGNALS OR OFFICER,AT INTERSECTION MARKED CROSSWALK,DISOBEYED PED. SIGNAL,DARK CLOTHING,Yes,POSSIBLE INJURY,39.062751,-77.116451,"(39.062751, -77.116451)"
MCP2937000W,15035669,MONTGOMERY,Injury Crash,07/20/2015 08:39:00 AM,Maryland (State),NEW HAMPSHIRE AVE,County,LOCKWOOD DR,,N/A,PEDESTRIAN,SINGLE VEHICLE,N/A,DRY,DAYLIGHT,TRAFFIC SIGNAL,NONE DETECTED,NONE DETECTED,B88791ED-7A43-4A1C-9D77-F478493CF668,PEDESTRIAN,Cross/Enter at Intersection,DART DASH,SIDEWALK,NO PED. SIGNAL,LIGHT CLOTHING,Yes,SUSPECTED MINOR INJURY,39.03960299,-76.99068546,"(39.03960299, -76.99068546)"
EJ78650013,170510092,Gaithersburg Police Depar,Injury Crash,05/26/2017 07:59:00 PM,Municipality,BUTTRY RD,Municipality,BRIARSTONE LA,,GAITHERSBURG,PEDESTRIAN,SINGLE VEHICLE,CLEAR,DRY,DAYLIGHT,NO CONTROLS,N/A,N/A,08A1AA00-4D91-4620-B2D1-680E2AAC0BC4,PEDESTRIAN,Playing,DART DASH,SHOULDER,NO PED. SIGNAL,MIXED CLOTHING,Yes,POSSIBLE INJURY,39.13337773,-77.20451921,"(39.13337773, -77.20451921)"
MCP1595000Q,170504644,Montgomery County Police,Injury Crash,04/28/2017 02:16:00 AM,County,ELKIN ST,County,PRICE AVE,,N/A,PEDESTRIAN,SAME DIRECTION SIDESWIPE,CLEAR,DRY,DARK LIGHTS ON,NO CONTROLS,UNKNOWN,ALCOHOL PRESENT,100C0D18-7757-4824-8790-D4EDB434833D,PEDESTRIAN,Standing,NO IMPROPER ACTIONS,CURB,NO PED. SIGNAL,LIGHT CLOTHING,No,SUSPECTED MINOR INJURY,39.04091233,-77.05039009,"(39.04091233, -77.05039009)"
EJ77470022,16033848,Gaithersburg Police Depar,Injury Crash,07/04/2016 07:02:00 PM,Municipality,WASHINGTONIAN BLVD,Unknown,BOARDWALK PL,,N/A,PEDESTRIAN,SAME DIR REAR END,RAINING,WET,DAYLIGHT,OTHER,NONE DETECTED,NONE DETECTED,51FC4F60-C974-4690-B6F6-3EF2771CCB42,PEDESTRIAN,Cross/Enter at Intersection,NO IMPROPER ACTIONS,AT INTERSECTION MARKED CROSSWALK,NO PED. SIGNAL,MIXED CLOTHING,No,NO APPARENT INJURY,39.116595,-77.19954,"(39.116595, -77.19954)"
MCP2909000W,15065349,Montgomery County Police,Injury Crash,12/21/2015 06:46:00 PM,County,EDGEMOOR LA,County,ARLINGTON RD,,N/A,PEDESTRIAN,OTHER,CLEAR,DRY,DARK LIGHTS ON,TRAFFIC SIGNAL,NONE DETECTED,NONE DETECTED,68DA21B4-2489-47F9-A979-B92196F4E3D0,PEDESTRIAN,Cross/Enter at Intersection,NO IMPROPER ACTIONS,AT INTERSECTION MARKED CROSSWALK,OBEYED PED. SIGNAL,LIGHT CLOTHING,No,SUSPECTED MINOR INJURY,38.98720167,-77.09895667,"(38.98720167, -77.09895667)"
MCP2799001F,16013039,MONTGOMERY,Injury Crash,03/16/2016 08:16:00 PM,County,MORNINGWOOD DR,County,HEADWATERS DR,,N/A,PEDESTRIAN,STRAIGHT MOVEMENT ANGLE,CLEAR,DRY,DARK LIGHTS ON,STOP SIGN,NONE DETECTED,NONE DETECTED,977F67BF-B296-4EA5-9885-BF651580E436,PEDESTRIAN,Cross/Enter at Intersection,NOT VISIBLE,AT INTERSECTION MARKED CROSSWALK,NO PED. SIGNAL,MIXED CLOTHING,No,SUSPECTED MINOR INJURY,39.1530017,-77.07724571,"(39.1530017, -77.07724571)"
MCP1257000R,16042082,Montgomery County Police,Injury Crash,08/19/2016 09:26:00 AM,County,FATHER HURLEY BLVD,Unknown,PALMETTO CIR,,N/A,BICYCLIST,STRAIGHT MOVEMENT ANGLE,CLEAR,DRY,DAYLIGHT,STOP SIGN,NONE DETECTED,NONE DETECTED,427AE9C6-A291-4154-8872-8B2C880CFB13,BICYCLIST,Cross/Enter at Intersection,DART DASH,AT INTERSECTION MARKED CROSSWALK,NO PED. SIGNAL,MIXED CLOTHING,Yes,SUSPECTED MINOR INJURY,39.173525,-77.28379333,"(39.173525, -77.28379333)"
MCP28720014,15053386,MONTGOMERY,Injury Crash,10/21/2015 09:05:00 AM,County,CONTOUR RD,County,HORIZON RUN RD,,N/A,PEDESTRIAN,SINGLE VEHICLE,N/A,DRY,DAYLIGHT,N/A,NONE DETECTED,NONE DETECTED,9B5229AA-EB24-45BC-9392-E56D311F1BF5,PEDESTRIAN,Cross/Enter not at Intersection,FAILURE TO YIELD RIGHT OF WAY,ON ROADWAY NOT AT CROSSWALK,NO PED. SIGNAL,MIXED CLOTHING,Yes,POSSIBLE INJURY,39.15546333,-77.19744,"(39.15546333, -77.19744)"
MCP26360005,15010082,Montgomery County Police,Injury Crash,03/03/2015 08:16:00 PM,County,RAMSEY AVE,County,FIDLER LA,,N/A,PEDESTRIAN,SINGLE VEHICLE,WINTRY MIX,ICE,DARK LIGHTS ON,N/A,NONE DETECTED,NONE DETECTED,D157D5A7-0C33-4029-9565-F360929E9F14,PEDESTRIAN,Other,NO IMPROPER ACTIONS,ON ROADWAY NOT AT CROSSWALK,NO PED. SIGNAL,MIXED CLOTHING,No,POSSIBLE INJURY,38.99561499,-77.03070402,"(38.99561499, -77.03070402)"
MCP2991000N,16012108,MONTGOMERY,Injury Crash,03/11/2016 11:30:00 AM,Maryland (State),UNIVERSITY BLVD W,County,GRANDVIEW AVE,,N/A,PEDESTRIAN,SINGLE VEHICLE,N/A,N/A,DAYLIGHT,TRAFFIC SIGNAL,NONE DETECTED,NONE DETECTED,666A22C5-51DD-4126-B30B-73251BD3832F,PEDESTRIAN,Cross/Enter at Intersection,NO IMPROPER ACTIONS,ON ROADWAY AT CROSSWALK,OBEYED PED. SIGNAL,N/A,No,SUSPECTED MINOR INJURY,39.04119253,-77.05307499,"(39.04119253, -77.05307499)"
MCP27980038,170517119,Montgomery County Police,Injury Crash,07/03/2017 03:43:00 PM,Maryland (State),NEW HAMPSHIRE AVE,Unknown,ENT TO WHITE OAK SHOPPING CENTER,,N/A,BICYCLIST,OTHER,CLEAR,DRY,DAYLIGHT,NO CONTROLS,NONE DETECTED,NONE DETECTED,F1B24995-0268-4ECA-AE66-38536050D41F,BICYCLIST,Walking/Riding against Traffic,WRONG WAY RIDING OR WALKING,SIDEWALK,N/A,MIXED CLOTHING,Yes,POSSIBLE INJURY,39.03917695,-76.99018523,"(39.03917695, -76.99018523)"
MCP2363000Y,16051042,Montgomery County Police,Injury Crash,10/04/2016 07:15:00 PM,Maryland (State),HUNGERFORD DR,Municipality,E MIDDLE LA,,ROCKVILLE,PEDESTRIAN,OTHER,CLEAR,DRY,DUSK,TRAFFIC SIGNAL,NONE DETECTED,UNKNOWN,747421AE-843C-485D-9E04-12CBD7B1CB21,PEDESTRIAN,Cross/Enter at Intersection,UNKNOWN,AT INTERSECTION MARKED CROSSWALK,UNKNOWN,MIXED CLOTHING,Unknown,SUSPECTED SERIOUS INJURY,39.08511469,-77.14820623,"(39.08511469, -77.14820623)"
MCP25460027,16066612,Montgomery County Police,Injury Crash,12/27/2016 03:15:00 PM,County,PARKLAND DR,County,INDEPENDENCE ST,,N/A,PEDESTRIAN,OTHER,CLEAR,DRY,DAYLIGHT,STOP SIGN,NONE DETECTED,NONE DETECTED,3BC2AE6A-5DB0-4C59-88FA-8E0BDBA5AC62,PEDESTRIAN,Getting off/on Vehicle,NO IMPROPER ACTIONS,SHOULDER,N/A,LIGHT CLOTHING,Unknown,SUSPECTED SERIOUS INJURY,39.07271167,-77.08702,"(39.07271167, -77.08702)"
MCP28460021,16032703,Montgomery County Police,Injury Crash,06/28/2016 01:15:00 PM,County,SHOREFIELD RD,Maryland (State),GEORGIA AVE,,N/A,PEDESTRIAN,OTHER,CLOUDY,DRY,DAYLIGHT,TRAFFIC SIGNAL,NONE DETECTED,NONE DETECTED,4D09E15D-701D-4E8D-BFBD-C14CB95B356D,PEDESTRIAN,Cross/Enter at Intersection,NO IMPROPER ACTIONS,ON ROADWAY AT CROSSWALK,OBEYED PED. SIGNAL,MIXED CLOTHING,No,NO APPARENT INJURY,39.05316667,-77.050735,"(39.05316667, -77.050735)"
MCP2923003G,170530269,Montgomery County Police,Injury Crash,09/13/2017 06:27:00 AM,County,ARCOLA AVE,County,NAIRN RD,,N/A,PEDESTRIAN,OTHER,RAINING,WET,DAWN,N/A,NONE DETECTED,NONE DETECTED,C6C980DA-C4D4-4D50-8320-84ACF62662AF,PEDESTRIAN,Cross/Enter at Intersection,NO IMPROPER ACTIONS,ON ROADWAY AT CROSSWALK,NO PED. SIGNAL,DARK CLOTHING,No,SUSPECTED SERIOUS INJURY,39.04690833,-77.04253167,"(39.04690833, -77.04253167)"
EJ7833001K,15065800,Gaithersburg Police Depar,Injury Crash,12/23/2015 05:20:00 PM,Municipality,CHESTERTOWN ST,Municipality,TSCHIFFELY SQUARE RD,,GAITHERSBURG,PEDESTRIAN,OTHER,CLOUDY,WET,DARK LIGHTS ON,NO CONTROLS,NONE DETECTED,NONE DETECTED,F814F2D7-40B0-4564-BF8F-82264EFC4CB6,PEDESTRIAN,Cross/Enter at Intersection,NOT VISIBLE,ON ROADWAY AT CROSSWALK,NO PED. SIGNAL,DARK CLOTHING,No,SUSPECTED MINOR INJURY,39.12399333,-77.24435667,"(39.12399333, -77.24435667)"
MCP1564001S,16066488,Montgomery County Police,Injury Crash,12/20/2016 08:23:00 AM,Maryland (State),NORBECK RD,County,WHITEHAVEN RD,,N/A,PEDESTRIAN,SINGLE VEHICLE,CLEAR,DRY,DAYLIGHT,OTHER,NONE DETECTED,NONE DETECTED,C47364FF-0ACB-4AD6-BEAC-866AF2EB0B78,PEDESTRIAN,Walking/Riding w/Traffic,UNKNOWN,ON ROADWAY NOT AT CROSSWALK,NO PED. SIGNAL,MIXED CLOTHING,Unknown,SUSPECTED MINOR INJURY,39.12094667,-77.03903667,"(39.12094667, -77.03903667)"
MCP229800B9,16057493,Montgomery County Police,Injury Crash,11/07/2016 08:01:00 PM,Maryland (State),CLOPPER RD,County,LIBERTY MILL RD,,N/A,BICYCLIST,OTHER,CLEAR,N/A,DARK LIGHTS ON,NO CONTROLS,NONE DETECTED,ILLEGAL DRUG PRESENT,1BE559DC-EAE2-4CD8-AF04-54880E437CB8,BICYCLIST,Cross/Enter at Intersection,NO IMPROPER ACTIONS,AT INTERSECTION BUT NO CROSSWALK,NO PED. SIGNAL,MIXED CLOTHING,No,NO APPARENT INJURY,39.16217474,-77.28160657,"(39.16217474, -77.28160657)"
MCP2890000R,15052280,MONTGOMERY,Injury Crash,10/14/2015 11:33:00 PM,County,MIDDLEBROOK RD,Maryland (State),FREDERICK RD,,N/A,PEDESTRIAN,SINGLE VEHICLE,CLEAR,DRY,DARK NO LIGHTS,NO CONTROLS,NONE DETECTED,NONE DETECTED,23AB7528-877F-4C01-B084-4299FD10B2AD,PEDESTRIAN,Cross/Enter not at Intersection,DART DASH,ON ROADWAY NOT AT CROSSWALK,NO PED. SIGNAL,MIXED CLOTHING,Yes,SUSPECTED SERIOUS INJURY,39.18172167,-77.23669,"(39.18172167, -77.23669)"
MCP21990005,15056281,MONTGOMERY,Injury Crash,11/04/2015 05:35:00 PM,County,MIDDLEBROOK RD,County,FATHER HURLEY BLVD,,N/A,PEDESTRIAN,SINGLE VEHICLE,CLEAR,DRY,DUSK,TRAFFIC SIGNAL,N/A,N/A,47C564AA-8210-4FB4-BCFF-9A7429D53AAD,PEDESTRIAN,Walking to/from school,FAILURE TO OBEY TRAFFIC SIGNS SIGNALS OR OFFICER,AT INTERSECTION MARKED CROSSWALK,DISOBEYED PED. SIGNAL,MIXED CLOTHING,Yes,SUSPECTED MINOR INJURY,39.18380322,-77.27381945,"(39.18380322, -77.27381945)"
MCP3010000V,16018936,Montgomery County Police,Property Damage Crash,04/18/2016 08:27:00 AM,County,MARINELLI RD,Unknown,CITADEL AVE,,N/A,OTHER,SAME DIRECTION SIDESWIPE,CLEAR,DRY,DAYLIGHT,NO CONTROLS,NONE DETECTED,N/A,2A4630D2-CC5B-4ABC-B555-14EE6FE22B48,OTHER,N/A,N/A,N/A,N/A,N/A,No,NO APPARENT INJURY,39.04766167,-77.10837833,"(39.04766167, -77.10837833)"
MCP2110000S,16015611,Montgomery County Police,Injury Crash,03/30/2016 07:23:00 PM,County,SHADY GROVE RD,County,CRABBS BRANCH WAY,,N/A,PEDESTRIAN,SINGLE VEHICLE,CLEAR,DRY,DUSK,TRAFFIC SIGNAL,N/A,N/A,701C326B-F38A-44F2-ACD5-3E3E93AC74DF,PEDESTRIAN,Cross/Enter at Intersection,FAILURE TO OBEY TRAFFIC SIGNS SIGNALS OR OFFICER,ON ROADWAY AT CROSSWALK,DISOBEYED PED. SIGNAL,LIGHT CLOTHING,Unknown,SUSPECTED MINOR INJURY,39.12895833,-77.167165,"(39.12895833, -77.167165)"
MCP1438003V,16062994,Montgomery County Police,Injury Crash,12/08/2016 10:50:00 AM,County,WIGHTMAN RD,County,MONTGOMERY VILLAGE AVE,,N/A,PEDESTRIAN,SAME DIRECTION LEFT TURN,CLOUDY,DRY,DAYLIGHT,TRAFFIC SIGNAL,NONE DETECTED,NONE DETECTED,A5E792A7-5C2A-4146-8D8D-8C8B63223E69,PEDESTRIAN,Standing,NO IMPROPER ACTIONS,SIDEWALK,N/A,N/A,No,POSSIBLE INJURY,39.19005167,-77.19190167,"(39.19005167, -77.19190167)"