Report Number,Local Case Number,Agency Name,ACRS Report Type,Crash Date/Time,Route Type,Road Name,Cross-Street Type,Cross-Street Name,Off-Road Description,Municipality,Related Non-Motorist,Collision Type,Weather,Surface Condition,Light,Traffic Control,Driver Substance Abuse,Non-Motorist Substance Abuse,Person ID,Pedestrian Type,Pedestrian Movement,Pedestrian Actions,Pedestrian Location,Pedestrian Obeyed Traffic Signal,Pedestrian Visibility,At Fault,Injury Severity,Latitude,Longitude,Location
MCP2077001S,170518841,Montgomery County Police,Injury Crash,07/21/2017 10:02:00 AM,,,,,"PARKING LOT OF SUNOCO STATION; 14031 GEORGIA AVE, SILVER SPRING, MD",,PEDESTRIAN,OTHER,CLEAR,,DAYLIGHT,NO CONTROLS,N/A,NONE DETECTED,4E376801-EA3C-42CD-A353-22AE5735EBAC,PEDESTRIAN,Other,NO IMPROPER ACTIONS,OTHER,N/A,MIXED CLOTHING,No,POSSIBLE INJURY,39.085032,-77.078111,"(39.085032, -77.078111)"
MCP9311000R,16047305,Montgomery County Police,Injury Crash,09/15/2016 09:31:00 AM,,,,,"PARKING LOT OF 10400 FERNWOOD ROAD, BETHESDA, MD 20817 (MARRIOTT CORP BUILDING)",,PEDESTRIAN,SINGLE VEHICLE,CLOUDY,,DAYLIGHT,NO CONTROLS,NONE DETECTED,NONE DETECTED,768D53E6-EAB1-4916-8113-10459AC1ED64,PEDESTRIAN,Other,NO IMPROPER ACTIONS,ON ROADWAY AT CROSSWALK,NO PED. SIGNAL,MIXED CLOTHING,No,SUSPECTED MINOR INJURY,39.02551333,-77.14379333,"(39.02551333, -77.14379333)"
MCP28510019,15048076,MONTGOMERY,Injury Crash,09/22/2015 06:44:00 PM,Maryland (State),GERMANTOWN RD,County,AIRCRAFT DR,,N/A,PEDESTRIAN,SINGLE VEHICLE,CLEAR,DRY,DAYLIGHT,TRAFFIC SIGNAL,NONE DETECTED,NONE DETECTED,8CD3880B-7884-49A3-A47D-665B594167C2,PEDESTRIAN,Cross/Enter at Intersection,FAILURE TO YIELD RIGHT OF WAY,ON ROADWAY AT CROSSWALK,DISOBEYED PED. SIGNAL,MIXED CLOTHING,Yes,SUSPECTED MINOR INJURY,39.18203333,-77.26057833,"(39.18203333, -77.26057833)"
MCP2607002P,170520587,Montgomery County Police,Property Damage Crash,07/22/2017 04:58:00 PM,County,AMITY CT,County,AMITY DR,,N/A,BICYCLIST,OTHER,RAINING,WET,DAYLIGHT,NO CONTROLS,NONE DETECTED,ALCOHOL PRESENT,B2E6EB7F-9BC8-4813-9BB0-19F25AC0F505,BICYCLIST,Cross/Enter at Intersection,INATTENTIVE,AT INTERSECTION BUT NO CROSSWALK,NO PED. SIGNAL,MIXED CLOTHING,Yes,NO APPARENT INJURY,39.14524667,-77.16897667,"(39.14524667, -77.16897667)"
MCP2639001F,16035359,Montgomery County Police,Injury Crash,07/12/2016 09:35:00 PM,Maryland (State),UNIVERSITY BLVD W,County,DRUMM AVE,,N/A,PEDESTRIAN,STRAIGHT MOVEMENT ANGLE,CLEAR,DRY,DARK LIGHTS ON,NO CONTROLS,NONE DETECTED,NONE DETECTED,ED69502E-E9D2-40A3-90CE-719AD1AC6D34,PEDESTRIAN,Other,IN ROADWAY IMPROPERLY,ON ROADWAY NOT AT CROSSWALK,DISOBEYED PED. SIGNAL,MIXED CLOTHING,Yes,POSSIBLE INJURY,39.036605,-77.06172,"(39.036605, -77.06172)"
MCP28480032,16027760,Montgomery County Police,Injury Crash,06/03/2016 12:03:00 PM,County,EXECUTIVE BLVD,Maryland (State),OLD GEORGETOWN RD,,N/A,BICYCLIST,STRAIGHT MOVEMENT ANGLE,CLOUDY,DRY,DAYLIGHT,NO CONTROLS,NONE DETECTED,NONE DETECTED,F6BECD71-9C52-4DD4-B4BB-1A0C26208BB0,BICYCLIST,Cross/Enter at Intersection,NO IMPROPER ACTIONS,SIDEWALK,NO PED. SIGNAL,LIGHT CLOTHING,No,SUSPECTED MINOR INJURY,39.04729,-77.11769,"(39.04729, -77.11769)"
MCP2824001G,15046937,MONTGOMERY,Injury Crash,09/16/2015 04:50:00 PM,Municipality,VEIRS DR,County,OAKWOOD DR,,N/A,BICYCLIST,OTHER,CLEAR,DRY,DAYLIGHT,NO CONTROLS,N/A,N/A,3BEFD4AF-E5B3-46E3-8DC4-7636F685915D,BICYCLIST,Walking/Riding w/Traffic,NO IMPROPER ACTIONS,SHOULDER,N/A,LIGHT CLOTHING,No,POSSIBLE INJURY,39.077609,-77.196532,"(39.077609, -77.196532)"
MCP09420015,170504129,Montgomery County Police,Injury Crash,04/25/2017 02:54:00 PM,,,,,6930 ARLINGTON RD-BRADLEY SHOPPING CENTER,,PEDESTRIAN,OTHER,RAINING,,DAYLIGHT,TRAFFIC SIGNAL,NONE DETECTED,NONE DETECTED,58C7F0A1-6799-4FC4-80E3-AFDB4300F3AA,PEDESTRIAN,Cross/Enter at Intersection,NO IMPROPER ACTIONS,AT INTERSECTION MARKED CROSSWALK,OBEYED PED. SIGNAL,MIXED CLOTHING,No,SUSPECTED MINOR INJURY,38.9795885,-77.09880167,"(38.9795885, -77.09880167)"
MCP2437001N,16022480,Montgomery County Police,Injury Crash,05/06/2016 03:57:00 PM,,,,,"PARKING LOT OF 13639 GEORGIA AVE, SILVER SPRING, MD",,PEDESTRIAN,SINGLE VEHICLE,RAINING,,DAYLIGHT,NO CONTROLS,NONE DETECTED,NONE DETECTED,F9B558EB-4F51-40F8-A5FB-3407A8D5609D,PEDESTRIAN,N/A,NO IMPROPER ACTIONS,OTHER,NO PED. SIGNAL,MIXED CLOTHING,No,SUSPECTED MINOR INJURY,39.07999667,-77.07225833,"(39.07999667, -77.07225833)"
MCP2897000X,16036981,Montgomery County Police,Injury Crash,07/21/2016 05:43:00 PM,Other Public Roadway,HENDERSON CORNER RD,Maryland (State),FREDERICK RD,,N/A,BICYCLIST,SINGLE VEHICLE,CLEAR,DRY,DAYLIGHT,NO CONTROLS,NONE DETECTED,NONE DETECTED,B518730B-B05D-4208-8B7D-FE08A53CE64A,BICYCLIST,Cross/Enter at Intersection,FAILURE TO YIELD RIGHT OF WAY,ON ROADWAY AT CROSSWALK,NO PED. SIGNAL,MIXED CLOTHING,Yes,POSSIBLE INJURY,39.2015799,-77.25025222,"(39.2015799, -77.25025222)"
MCP271700BM,170502817,Montgomery County Police,Property Damage Crash,04/18/2017 04:45:00 PM,,,,,4707 HIGHLAND AVENUE (MONTGOMERY COUNTY PUBLIC PARKING LOT),,PEDESTRIAN,SINGLE VEHICLE,CLEAR,,DAYLIGHT,NO CONTROLS,NONE DETECTED,NONE DETECTED,BED5F0AE-C8C9-404A-A7FE-90691CA3E33C,PEDESTRIAN,Standing,OTHER,OTHER,N/A,MIXED CLOTHING,No,NO APPARENT INJURY,38.991755,-77.09430183,"(38.991755, -77.09430183)"
MCP2986000K,16015043,Montgomery County Police,Injury Crash,03/27/2016 06:00:00 PM,County,E WAYNE AVE,County,FLOWER AVE,,N/A,OTHER,SINGLE VEHICLE,N/A,DRY,DUSK,NO CONTROLS,NONE DETECTED,NONE DETECTED,AD76393A-831F-4E8B-B70E-F7FBE63144CE,OTHER,N/A,NO IMPROPER ACTIONS,INSIDE BUILDING,N/A,N/A,No,NO APPARENT INJURY,39.00237833,-77.00699167,"(39.00237833, -77.00699167)"
MCP2971001B,16025851,Montgomery County Police,Injury Crash,05/24/2016 05:54:00 PM,,,,,"PARKING LOT IN FRONT OF 11507 FEBRUARY CIRCLE, SILVER SPRING, MARYLAND",,BICYCLIST,HEAD ON,CLEAR,,DAYLIGHT,NO CONTROLS,NONE DETECTED,NONE DETECTED,F4CC3E12-5FAA-4C2F-B969-F678B45DB89E,BICYCLIST,Cross/Enter not at Intersection,FAILURE TO YIELD RIGHT OF WAY,ON ROADWAY NOT AT CROSSWALK,N/A,MIXED CLOTHING,Yes,POSSIBLE INJURY,39.04771489,-76.97713494,"(39.04771489, -76.97713494)"
MCP2669000B,17000770,Montgomery County Police,Injury Crash,01/05/2017 11:50:00 AM,,,,,"PARKING LOT OF 2408 UNIVERSITY BLVD, EL CATRACHITO",,PEDESTRIAN,OTHER,CLOUDY,,DAYLIGHT,N/A,NONE DETECTED,NONE DETECTED,0EF56FC4-3A9C-4CD9-BDFA-C1FE8C346CF4,PEDESTRIAN,Standing,NO IMPROPER ACTIONS,OTHER,N/A,MIXED CLOTHING,No,SUSPECTED MINOR INJURY,39.04172,-77.050915,"(39.04172, -77.050915)"
DD5614002K,170503761,Rockville Police Departme,Injury Crash,04/23/2017 07:06:00 PM,Municipality,MARTINS LA,Municipality,N WASHINGTON ST,,ROCKVILLE,PEDESTRIAN,STRAIGHT MOVEMENT ANGLE,CLOUDY,DRY,DAYLIGHT,NO CONTROLS,UNKNOWN,UNKNOWN,10D6F775-63C0-41C2-8C5E-534F6DFE7D39,PEDESTRIAN,Cross/Enter at Intersection,DART DASH,ON ROADWAY NOT AT CROSSWALK,NO PED. SIGNAL,MIXED CLOTHING,Yes,SUSPECTED MINOR INJURY,39.09118333,-77.15502977,"(39.09118333, -77.15502977)"
MCP29520022,16027591,Montgomery County Police,Injury Crash,06/02/2016 02:53:00 PM,,,,,ALLEY BEHIND LA FITNESS CONNECTING GEORGIA AVE AND DRIVEWAY TO PARKING GARAGE.,,OTHER CONVEYANCE,OTHER,CLEAR,,DAYLIGHT,NO CONTROLS,NONE DETECTED,NONE DETECTED,F9D18D7B-0CEB-4EAA-8F77-A79E76EFBDA7,OTHER CONVEYANCE,Other,NO IMPROPER ACTIONS,OTHER,NO PED. SIGNAL,LIGHT CLOTHING,No,POSSIBLE INJURY,38.99858667,-77.02928,"(38.99858667, -77.02928)"
MCP2693001B,16004084,Montgomery County Police,Injury Crash,01/24/2016 04:04:00 PM,County,BAUER DR,Other Public Roadway,BURNSIDE DR,,N/A,PEDESTRIAN,SINGLE VEHICLE,CLEAR,SNOW,DAYLIGHT,NO CONTROLS,NONE DETECTED,NONE DETECTED,83697246-4D6A-45E5-879A-83A6A13CFBE4,PEDESTRIAN,Walking/Riding w/Traffic,NO IMPROPER ACTIONS,SHOULDER,NO PED. SIGNAL,MIXED CLOTHING,No,POSSIBLE INJURY,39.094385,-77.10942667,"(39.094385, -77.10942667)"
MCP2888000Z,15051790,MONTGOMERY,Injury Crash,10/12/2015 06:03:00 PM,County,TRAVILAH RD,County,PINEY MEETINGHOUSE RD,,N/A,BICYCLIST,STRAIGHT MOVEMENT ANGLE,CLEAR,DRY,DAYLIGHT,N/A,N/A,N/A,49BFDFA0-0A00-4D04-A13D-56715DA50FDF,BICYCLIST,Other,NOT VISIBLE,SIDEWALK,N/A,MIXED CLOTHING,No,SUSPECTED MINOR INJURY,39.08636177,-77.21926332,"(39.08636177, -77.21926332)"
MCP2801001Z,170511679,Montgomery County Police,Injury Crash,06/04/2017 02:51:00 AM,County,SILVER SPRING AVE,County,MAYOR LA,,N/A,PEDESTRIAN,OTHER,CLEAR,DRY,DARK LIGHTS ON,NO CONTROLS,ALCOHOL PRESENT,N/A,41F52208-DF23-4744-84DF-6855779B62E9,PEDESTRIAN,N/A,OTHER,N/A,N/A,DARK CLOTHING,No,SUSPECTED MINOR INJURY,38.99164581,-77.02596992,"(38.99164581, -77.02596992)"
MCP30330012,170509475,Montgomery County Police,Injury Crash,05/23/2017 07:23:00 PM,,,,,PARKING LOT OF 8860 PINEY BRANCH ROAD,,PEDESTRIAN,OTHER,RAINING,,DARK LIGHTS ON,NO CONTROLS,UNKNOWN,NONE DETECTED,0BDF779E-55BF-4F80-AE57-5F44B010272D,PEDESTRIAN,Other,NO IMPROPER ACTIONS,OTHER,N/A,MIXED CLOTHING,No,SUSPECTED MINOR INJURY,39.00080545,-76.99174225,"(39.00080545, -76.99174225)"
MCP2997000L,16063152,Montgomery County Police,Injury Crash,12/09/2016 01:10:00 AM,County,BEL PRE RD,Other Public Roadway,PARKER FARM WAY,,N/A,PEDESTRIAN,STRAIGHT MOVEMENT ANGLE,N/A,DRY,DARK LIGHTS ON,NO CONTROLS,UNKNOWN,ALCOHOL PRESENT,768A26A0-BD2A-4662-A52B-475050B38519,PEDESTRIAN,Hitchhiking,IN ROADWAY IMPROPERLY,ON ROADWAY NOT AT CROSSWALK,NO PED. SIGNAL,HEAD LIGHT,Yes,SUSPECTED MINOR INJURY,39.0904672,-77.04884648,"(39.0904672, -77.04884648)"
MCP2933000S,15062717,MONTGOMERY,Injury Crash,12/08/2015 03:00:00 PM,County,WHITTIER BLVD,County,LANDON LA,,N/A,PEDESTRIAN,OTHER,CLEAR,DRY,DAYLIGHT,STOP SIGN,N/A,NONE DETECTED,E5D1741E-AB16-4726-983F-0AFBFE3C118A,PEDESTRIAN,Cross/Enter at Intersection,NO IMPROPER ACTIONS,AT INTERSECTION MARKED CROSSWALK,NO PED. SIGNAL,DARK CLOTHING,No,SUSPECTED MINOR INJURY,38.98529965,-77.12677002,"(38.98529965, -77.12677002)"
MCP2882000Q,15006301,Montgomery County Police,Injury Crash,02/07/2015 05:00:00 PM,,,,,Driveway of 21100 Slidell Rd. Boyds MD 20841,,PEDESTRIAN,SINGLE VEHICLE,CLEAR,,DAYLIGHT,N/A,NONE DETECTED,NONE DETECTED,CCA4EFB4-F43F-402B-97D0-45BF5F98D1C9,PEDESTRIAN,Playing,NOT VISIBLE,N/A,N/A,LIGHT CLOTHING,,SUSPECTED MINOR INJURY,39.20210472,-77.32660532,"(39.20210472, -77.32660532)"
MCP25630009,15064811,MONTGOMERY,Injury Crash,12/18/2015 07:09:00 PM,County,E RANDOLPH RD,County,SERPENTINE WAY,,N/A,PEDESTRIAN,SINGLE VEHICLE,CLEAR,DRY,DARK LIGHTS ON,TRAFFIC SIGNAL,NONE DETECTED,UNKNOWN,32215F20-D5E7-4FC6-A6F3-2A5F44713AD0,PEDESTRIAN,Unknown,UNKNOWN,ON ROADWAY NOT AT CROSSWALK,NO PED. SIGNAL,UNKNOWN,Unknown,SUSPECTED SERIOUS INJURY,39.06437221,-76.96906283,"(39.06437221, -76.96906283)"
MCP9134000G,16060824,Montgomery County Police,Injury Crash,11/26/2016 10:57:00 PM,County,WAYNE AVE,US (State),GEORGIA AVE,,N/A,PEDESTRIAN,OTHER,CLEAR,DRY,DARK LIGHTS ON,TRAFFIC SIGNAL,NONE DETECTED,ALCOHOL PRESENT,A8332BA4-EACB-4534-A1EF-AFFBFE2487BF,PEDESTRIAN,Cross/Enter at Intersection,IN ROADWAY IMPROPERLY,ON ROADWAY AT CROSSWALK,DISOBEYED PED. SIGNAL,DARK CLOTHING,Yes,SUSPECTED MINOR INJURY,38.99450833,-77.02728667,"(38.99450833, -77.02728667)"
MCP23530041,170513155,Montgomery County Police,Injury Crash,06/12/2017 06:18:00 AM,Maryland (State),EAST WEST HWY,Unknown,SPUR FR JONES MILL RD,,N/A,BICYCLIST,STRAIGHT MOVEMENT ANGLE,CLOUDY,DRY,DAYLIGHT,NO CONTROLS,NONE DETECTED,NONE DETECTED,A1114331-0C38-40AF-8935-0257D6D6B277,BICYCLIST,Cross/Enter not at Intersection,INATTENTIVE,OUTSIDE RIGHT OF WAY,N/A,HEAD LIGHT,Yes,SUSPECTED MINOR INJURY,38.99326333,-77.06411,"(38.99326333, -77.06411)"
MCP1573000Z,16054603,Montgomery County Police,Injury Crash,10/23/2016 06:39:00 PM,County,CONNECTICUT AVE,Maryland (State),GEORGIA AVE,,N/A,BICYCLIST,SINGLE VEHICLE,CLEAR,DRY,DUSK,PERSON,NONE DETECTED,NONE DETECTED,57CDE8DC-2768-41BA-B8B7-5D276D5F52BE,BICYCLIST,Cross/Enter at Intersection,NO IMPROPER ACTIONS,ON ROADWAY AT CROSSWALK,OBEYED PED. SIGNAL,MIXED CLOTHING,No,POSSIBLE INJURY,39.083855,-77.07752667,"(39.083855, -77.07752667)"
MCP1475000Q,16015424,Montgomery County Police,Injury Crash,03/29/2016 06:00:00 PM,,,,,PARKING LOT OF 9659 LOST KNIFE ROAD,,PEDESTRIAN,OTHER,CLEAR,,DAYLIGHT,N/A,NONE DETECTED,UNKNOWN,5B9D77E5-AA15-4692-8600-B4C466C77A47,PEDESTRIAN,Cross/Enter not at Intersection,IN ROADWAY IMPROPERLY,ON ROADWAY NOT AT CROSSWALK,NO PED. SIGNAL,UNKNOWN,Yes,SUSPECTED MINOR INJURY,39.153467,-77.198422,"(39.153467, -77.198422)"
MCP11940011,15035594,MONTGOMERY,Injury Crash,07/19/2015 04:09:00 PM,Government,CLARA BARTON PKWY,County,MACARTHUR BLVD,,N/A,BICYCLIST,HEAD ON LEFT TURN,CLEAR,DRY,DAYLIGHT,STOP SIGN,NONE DETECTED,NONE DETECTED,D43675C8-1579-4A24-BB73-6ABB772685B0,BICYCLIST,Cross/Enter at Intersection,NO IMPROPER ACTIONS,AT INTERSECTION MARKED CROSSWALK,N/A,LIGHT CLOTHING,No,POSSIBLE INJURY,38.98928167,-77.19604833,"(38.98928167, -77.19604833)"
MCP271700B3,17012468,Montgomery County Police,Injury Crash,03/09/2017 04:45:00 PM,Maryland (State),NEW HAMPSHIRE AVE,County,OAKVIEW DR,,N/A,PEDESTRIAN,OTHER,CLEAR,DRY,DAYLIGHT,TRAFFIC SIGNAL,NONE DETECTED,NONE DETECTED,67F9F0CC-84BB-41EE-9107-BE7E0C868D91,PEDESTRIAN,Cross/Enter at Intersection,NO IMPROPER ACTIONS,ON ROADWAY AT CROSSWALK,OBEYED PED. SIGNAL,MIXED CLOTHING,No,SUSPECTED MINOR INJURY,39.01515533,-76.9780485,"(39.01515533, -76.9780485)"
MCP2695001F,170508116,Montgomery County Police,Injury Crash,05/16/2017 02:56:00 PM,Maryland (State),SANDY SPRING RD,County,DINO DR,,N/A,PEDESTRIAN,SINGLE VEHICLE,CLEAR,DRY,DAYLIGHT,NO CONTROLS,N/A,N/A,46FCBE15-A586-4438-A914-14FB6512A9CC,PEDESTRIAN,Other,NO IMPROPER ACTIONS,SHOULDER,N/A,N/A,No,SUSPECTED SERIOUS INJURY,39.10860151,-76.92221403,"(39.10860151, -76.92221403)"
MCP2964001B,16010290,Montgomery County Police,Injury Crash,03/01/2016 04:47:00 PM,,,,,PARKING LOT AT 19515 FREDERICK RD 20876,,BICYCLIST,STRAIGHT MOVEMENT ANGLE,CLEAR,,DAYLIGHT,STOP SIGN,NONE DETECTED,NONE DETECTED,E1BD3013-7228-42E9-A571-C0022985672B,BICYCLIST,Other,FAILURE TO OBEY TRAFFIC SIGNS SIGNALS OR OFFICER,OUTSIDE RIGHT OF WAY,N/A,MIXED CLOTHING,Yes,POSSIBLE INJURY,39.17857631,-77.23516345,"(39.17857631, -77.23516345)"
MCP2464000J,16015960,Montgomery County Police,Injury Crash,04/01/2016 05:24:00 PM,County,DEMOCRACY BLVD,County,FERNWOOD RD,,N/A,BICYCLIST,STRAIGHT MOVEMENT ANGLE,CLEAR,DRY,DAYLIGHT,TRAFFIC SIGNAL,NONE DETECTED,NONE DETECTED,3878E335-34FC-4D8D-BACD-3EC374E7784D,BICYCLIST,Cross/Enter at Intersection,FAILURE TO YIELD RIGHT OF WAY,ON ROADWAY AT CROSSWALK,DISOBEYED PED. SIGNAL,MIXED CLOTHING,Yes,SUSPECTED MINOR INJURY,39.02188167,-77.1351,"(39.02188167, -77.1351)"
MCP2689003J,170523840,Montgomery County Police,Injury Crash,08/09/2017 10:24:00 AM,Maryland (State),VEIRS MILL RD,Municipality,ATLANTIC AVE,,ROCKVILLE,PEDESTRIAN,SINGLE VEHICLE,CLEAR,DRY,DAYLIGHT,TRAFFIC SIGNAL,NONE DETECTED,NONE DETECTED,63C2D5ED-5B17-4DAC-B4ED-2D72DFF813F0,PEDESTRIAN,Cross/Enter at Intersection,NO IMPROPER ACTIONS,ON ROADWAY AT CROSSWALK,OBEYED PED. SIGNAL,LIGHT CLOTHING,No,SUSPECTED MINOR INJURY,39.07487539,-77.11544976,"(39.07487539, -77.11544976)"
MCP26670021,16000550,Montgomery County Police,Injury Crash,01/04/2016 11:42:00 AM,County,SHADY GROVE RD,Municipality,CHOKE CHERRY RD,,ROCKVILLE,PEDESTRIAN,SINGLE VEHICLE,CLEAR,DRY,DAYLIGHT,TRAFFIC SIGNAL,NONE DETECTED,NONE DETECTED,89998815-C61A-403C-BDCE-246D47C57CF9,PEDESTRIAN,Cross/Enter at Intersection,NO IMPROPER ACTIONS,ON ROADWAY AT CROSSWALK,OBEYED PED. SIGNAL,MIXED CLOTHING,No,SUSPECTED MINOR INJURY,39.1145953,-77.18575716,"(39.1145953, -77.18575716)"
MCP2048001F,170528029,Montgomery County Police,Injury Crash,08/31/2017 06:00:00 PM,County,RANDOLPH RD,County,BREGMAN RD,,N/A,BICYCLIST,OTHER,CLEAR,DRY,DAYLIGHT,NO CONTROLS,NONE DETECTED,NONE DETECTED,7FFBD7BF-7C87-443A-A1FA-2192C573AFAD,BICYCLIST,Cross/Enter at Intersection,FAILURE TO YIELD RIGHT OF WAY,OUTSIDE RIGHT OF WAY,NO PED. SIGNAL,DARK CLOTHING,Yes,SUSPECTED MINOR INJURY,39.07501833,-77.00487667,"(39.07501833, -77.00487667)"
MCP27910022,16012504,MONTGOMERY,Injury Crash,03/13/2016 08:55:00 PM,,,,,PARKING LOT AT 13820 OLD COLUMBIA PIKE,,PEDESTRIAN,SINGLE VEHICLE,RAINING,,DARK LIGHTS ON,NO CONTROLS,NONE DETECTED,ALCOHOL PRESENT,19E161CF-5C1E-45B5-B69A-DFB59B9AD61D,PEDESTRIAN,Other,INATTENTIVE,OTHER,NO PED. SIGNAL,DARK CLOTHING,Yes,POSSIBLE INJURY,39.083745,-76.95171167,"(39.083745, -76.95171167)"
MCP2784002Q,16055162,Montgomery County Police,Injury Crash,10/26/2016 05:45:00 PM,Maryland (State),LAYHILL RD,County,GLENALLAN AVE,,N/A,PEDESTRIAN,OTHER,CLEAR,DRY,N/A,TRAFFIC SIGNAL,NONE DETECTED,NONE DETECTED,B550F6D6-BF5B-4BF4-A27A-9F802E97D2C1,PEDESTRIAN,Cross/Enter at Intersection,NO IMPROPER ACTIONS,ON ROADWAY AT CROSSWALK,OBEYED PED. SIGNAL,MIXED CLOTHING,No,POSSIBLE INJURY,39.06338667,-77.04991333,"(39.06338667, -77.04991333)"
MCP24250048,15002228,Montgomery County Police,Injury Crash,01/14/2015 06:48:00 PM,County,LOCKWOOD DR,County,OAK LEAF DR,,N/A,PEDESTRIAN,OTHER,CLEAR,DRY,DARK LIGHTS ON,OTHER,NONE DETECTED,NONE DETECTED,90EA26F2-A8DB-49B0-B741-3FCCF45AE76C,PEDESTRIAN,Cross/Enter at Intersection,NO IMPROPER ACTIONS,ON ROADWAY AT CROSSWALK,NO PED. SIGNAL,DARK CLOTHING,,SUSPECTED MINOR INJURY,39.03840333,-76.994445,"(39.03840333, -76.994445)"
MCP29730031,170507704,Montgomery County Police,Injury Crash,05/14/2017 12:12:00 PM,,,,,ASPEN HILL SHOPPING CENTER - CAPITAL ONE BANK - 13601 CONNECTICUT AVE SILVER SPRING MD 20906,,PEDESTRIAN,OTHER,CLEAR,,DAYLIGHT,NO CONTROLS,NONE DETECTED,NONE DETECTED,5356F370-20A6-4E57-A59A-8D67183D57D3,PEDESTRIAN,Other,NO IMPROPER ACTIONS,OTHER,N/A,MIXED CLOTHING,No,POSSIBLE INJURY,39.07822411,-77.07972005,"(39.07822411, -77.07972005)"
MCP2531000H,16019244,Montgomery County Police,Property Damage Crash,04/19/2016 05:40:00 PM,County,MEDICAL CENTER DR,Maryland (State),KEY WEST AVE,,N/A,BICYCLIST,STRAIGHT MOVEMENT ANGLE,CLEAR,DRY,DAYLIGHT,TRAFFIC SIGNAL,N/A,N/A,8A8CE7D5-A5EB-495E-B6E0-3C22F2810EA9,BICYCLIST,Cross/Enter at Intersection,FAILURE TO OBEY TRAFFIC SIGNS SIGNALS OR OFFICER,AT INTERSECTION MARKED CROSSWALK,DISOBEYED PED. SIGNAL,LIGHT CLOTHING,Yes,NO APPARENT INJURY,39.10509333,-77.19660167,"(39.10509333, -77.19660167)"
MCP29080012,15037874,MONTGOMERY,Injury Crash,07/31/2015 09:39:00 AM,US (State),COLESVILLE RD,County,HASTINGS DR,,N/A,"BICYCLIST, OTHER",STRAIGHT MOVEMENT ANGLE,N/A,DRY,DAYLIGHT,YIELD SIGN,NONE DETECTED,NONE DETECTED,CB142B4B-1F72-4EA6-93C1-AAB941A2D2C5,OTHER,Cross/Enter at Intersection,NO IMPROPER ACTIONS,ON ROADWAY AT CROSSWALK,OBEYED PED. SIGNAL,N/A,No,POSSIBLE INJURY,39.013495,-77.01665167,"(39.013495, -77.01665167)"
MCP13970005,15000489,Montgomery County Police,Injury Crash,01/22/2015 07:27:00 AM,Maryland (State),GERMANTOWN RD,Maryland (State),FREDERICK RD,,N/A,PEDESTRIAN,OTHER,FOGGY,WET,DAWN,TRAFFIC SIGNAL,NONE DETECTED,NONE DETECTED,D3F0B888-DDB6-4406-A65B-3528F036F90D,PEDESTRIAN,Cross/Enter at Intersection,NO IMPROPER ACTIONS,ON ROADWAY AT CROSSWALK,OBEYED PED. SIGNAL,DARK CLOTHING,,POSSIBLE INJURY,39.19185667,-77.24314333,"(39.19185667, -77.24314333)"
MCP2871003J,16055362,Montgomery County Police,Injury Crash,10/27/2016 06:51:00 PM,County,ROCKLEDGE DR,County,DEMOCRACY BLVD,,N/A,PEDESTRIAN,OTHER,CLEAR,DRY,DARK NO LIGHTS,NO CONTROLS,NONE DETECTED,NONE DETECTED,08506C5B-5F31-427D-A75C-F39FB2FC093C,PEDESTRIAN,Cross/Enter at Intersection,NO IMPROPER ACTIONS,AT INTERSECTION MARKED CROSSWALK,NO PED. SIGNAL,DARK CLOTHING,No,POSSIBLE INJURY,39.02481667,-77.13239333,"(39.02481667, -77.13239333)"
MCP1417005F,16027322,Montgomery County Police,Injury Crash,06/01/2016 10:30:00 AM,,,,,"PARKING LOT OF
18206 CONTOUR ROAD",,PEDESTRIAN,SINGLE VEHICLE,CLEAR,,DAYLIGHT,NO CONTROLS,NONE DETECTED,NONE DETECTED,EE60808D-FFAE-4A9A-9E32-417D1F15A7A6,PEDESTRIAN,Other,DART DASH,OTHER,NO PED. SIGNAL,MIXED CLOTHING,Yes,SUSPECTED MINOR INJURY,39.1551877,-77.19924331,"(39.1551877, -77.19924331)"
DD56200006,16058258,Rockville Police Departme,Injury Crash,11/11/2016 07:52:00 PM,Maryland (State),E JEFFERSON ST,Municipality,MONROE ST,,ROCKVILLE,PEDESTRIAN,OTHER,CLEAR,DRY,DARK LIGHTS ON,TRAFFIC SIGNAL,NONE DETECTED,NONE DETECTED,FB9464D0-DDA4-4E56-8A4B-A49E60D700C3,PEDESTRIAN,Cross/Enter at Intersection,NO IMPROPER ACTIONS,AT INTERSECTION MARKED CROSSWALK,OBEYED PED. SIGNAL,DARK CLOTHING,No,SUSPECTED MINOR INJURY,39.08189382,-77.14920402,"(39.08189382, -77.14920402)"
MCP2298006W,15057385,MONTGOMERY,Injury Crash,11/10/2015 05:26:00 PM,County,FATHER HURLEY BLVD,County,HOPKINS RD,,N/A,PEDESTRIAN,OTHER,SEVERE WINDS,WET,DUSK,TRAFFIC SIGNAL,NONE DETECTED,NONE DETECTED,6B82E6C9-C3A2-4E42-833A-07F8D101064C,PEDESTRIAN,Cross/Enter at Intersection,FAILURE TO OBEY TRAFFIC SIGNS SIGNALS OR OFFICER,AT INTERSECTION MARKED CROSSWALK,DISOBEYED PED. SIGNAL,LIGHT CLOTHING,Yes,SUSPECTED MINOR INJURY,39.16919019,-77.28293896,"(39.16919019, -77.28293896)"