Report Number,Local Case Number,Agency Name,ACRS Report Type,Crash Date/Time,Route Type,Road Name,Cross-Street Type,Cross-Street Name,Off-Road Description,Municipality,Related Non-Motorist,Collision Type,Weather,Surface Condition,Light,Traffic Control,Driver Substance Abuse,Non-Motorist Substance Abuse,Person ID,Pedestrian Type,Pedestrian Movement,Pedestrian Actions,Pedestrian Location,Pedestrian Obeyed Traffic Signal,Pedestrian Visibility,At Fault,Injury Severity,Latitude,Longitude,Location
MCP2667002H,16003974,Montgomery County Police,Injury Crash,01/22/2016 11:40:00 AM,,,,,PARKING LOT OF 19294 MONTGOMERY VILLAGE AVE,,PEDESTRIAN,SINGLE VEHICLE,CLOUDY,,DAYLIGHT,N/A,UNKNOWN,NONE DETECTED,0A3573D1-5E2A-4918-A101-B62C3F4A837A,PEDESTRIAN,Other,NO IMPROPER ACTIONS,OTHER,N/A,DARK CLOTHING,No,SUSPECTED MINOR INJURY,39.1703,-77.19467667,"(39.1703, -77.19467667)"
MCP2859003K,170503514,Montgomery County Police,Injury Crash,04/22/2017 06:27:00 AM,County,SAM EIG HWY,County,FIELDS RD,,N/A,PEDESTRIAN,OTHER,RAINING,WET,DARK LIGHTS ON,TRAFFIC SIGNAL,NONE DETECTED,NONE DETECTED,8901FE23-F56B-43A4-902B-4680303727B0,PEDESTRIAN,Cross/Enter at Intersection,FAILURE TO YIELD RIGHT OF WAY,ON ROADWAY AT CROSSWALK,DISOBEYED PED. SIGNAL,DARK CLOTHING,Yes,SUSPECTED MINOR INJURY,39.11646825,-77.20794439,"(39.11646825, -77.20794439)"
MCP2650000H,170505778,Montgomery County Police,Injury Crash,05/03/2017 07:48:00 PM,Maryland (State),WISCONSIN AVE,County,CHELTENHAM DR,,N/A,BICYCLIST,STRAIGHT MOVEMENT ANGLE,N/A,DRY,DUSK,TRAFFIC SIGNAL,NONE DETECTED,NONE DETECTED,7380CF9D-ECF0-483F-9A59-BB447A35D72A,BICYCLIST,Cross/Enter at Intersection,NO IMPROPER ACTIONS,ON ROADWAY AT CROSSWALK,OBEYED PED. SIGNAL,N/A,No,SUSPECTED MINOR INJURY,38.98834667,-77.09484833,"(38.98834667, -77.09484833)"
MCP91300020,16006234,Montgomery County Police,Injury Crash,02/06/2016 01:33:00 PM,County,FLOWER AVE,County,ARLISS ST,,N/A,PEDESTRIAN,SINGLE VEHICLE,CLEAR,DRY,DAYLIGHT,NO CONTROLS,NONE DETECTED,NONE DETECTED,0118D18F-AC1D-4CC9-B51E-BF367320ED58,PEDESTRIAN,Cross/Enter not at Intersection,NO IMPROPER ACTIONS,ON ROADWAY AT CROSSWALK,NO PED. SIGNAL,MIXED CLOTHING,No,SUSPECTED MINOR INJURY,38.999505,-77.00393333,"(38.999505, -77.00393333)"
MCP2798002Y,170507244,Montgomery County Police,Property Damage Crash,05/11/2017 03:39:00 PM,County,CHERRY HILL RD,County,PLUM ORCHARD DR,,N/A,PEDESTRIAN,SINGLE VEHICLE,RAINING,WET,DAYLIGHT,TRAFFIC SIGNAL,NONE DETECTED,NONE DETECTED,48F63274-57BE-4CC8-BA52-B1A2B340CCC5,PEDESTRIAN,Cross/Enter at Intersection,FAILURE TO OBEY TRAFFIC SIGNS SIGNALS OR OFFICER,AT INTERSECTION MARKED CROSSWALK,DISOBEYED PED. SIGNAL,MIXED CLOTHING,Yes,NO APPARENT INJURY,39.05293167,-76.95316333,"(39.05293167, -76.95316333)"
MCP26080012,15043981,MONTGOMERY,Injury Crash,09/01/2015 05:33:00 PM,Maryland (State),GEORGIA AVE,County,AUGUST DR,,N/A,PEDESTRIAN,STRAIGHT MOVEMENT ANGLE,CLEAR,DRY,DAYLIGHT,TRAFFIC SIGNAL,NONE DETECTED,N/A,5B702C97-C2AA-42E9-8F75-F9D4C98D161D,PEDESTRIAN,Cross/Enter at Intersection,NO IMPROPER ACTIONS,ON ROADWAY AT CROSSWALK,OBEYED PED. SIGNAL,LIGHT CLOTHING,No,NO APPARENT INJURY,39.02128167,-77.04459667,"(39.02128167, -77.04459667)"
EJ78540019,170504652,Gaithersburg Police Depar,Property Damage Crash,04/28/2017 05:47:00 AM,Maryland (State),W DIAMOND AVE,Ramp,RAMP 6 FR MD 117 EB TO IS 270 SB,,N/A,BICYCLIST,SINGLE VEHICLE,N/A,DRY,N/A,NO CONTROLS,NONE DETECTED,NONE DETECTED,F90EC444-B74C-4061-9FF1-650AE692748D,BICYCLIST,Cross/Enter at Intersection,NO IMPROPER ACTIONS,ON ROADWAY AT CROSSWALK,N/A,REFLECTIVE MATERIAL,No,NO APPARENT INJURY,39.14066,-77.21434333,"(39.14066, -77.21434333)"
MCP9130002L,16039257,Montgomery County Police,Property Damage Crash,08/03/2016 01:53:00 PM,Maryland (State),UNIVERSITY BLVD E,County,CARROLL AVE,,N/A,OTHER,SINGLE VEHICLE,CLEAR,DRY,DAYLIGHT,PERSON,NONE DETECTED,NONE DETECTED,633CAA4E-3116-480E-8F37-8529F74F9083,OTHER,Standing,NO IMPROPER ACTIONS,OTHER,N/A,REFLECTIVE MATERIAL,No,NO APPARENT INJURY,38.99418,-76.99272,"(38.99418, -76.99272)"
EJ7829001N,15057386,GAITHERSBURG,Injury Crash,11/10/2015 05:40:00 PM,Municipality,PALM SPRING DR,Municipality,PALMTREE DR,,GAITHERSBURG,PEDESTRIAN,SINGLE VEHICLE,RAINING,WET,DARK LIGHTS ON,NO CONTROLS,NONE DETECTED,NONE DETECTED,78111F0E-1331-4D51-ABF1-3A6D0256A7BB,PEDESTRIAN,Cross/Enter at Intersection,FAILURE TO YIELD RIGHT OF WAY,ON ROADWAY AT CROSSWALK,NO PED. SIGNAL,DARK CLOTHING,No,SUSPECTED MINOR INJURY,39.12377667,-77.21204167,"(39.12377667, -77.21204167)"
MCP2966002M,16060779,Montgomery County Police,Injury Crash,11/26/2016 07:11:00 PM,County,ASPEN HILL RD,Maryland (State),CONNECTICUT AVE,,N/A,PEDESTRIAN,OTHER,CLEAR,DRY,DARK LIGHTS ON,NO CONTROLS,NONE DETECTED,NONE DETECTED,653C17ED-D8A4-404E-846C-9FCFDC0FA949,PEDESTRIAN,Cross/Enter at Intersection,NO IMPROPER ACTIONS,ON ROADWAY AT CROSSWALK,NO PED. SIGNAL,MIXED CLOTHING,No,SUSPECTED SERIOUS INJURY,39.08068167,-77.07763167,"(39.08068167, -77.07763167)"
MCP13780041,15003408,Montgomery County Police,Injury Crash,01/21/2015 02:56:00 PM,County,PLUM CREEK DR,County,WHIRLWIND CT,,N/A,PEDESTRIAN,SINGLE VEHICLE,CLOUDY,SNOW,DAYLIGHT,N/A,NONE DETECTED,NONE DETECTED,06E7FF4D-1018-4C92-AF64-25B1B56BA345,PEDESTRIAN,Walking/Riding w/Traffic,NO IMPROPER ACTIONS,ON ROADWAY NOT AT CROSSWALK,N/A,DARK CLOTHING,,POSSIBLE INJURY,39.19406667,-77.16626167,"(39.19406667, -77.16626167)"
EJ78520018,15064548,GAITHERSBURG,Injury Crash,12/17/2015 06:36:00 PM,Municipality,BOOTH ST,Municipality,KENTLANDS BLVD,,GAITHERSBURG,PEDESTRIAN,HEAD ON LEFT TURN,FOGGY,WET,DARK LIGHTS ON,STOP SIGN,NONE DETECTED,NONE DETECTED,1F5EACAB-907B-4C5D-8204-5C438E54178E,PEDESTRIAN,Cross/Enter at Intersection,UNKNOWN,UNKNOWN,UNKNOWN,DARK CLOTHING,Unknown,POSSIBLE INJURY,39.12469833,-77.24017833,"(39.12469833, -77.24017833)"
MCP28510023,16057442,Montgomery County Police,Injury Crash,11/07/2016 03:47:00 PM,Maryland (State),GREAT SENECA HWY,County,MIDDLEBROOK RD,,N/A,PEDESTRIAN,SINGLE VEHICLE,CLEAR,DRY,DAYLIGHT,TRAFFIC SIGNAL,NONE DETECTED,NONE DETECTED,4F693368-D7C0-4535-AA41-CAAF0129485B,PEDESTRIAN,Cross/Enter at Intersection,FAILURE TO OBEY TRAFFIC SIGNS SIGNALS OR OFFICER,ON ROADWAY AT CROSSWALK,DISOBEYED PED. SIGNAL,MIXED CLOTHING,Yes,SUSPECTED MINOR INJURY,39.17465833,-77.26129667,"(39.17465833, -77.26129667)"
MCP1433000Z,170501466,Montgomery County Police,Injury Crash,04/10/2017 03:15:00 PM,Municipality,RIO BLVD,County,FIELDS RD,,N/A,PEDESTRIAN,OTHER,CLEAR,DRY,DAYLIGHT,NO CONTROLS,UNKNOWN,N/A,83450DE6-C217-474B-B2B4-777351D0629E,PEDESTRIAN,Standing,OTHER,OTHER,N/A,MIXED CLOTHING,Yes,POSSIBLE INJURY,39.115397,-77.204342,"(39.115397, -77.204342)"
MCP3008000F,16014307,MONTGOMERY,Injury Crash,03/23/2016 05:13:00 PM,US (State),GEORGIA AVE,County,BLAIR RD,,N/A,BICYCLIST,SAME DIR REAR END,CLEAR,DRY,DAYLIGHT,NO CONTROLS,NONE DETECTED,NONE DETECTED,07980B56-FC4B-4E52-89CE-D0E291747461,BICYCLIST,Walking/Riding w/Traffic,NO IMPROPER ACTIONS,SHOULDER,OBEYED PED. SIGNAL,LIGHT CLOTHING,No,SUSPECTED MINOR INJURY,38.98898833,-77.02691667,"(38.98898833, -77.02691667)"
MCP14650028,16044643,Montgomery County Police,Injury Crash,09/01/2016 12:24:00 PM,Municipality,E GUDE DR,Municipality,TAFT ST,,ROCKVILLE,PEDESTRIAN,SINGLE VEHICLE,RAINING,WET,DAYLIGHT,TRAFFIC SIGNAL,NONE DETECTED,NONE DETECTED,9324A6D0-C538-44C4-B860-B038257C06EF,PEDESTRIAN,Cross/Enter at Intersection,NO IMPROPER ACTIONS,ON ROADWAY AT CROSSWALK,OBEYED PED. SIGNAL,UNKNOWN,No,SUSPECTED MINOR INJURY,39.09409333,-77.13243167,"(39.09409333, -77.13243167)"
MCP29650023,170514547,Montgomery County Police,Injury Crash,06/19/2017 02:24:00 PM,County,MORNINGWOOD DR,County,MORNINGWOOD CT,,N/A,OTHER,SAME DIRECTION SIDESWIPE,CLEAR,DRY,DAYLIGHT,NO CONTROLS,NONE DETECTED,NONE DETECTED,A4A4D679-60F4-4CBF-8AFF-426C6C31CF4B,OTHER,Other,NO IMPROPER ACTIONS,CURB,N/A,LIGHT CLOTHING,No,POSSIBLE INJURY,39.15071167,-77.08828333,"(39.15071167, -77.08828333)"
MCP94060012,17000446,Montgomery County Police,Injury Crash,01/03/2017 06:29:00 PM,County,HEWITT AVE,County,RIPPLING BROOK DR,,N/A,PEDESTRIAN,SINGLE VEHICLE,CLOUDY,DRY,DARK LIGHTS ON,N/A,NONE DETECTED,NONE DETECTED,00D5276E-DFEC-4411-974B-6427643DA834,PEDESTRIAN,Standing,NO IMPROPER ACTIONS,UNKNOWN,N/A,DARK CLOTHING,No,SUSPECTED MINOR INJURY,39.08112667,-77.056505,"(39.08112667, -77.056505)"
MCP229800B9,16057493,Montgomery County Police,Injury Crash,11/07/2016 08:01:00 PM,Maryland (State),CLOPPER RD,County,LIBERTY MILL RD,,N/A,BICYCLIST,OTHER,CLEAR,N/A,DARK LIGHTS ON,NO CONTROLS,NONE DETECTED,ILLEGAL DRUG PRESENT,73047F75-5907-4BF0-9951-374611F33CF0,BICYCLIST,Cross/Enter at Intersection,NO IMPROPER ACTIONS,AT INTERSECTION BUT NO CROSSWALK,N/A,MIXED CLOTHING,No,POSSIBLE INJURY,39.16217474,-77.28160657,"(39.16217474, -77.28160657)"
MCP2973002F,16062778,Montgomery County Police,Injury Crash,12/07/2016 10:45:00 AM,County,BEL PRE RD,Maryland (State),GEORGIA AVE,,N/A,PEDESTRIAN,OTHER,CLEAR,DRY,DAYLIGHT,TRAFFIC SIGNAL,NONE DETECTED,NONE DETECTED,BEBF1D00-3240-4337-9640-A8BDD7EF721F,PEDESTRIAN,Cross/Enter not at Intersection,IN ROADWAY IMPROPERLY,ON ROADWAY NOT AT CROSSWALK,N/A,DARK CLOTHING,Yes,SUSPECTED MINOR INJURY,39.09286435,-77.08057433,"(39.09286435, -77.08057433)"
MCP20010009,15043165,MONTGOMERY,Fatal Crash,08/28/2015 06:15:00 AM,Maryland (State),MASSACHUSETTS AVE,County,OSCEOLA RD,,N/A,BICYCLIST,SAME DIR REAR END,CLEAR,DRY,DAWN,N/A,NONE DETECTED,NONE DETECTED,D966313B-B6D2-4340-9624-13D9336F0002,BICYCLIST,Walking/Riding w/Traffic,UNKNOWN,SHOULDER,N/A,LIGHT CLOTHING,No,FATAL INJURY,38.96492,-77.12308833,"(38.96492, -77.12308833)"
MCP28630010,15046309,MONTGOMERY,Injury Crash,09/13/2015 11:50:00 AM,County,ARROWHEAD RD,County,MONTGOMERY VILLAGE AVE,,N/A,PEDESTRIAN,HEAD ON LEFT TURN,CLEAR,DRY,DAYLIGHT,NO CONTROLS,NONE DETECTED,NONE DETECTED,06597BA2-13B4-438E-A4BB-F4C8E3E7F3CB,PEDESTRIAN,Other Working,N/A,OTHER,NO PED. SIGNAL,REFLECTIVE MATERIAL,No,POSSIBLE INJURY,39.186455,-77.19535167,"(39.186455, -77.19535167)"
MCP2274000R,16026160,Montgomery County Police,Injury Crash,05/26/2016 08:35:00 AM,Municipality,BANK ST,Maryland (State),QUINCE ORCHARD RD,,N/A,BICYCLIST,HEAD ON LEFT TURN,CLEAR,DRY,DAYLIGHT,NO CONTROLS,NONE DETECTED,NONE DETECTED,AC598001-1D24-4EAF-8F5A-D6216B0D8047,BICYCLIST,Cross/Enter at Intersection,FAILURE TO YIELD RIGHT OF WAY,UNKNOWN,N/A,REFLECTIVE MATERIAL,Yes,SUSPECTED SERIOUS INJURY,39.14035833,-77.22306833,"(39.14035833, -77.22306833)"
MCP1475000X,16060320,Montgomery County Police,Injury Crash,11/23/2016 06:07:00 PM,County,LOST KNIFE RD,County,CONTOUR RD,,N/A,PEDESTRIAN,SINGLE VEHICLE,CLEAR,DRY,DARK LIGHTS ON,NO CONTROLS,UNKNOWN,NONE DETECTED,1ADEF327-75F3-44E5-9B36-559ADD6237FA,PEDESTRIAN,Cross/Enter at Intersection,NOT VISIBLE,ON ROADWAY AT CROSSWALK,NO PED. SIGNAL,DARK CLOTHING,No,SUSPECTED MINOR INJURY,39.15629835,-77.20232785,"(39.15629835, -77.20232785)"
MCP2936001H,17005282,Montgomery County Police,Injury Crash,01/30/2017 07:04:00 PM,Maryland (State),WISCONSIN AVE,Other Public Roadway,SOMERSET TERRACE,,N/A,PEDESTRIAN,OTHER,CLEAR,DRY,DARK LIGHTS ON,NO CONTROLS,NONE DETECTED,NONE DETECTED,E9EE8979-153E-42FA-A612-BA63CB487B32,PEDESTRIAN,Cross/Enter not at Intersection,FAILURE TO YIELD RIGHT OF WAY,ON ROADWAY NOT AT CROSSWALK,N/A,DARK CLOTHING,Yes,SUSPECTED SERIOUS INJURY,38.964665,-77.08758833,"(38.964665, -77.08758833)"
MCP3060000C,170526624,Montgomery County Police,Injury Crash,08/24/2017 02:51:00 PM,County,CLUB DR,Maryland (State),CONNECTICUT AVE,,N/A,PEDESTRIAN,OTHER,CLEAR,DRY,DAYLIGHT,NO CONTROLS,N/A,N/A,202F601C-8DC3-4F2D-856D-F5A3DCE0B88D,PEDESTRIAN,Cross/Enter at Intersection,NO IMPROPER ACTIONS,ON ROADWAY AT CROSSWALK,N/A,DARK CLOTHING,No,SUSPECTED MINOR INJURY,38.988995,-77.077025,"(38.988995, -77.077025)"
MCP2788000Z,16049262,Montgomery County Police,Injury Crash,09/25/2016 02:51:00 AM,Maryland (State),GEORGIA AVE,County,PRICE AVE,,N/A,PEDESTRIAN,SINGLE VEHICLE,CLEAR,DRY,DARK LIGHTS ON,WARNING SIGN,NONE DETECTED,ALCOHOL PRESENT,78AE1651-C2A8-484A-8BED-2A2C761F83CE,PEDESTRIAN,Cross/Enter at Intersection,INATTENTIVE,ON ROADWAY AT CROSSWALK,NO PED. SIGNAL,DARK CLOTHING,No,POSSIBLE INJURY,39.03997,-77.05110667,"(39.03997, -77.05110667)"
MCP2231001Y,16019835,Montgomery County Police,Injury Crash,04/22/2016 02:57:00 PM,County,AUGUSTA LA,County,MARLYN DR,,N/A,PEDESTRIAN,SINGLE VEHICLE,CLOUDY,DRY,DAYLIGHT,NO CONTROLS,NONE DETECTED,NONE DETECTED,52FF3653-ED82-464E-AC66-6685DD1AECB1,PEDESTRIAN,Standing,NO IMPROPER ACTIONS,SHOULDER,NO PED. SIGNAL,LIGHT CLOTHING,No,POSSIBLE INJURY,38.96081869,-77.11842299,"(38.96081869, -77.11842299)"
MCP2504001J,16035727,Montgomery County Police,Injury Crash,07/14/2016 07:25:00 PM,,,,,PARKING LOT OF 9745 TRAVILLE GATEWAY DRIVE,,PEDESTRIAN,STRAIGHT MOVEMENT ANGLE,CLEAR,,DAYLIGHT,N/A,NONE DETECTED,NONE DETECTED,3FF60469-D052-4FE7-B62D-DE7C1C84103F,PEDESTRIAN,Other,NO IMPROPER ACTIONS,OTHER,NO PED. SIGNAL,MIXED CLOTHING,No,POSSIBLE INJURY,39.091765,-77.20330833,"(39.091765, -77.20330833)"
MCP3010001V,17007867,Montgomery County Police,Injury Crash,02/13/2017 03:03:00 PM,,,,,11790 PARKLAWN DR PARKING LOT,,PEDESTRIAN,OTHER,CLEAR,,DAYLIGHT,NO CONTROLS,N/A,N/A,2A706F29-852B-4FC8-AE3B-7EC141DAE009,PEDESTRIAN,Standing,NO IMPROPER ACTIONS,OTHER,NO PED. SIGNAL,N/A,Unknown,SUSPECTED MINOR INJURY,39.048465,-77.102195,"(39.048465, -77.102195)"
MCP2388000L,15061167,MONTGOMERY,Injury Crash,11/30/2015 05:10:00 PM,County,YELLOWSTONE WAY,County,REDLAND RD,,N/A,PEDESTRIAN,OTHER,RAINING,WET,DARK LIGHTS ON,STOP SIGN,NONE DETECTED,NONE DETECTED,567A7518-339B-480E-B0B6-BBBC3E085D7F,PEDESTRIAN,Cross/Enter at Intersection,NO IMPROPER ACTIONS,AT INTERSECTION BUT NO CROSSWALK,NO PED. SIGNAL,N/A,No,POSSIBLE INJURY,39.11927667,-77.16090667,"(39.11927667, -77.16090667)"
MCP229800B9,16057493,Montgomery County Police,Injury Crash,11/07/2016 08:01:00 PM,Maryland (State),CLOPPER RD,County,LIBERTY MILL RD,,N/A,BICYCLIST,OTHER,CLEAR,N/A,DARK LIGHTS ON,NO CONTROLS,NONE DETECTED,ILLEGAL DRUG PRESENT,BF837599-E1B6-48FB-8A75-8626103AFF81,BICYCLIST,Cross/Enter at Intersection,NOT VISIBLE,AT INTERSECTION BUT NO CROSSWALK,NO PED. SIGNAL,MIXED CLOTHING,No,SUSPECTED MINOR INJURY,39.16217474,-77.28160657,"(39.16217474, -77.28160657)"
MCP2637000X,16016717,Montgomery County Police,Injury Crash,04/06/2016 05:59:00 AM,Maryland (State),FALLS RD,Municipality,WOOTTON PKWY,,ROCKVILLE,PEDESTRIAN,OTHER,CLEAR,DRY,DARK NO LIGHTS,TRAFFIC SIGNAL,NONE DETECTED,NONE DETECTED,64F14083-39C8-4506-9AB7-0C68AE597AA3,PEDESTRIAN,Cross/Enter at Intersection,FAILURE TO OBEY TRAFFIC SIGNS SIGNALS OR OFFICER,ON ROADWAY NOT AT CROSSWALK,DISOBEYED PED. SIGNAL,DARK CLOTHING,Yes,POSSIBLE INJURY,39.06994599,-77.16995358,"(39.06994599, -77.16995358)"
MCP2868001J,15047916,MONTGOMERY,Injury Crash,09/21/2015 08:51:00 PM,Maryland (State),OLD GEORGETOWN RD,County,BEECH AVE,,N/A,PEDESTRIAN,OTHER,RAINING,WET,DARK LIGHTS ON,NO CONTROLS,NONE DETECTED,NONE DETECTED,7378C447-6FB1-4E2B-B4C6-5A2A643CECD2,PEDESTRIAN,Cross/Enter not at Intersection,IN ROADWAY IMPROPERLY,OUTSIDE RIGHT OF WAY,NO PED. SIGNAL,LIGHT CLOTHING,Yes,POSSIBLE INJURY,39.009605,-77.11462167,"(39.009605, -77.11462167)"
MCP2777002R,16029053,Montgomery County Police,Injury Crash,06/01/2016 04:00:00 PM,Municipality,ROKEBY AVE,Municipality,ARGYLE AVE,,GARRETT PARK,BICYCLIST,SAME DIRECTION SIDESWIPE,N/A,UNKNOWN,DAYLIGHT,NO CONTROLS,UNKNOWN,UNKNOWN,2677C0C8-F5D6-4ABC-99B1-1AAF0FAEB404,BICYCLIST,Cross/Enter at Intersection,NO IMPROPER ACTIONS,AT INTERSECTION BUT NO CROSSWALK,N/A,UNKNOWN,No,SUSPECTED MINOR INJURY,39.03929,-77.095469,"(39.03929, -77.095469)"
MCP27400016,15055621,MONTGOMERY,Injury Crash,11/01/2015 05:52:00 PM,Maryland (State),UNIVERSITY BLVD E,County,FORSTON DR,,N/A,BICYCLIST,N/A,CLEAR,DRY,DARK NO LIGHTS,N/A,NONE DETECTED,NONE DETECTED,1E6773F8-B53E-4B4A-B108-1BBAA49C2C0C,BICYCLIST,Cross/Enter at Intersection,NO IMPROPER ACTIONS,ON ROADWAY AT CROSSWALK,UNKNOWN,UNKNOWN,No,SUSPECTED MINOR INJURY,38.99483118,-76.99300289,"(38.99483118, -76.99300289)"
MCP2658001M,17007893,Montgomery County Police,Injury Crash,02/13/2017 04:45:00 PM,County,APRIL LA,Unknown,CUL DE SAC,,N/A,PEDESTRIAN,STRAIGHT MOVEMENT ANGLE,N/A,N/A,DAYLIGHT,N/A,,N/A,8305E55A-8674-42BD-B609-679E27D320F9,PEDESTRIAN,Playing,IN ROADWAY IMPROPERLY,AT INTERSECTION BUT NO CROSSWALK,N/A,N/A,Unknown,SUSPECTED SERIOUS INJURY,39.04603593,-76.97854042,"(39.04603593, -76.97854042)"
MCP2046004Y,16009023,Montgomery County Police,Injury Crash,02/23/2016 09:24:00 AM,County,SLIGO AVE,County,FENTON ST,,N/A,PEDESTRIAN,ANGLE MEETS LEFT TURN,RAINING,WET,DAYLIGHT,TRAFFIC SIGNAL,NONE DETECTED,NONE DETECTED,A6921DDD-D69B-4D67-B614-913F0F222184,PEDESTRIAN,Cross/Enter at Intersection,NO IMPROPER ACTIONS,ON ROADWAY AT CROSSWALK,N/A,LIGHT CLOTHING,No,SUSPECTED MINOR INJURY,38.99017815,-77.02395558,"(38.99017815, -77.02395558)"
MCP2727001D,170504059,Montgomery County Police,Injury Crash,04/25/2017 08:44:00 AM,Maryland (State),FREDERICK RD,County,LITTLE SENECA PKWY,,N/A,PEDESTRIAN,OTHER,N/A,DRY,DAYLIGHT,TRAFFIC SIGNAL,NONE DETECTED,NONE DETECTED,3780A9FD-FFF2-4108-8C4A-FEC2B24A59DE,PEDESTRIAN,Cross/Enter at Intersection,FAILURE TO OBEY TRAFFIC SIGNS SIGNALS OR OFFICER,AT INTERSECTION MARKED CROSSWALK,DISOBEYED PED. SIGNAL,MIXED CLOTHING,Yes,SUSPECTED MINOR INJURY,39.22321833,-77.26053333,"(39.22321833, -77.26053333)"
MCP2944000R,15038282,MONTGOMERY,Injury Crash,08/02/2015 11:06:00 AM,County,MACARTHUR BLVD,County,MARYLAND AVE,,N/A,BICYCLIST,STRAIGHT MOVEMENT ANGLE,CLEAR,DRY,DAYLIGHT,STOP SIGN,NONE DETECTED,NONE DETECTED,FF989DF8-ED17-452D-9B69-D5D8E84351F9,BICYCLIST,Cross/Enter at Intersection,FAILURE TO OBEY TRAFFIC SIGNS SIGNALS OR OFFICER,SIDEWALK,DISOBEYED PED. SIGNAL,DARK CLOTHING,Yes,SUSPECTED MINOR INJURY,38.94555864,-77.12035418,"(38.94555864, -77.12035418)"
MCP2755000S,16052965,Montgomery County Police,Injury Crash,10/15/2016 12:04:00 AM,County,ARCOLA AVE,Maryland (State),UNIVERSITY BLVD W,,N/A,PEDESTRIAN,OTHER,CLEAR,DRY,DARK -- UNKNOWN LIGHTING,TRAFFIC SIGNAL,UNKNOWN,N/A,B64507D9-8CAF-482D-B1A2-DDF90FB553E2,PEDESTRIAN,Cross/Enter at Intersection,FAILURE TO OBEY TRAFFIC SIGNS SIGNALS OR OFFICER,ON ROADWAY AT CROSSWALK,DISOBEYED PED. SIGNAL,N/A,Yes,SUSPECTED MINOR INJURY,39.03546126,-77.02589214,"(39.03546126, -77.02589214)"
MCP3022000R,17510254,Montgomery County Police,Property Damage Crash,05/27/2017 04:45:00 PM,,,,,PARKING LOT OF 19900 BLOCK OF CENTURY BLVD,,PEDESTRIAN,OTHER,CLEAR,,DAYLIGHT,STOP SIGN,N/A,N/A,DE111010-87A4-402B-AD00-5AF6F7A5E5BF,PEDESTRIAN,Unknown,UNKNOWN,AT INTERSECTION BUT NO CROSSWALK,N/A,N/A,Unknown,NO APPARENT INJURY,39.18317167,-77.26259167,"(39.18317167, -77.26259167)"
MCP9438000V,16005086,Montgomery County Police,Injury Crash,01/31/2016 01:30:00 PM,County,GUNNERS BRANCH RD,Maryland (State),FREDERICK RD,,N/A,PEDESTRIAN,SINGLE VEHICLE,N/A,WET,DAYLIGHT,TRAFFIC SIGNAL,UNKNOWN,N/A,44A8F816-C4F5-4EB3-938D-5D565AB0545E,PEDESTRIAN,Cross/Enter at Intersection,NO IMPROPER ACTIONS,ON ROADWAY AT CROSSWALK,OBEYED PED. SIGNAL,LIGHT CLOTHING,No,POSSIBLE INJURY,39.17862,-77.23955167,"(39.17862, -77.23955167)"
MCP13660047,16005363,Montgomery County Police,Injury Crash,02/02/2016 06:00:00 AM,County,E GUDE DR,Unknown,CALHOUN DR,,N/A,PEDESTRIAN,SINGLE VEHICLE,OTHER,WET,DARK LIGHTS ON,FLASHING TRAFFIC SIGNAL,UNKNOWN,UNKNOWN,D030AB20-3EE9-4B99-A72E-A447B33A65CF,PEDESTRIAN,Unknown,UNKNOWN,UNKNOWN,N/A,DARK CLOTHING,Unknown,SUSPECTED SERIOUS INJURY,39.10575012,-77.14524508,"(39.10575012, -77.14524508)"
MCP3031000S,170503973,Montgomery County Police,Injury Crash,04/24/2017 06:17:00 PM,County,RANDOLPH RD,Other Public Roadway,GLENMONT CIR #1,,N/A,PEDESTRIAN,SINGLE VEHICLE,CLOUDY,WET,DAYLIGHT,TRAFFIC SIGNAL,NONE DETECTED,NONE DETECTED,219E28DD-7D9E-4AD2-AE7C-CEC7778E5864,PEDESTRIAN,Cross/Enter at Intersection,DART DASH,AT INTERSECTION BUT NO CROSSWALK,DISOBEYED PED. SIGNAL,UNKNOWN,Yes,POSSIBLE INJURY,39.05928333,-77.04705833,"(39.05928333, -77.04705833)"
MCP1174001J,16036199,Montgomery County Police,Injury Crash,07/17/2016 01:25:00 PM,,,,,PARKING GARAGE DRIVEWAY/ SIDEWALK,,BICYCLIST,SINGLE VEHICLE,N/A,,DAYLIGHT,STOP SIGN,NONE DETECTED,NONE DETECTED,BFC35E7E-C6BC-48E7-9D23-CD4658C4011C,BICYCLIST,Walking/Cycling on Sidewalk,NO IMPROPER ACTIONS,SIDEWALK,N/A,LIGHT CLOTHING,No,POSSIBLE INJURY,38.98091289,-77.09471226,"(38.98091289, -77.09471226)"
MCP28180020,16032995,Montgomery County Police,Injury Crash,06/29/2016 08:46:00 PM,US (State),COLESVILLE RD,County,FENTON ST,,N/A,PEDESTRIAN,OTHER,CLEAR,DRY,DARK NO LIGHTS,TRAFFIC SIGNAL,NONE DETECTED,NONE DETECTED,2196A792-F43D-4210-97E2-46AFE870D4A1,PEDESTRIAN,Cross/Enter at Intersection,NO IMPROPER ACTIONS,AT INTERSECTION MARKED CROSSWALK,OBEYED PED. SIGNAL,MIXED CLOTHING,No,POSSIBLE INJURY,38.997555,-77.02683333,"(38.997555, -77.02683333)"