Report Number,Local Case Number,Agency Name,ACRS Report Type,Crash Date/Time,Route Type,Road Name,Cross-Street Type,Cross-Street Name,Off-Road Description,Municipality,Related Non-Motorist,Collision Type,Weather,Surface Condition,Light,Traffic Control,Driver Substance Abuse,Non-Motorist Substance Abuse,Person ID,Pedestrian Type,Pedestrian Movement,Pedestrian Actions,Pedestrian Location,Pedestrian Obeyed Traffic Signal,Pedestrian Visibility,At Fault,Injury Severity,Latitude,Longitude,Location
DD5595001T,15051821,ROCKVILLE,Injury Crash,10/12/2015 08:55:00 PM,Maryland (State),FREDERICK RD,Municipality,KING FARM BLVD,,ROCKVILLE,PEDESTRIAN,OTHER,CLEAR,DRY,DARK LIGHTS ON,TRAFFIC SIGNAL,NONE DETECTED,UNKNOWN,68D9FCF7-05F4-4139-BE3C-68901E63958E,PEDESTRIAN,Cross/Enter not at Intersection,DART DASH,ON ROADWAY NOT AT CROSSWALK,DISOBEYED PED. SIGNAL,MIXED CLOTHING,Yes,POSSIBLE INJURY,39.11727569,-77.16902018,"(39.11727569, -77.16902018)"
MCP13340047,16049320,Montgomery County Police,Injury Crash,09/25/2016 12:15:00 PM,County,COMUS RD,County,BARLEY FIELD LA,,N/A,BICYCLIST,SINGLE VEHICLE,CLEAR,DRY,DAYLIGHT,N/A,NONE DETECTED,NONE DETECTED,8BF408F5-B4E2-46FB-A60B-B2144442D8C6,BICYCLIST,Walking/Riding w/Traffic,NO IMPROPER ACTIONS,ON ROADWAY NOT AT CROSSWALK,N/A,REFLECTIVE MATERIAL,No,POSSIBLE INJURY,39.25044232,-77.37083763,"(39.25044232, -77.37083763)"
MCP23300011,170513717,Montgomery County Police,Injury Crash,06/14/2017 07:22:00 PM,Maryland (State),GEORGIA AVE,County,ARCOLA AVE,,N/A,BICYCLIST,OTHER,CLEAR,DRY,DAYLIGHT,TRAFFIC SIGNAL,NONE DETECTED,NONE DETECTED,6103949E-024E-4911-8552-3849DFE81757,BICYCLIST,Cross/Enter at Intersection,N/A,AT INTERSECTION MARKED CROSSWALK,OBEYED PED. SIGNAL,LIGHT CLOTHING,No,POSSIBLE INJURY,39.0470806,-77.05194443,"(39.0470806, -77.05194443)"
MCP1020001N,16040706,Montgomery County Police,Injury Crash,08/11/2016 12:28:00 PM,,,,,PARKING LOT OF 20938 FREDERICK RD,,PEDESTRIAN,OTHER,CLEAR,,DAYLIGHT,NO CONTROLS,NONE DETECTED,NONE DETECTED,43E937B6-DEC5-43E1-82BB-D32F0B9DD022,PEDESTRIAN,Other,NO IMPROPER ACTIONS,OTHER,N/A,MIXED CLOTHING,No,SUSPECTED MINOR INJURY,39.20270667,-77.24945167,"(39.20270667, -77.24945167)"
MCP04050004,15058162,Montgomery County Police,Injury Crash,11/14/2015 02:45:00 PM,,11902 RUSTIC FARM COURT,,RUSTIC FARM COURT,,N/A,PEDESTRIAN,SINGLE VEHICLE,CLEAR,DRY,DAYLIGHT,NO CONTROLS,NONE DETECTED,N/A,CF636CCD-EBEC-4A4F-B84B-CA039B94FC40,PEDESTRIAN,Playing,NOT VISIBLE,ON ROADWAY NOT AT CROSSWALK,N/A,OTHER,Unknown,SUSPECTED SERIOUS INJURY,39.171015,-77.24577167,"(39.171015, -77.24577167)"
MCP28180029,16055385,Montgomery County Police,Injury Crash,10/27/2016 08:03:00 PM,Maryland (State),GEORGIA AVE,County,SPRING ST,,N/A,PEDESTRIAN,SINGLE VEHICLE,RAINING,WET,DARK LIGHTS ON,TRAFFIC SIGNAL,NONE DETECTED,N/A,E896D79B-9F51-4917-919D-475EE8923EA0,PEDESTRIAN,N/A,NO IMPROPER ACTIONS,SIDEWALK,N/A,N/A,No,POSSIBLE INJURY,39.17508,-77.197045,"(39.17508, -77.197045)"
MCP14170076,170505369,Montgomery County Police,Injury Crash,05/02/2017 07:36:00 AM,County,STEDWICK RD,County,MONTGOMERY VILLAGE AVE,,N/A,BICYCLIST,SINGLE VEHICLE,N/A,DRY,DAYLIGHT,TRAFFIC SIGNAL,NONE DETECTED,NONE DETECTED,38AB2F4E-D93D-4B3E-A6D3-D1B8F7123954,BICYCLIST,Cross/Enter at Intersection,OTHER,ON ROADWAY AT CROSSWALK,OBEYED PED. SIGNAL,MIXED CLOTHING,No,SUSPECTED MINOR INJURY,39.1697111,-77.20451251,"(39.1697111, -77.20451251)"
MCP2831000Y,15053895,MONTGOMERY,Injury Crash,10/23/2015 07:13:00 PM,County,CENTURY BLVD,County,CRYSTAL ROCK DR,,N/A,PEDESTRIAN,SINGLE VEHICLE,CLEAR,DRY,DARK LIGHTS ON,TRAFFIC SIGNAL,N/A,N/A,7EFC9613-C2BD-4E9C-958F-30C0ADE68F71,PEDESTRIAN,Cross/Enter at Intersection,NO IMPROPER ACTIONS,ON ROADWAY AT CROSSWALK,OBEYED PED. SIGNAL,DARK CLOTHING,No,SUSPECTED MINOR INJURY,39.182685,-77.263615,"(39.182685, -77.263615)"
MCP2975001J,17013978,Montgomery County Police,Injury Crash,03/18/2017 07:55:00 PM,County,RALPH RD,Maryland (State),GEORGIA AVE,,N/A,PEDESTRIAN,SINGLE VEHICLE,RAINING,WET,DARK LIGHTS ON,STOP SIGN,NONE DETECTED,NONE DETECTED,FE184124-1D21-4112-B948-F7D52ECC9C9E,PEDESTRIAN,Cross/Enter at Intersection,FAILURE TO YIELD RIGHT OF WAY,ON ROADWAY NOT AT CROSSWALK,NO PED. SIGNAL,MIXED CLOTHING,Yes,SUSPECTED MINOR INJURY,39.078225,-77.07207167,"(39.078225, -77.07207167)"
MCP24250058,15034899,MONTGOMERY,Injury Crash,07/16/2015 06:37:00 AM,County,FENWICK LA,Maryland (State),GEORGIA AVE,,N/A,PEDESTRIAN,OTHER,CLEAR,DRY,DAYLIGHT,STOP SIGN,NONE DETECTED,NONE DETECTED,27E4E26A-1CAF-452F-99DF-AF7425F0398B,PEDESTRIAN,Cross/Enter at Intersection,DART DASH,ON ROADWAY AT CROSSWALK,NO PED. SIGNAL,DARK CLOTHING,No,SUSPECTED MINOR INJURY,38.99809833,-77.03058333,"(38.99809833, -77.03058333)"
DD5508003C,17010759,Rockville Police Departme,Property Damage Crash,02/28/2017 06:09:00 PM,Municipality,S STONESTREET AVE,Municipality,READING TERR,,ROCKVILLE,PEDESTRIAN,OTHER,RAINING,WET,DARK LIGHTS ON,NO CONTROLS,NONE DETECTED,NONE DETECTED,21642818-EC97-40B2-978D-A3005646DBD8,PEDESTRIAN,Cross/Enter at Intersection,IN ROADWAY IMPROPERLY,ON ROADWAY NOT AT CROSSWALK,NO PED. SIGNAL,MIXED CLOTHING,Yes,NO APPARENT INJURY,39.08540333,-77.14475333,"(39.08540333, -77.14475333)"
MCP2773001T,16026276,Montgomery County Police,Injury Crash,05/26/2016 07:08:00 PM,,,,,SIDE WALK IN FRONT OF PARKING LOT OF 420 UNIVERSITY BLVD E,,PEDESTRIAN,OTHER,CLEAR,,DAYLIGHT,NO CONTROLS,NONE DETECTED,NONE DETECTED,ED64C75A-46C4-474D-A408-A784AA5D1B25,PEDESTRIAN,Walking/Cycling on Sidewalk,NO IMPROPER ACTIONS,SIDEWALK,NO PED. SIGNAL,N/A,No,POSSIBLE INJURY,39.008748,-76.99865,"(39.008748, -76.99865)"
MCP27670031,170520436,Montgomery County Police,Injury Crash,07/18/2017 07:29:00 PM,,,,,"IN PARKING LOT IN FRONT OF 13817 OUTLET DRIVE, SILVER SPRING MD.",,PEDESTRIAN,SINGLE VEHICLE,UNKNOWN,,DAYLIGHT,NO CONTROLS,UNKNOWN,NONE DETECTED,D2FE19BF-5890-4FAD-8FDD-35DBF60CD531,PEDESTRIAN,Other,NO IMPROPER ACTIONS,OTHER,NO PED. SIGNAL,UNKNOWN,No,SUSPECTED MINOR INJURY,39.08252156,-76.9451268,"(39.08252156, -76.9451268)"
MCP2286001G,17003137,Montgomery County Police,Property Damage Crash,01/18/2017 03:15:00 PM,County,GAINSBOROUGH RD,County,TUCKERMAN LA,,N/A,PEDESTRIAN,SINGLE VEHICLE,CLEAR,DRY,DAYLIGHT,TRAFFIC SIGNAL,NONE DETECTED,NONE DETECTED,CA302C58-AA1C-490A-ACA6-4530ED141AC3,PEDESTRIAN,Walking to/from school,UNKNOWN,ON ROADWAY AT CROSSWALK,UNKNOWN,MIXED CLOTHING,Yes,NO APPARENT INJURY,39.04096545,-77.172786,"(39.04096545, -77.172786)"
MCP2386001D,170505158,Montgomery County Police,Injury Crash,04/30/2017 03:30:00 PM,Maryland (State),UNIVERSITY BLVD E,Municipality,MERRIMAC DR,,TAKOMA PARK,BICYCLIST,STRAIGHT MOVEMENT ANGLE,CLEAR,DRY,DAYLIGHT,STOP SIGN,UNKNOWN,OTHER,2DD37BAF-282B-4EBA-A612-59116939DDE7,BICYCLIST,Cross/Enter at Intersection,NO IMPROPER ACTIONS,ON ROADWAY AT CROSSWALK,NO PED. SIGNAL,DARK CLOTHING,No,SUSPECTED MINOR INJURY,38.99255474,-76.99164033,"(38.99255474, -76.99164033)"
MCP2970001M,16018649,Montgomery County Police,Property Damage Crash,04/16/2016 11:23:00 AM,County,ARCOLA AVE,County,KEMP MILL RD,,N/A,BICYCLIST,SAME DIR REND LEFT TURN,CLEAR,DRY,DAYLIGHT,TRAFFIC SIGNAL,N/A,N/A,2B08AF23-2EFD-4927-8386-F47444F04330,BICYCLIST,Walking/Riding w/Traffic,FAILURE TO YIELD RIGHT OF WAY,IN BIKEWAY,N/A,MIXED CLOTHING,Yes,NO APPARENT INJURY,39.04602,-77.03212667,"(39.04602, -77.03212667)"
MCP02510014,17000280,Montgomery County Police,Injury Crash,01/02/2017 06:53:00 PM,,,,,PARKING LOT OF 12001 BIRDSEYE TERR,,PEDESTRIAN,OTHER,RAINING,,DARK LIGHTS ON,NO CONTROLS,UNKNOWN,NONE DETECTED,FB6BE170-CDAF-4C61-B099-BDD8A80CD2C2,PEDESTRIAN,Walking/Riding w/Traffic,NO IMPROPER ACTIONS,ON ROADWAY NOT AT CROSSWALK,NO PED. SIGNAL,DARK CLOTHING,No,SUSPECTED MINOR INJURY,39.16370333,-77.24934333,"(39.16370333, -77.24934333)"
MCP2965000T,16005619,Montgomery County Police,Injury Crash,02/03/2016 09:58:00 AM,,,,,STARBUCKS PARKING LOT @ 16806 GEROGIA AVE,,PEDESTRIAN,SINGLE VEHICLE,RAINING,,DAYLIGHT,N/A,NONE DETECTED,NONE DETECTED,17E7D7BD-75EC-4749-A72F-B37D1A4CF421,PEDESTRIAN,Other,OTHER,SHARED USE PATH OR TRAILS,N/A,MIXED CLOTHING,No,SUSPECTED MINOR INJURY,39.15964684,-77.07727119,"(39.15964684, -77.07727119)"
MCP2921001G,16064255,Montgomery County Police,Injury Crash,12/14/2016 08:04:00 PM,,,,,IN AREA BETWEEN THE BEST BUY STORE (20914 FREDERICK RD) AND THE BEST BUY PARKING LOT.,,PEDESTRIAN,SINGLE VEHICLE,CLEAR,,DARK LIGHTS ON,N/A,NONE DETECTED,NONE DETECTED,457CCBB6-CB41-4FAF-BD14-55CCA2E200ED,PEDESTRIAN,Cross/Enter at Intersection,NO IMPROPER ACTIONS,ON ROADWAY AT CROSSWALK,N/A,LIGHT CLOTHING,No,POSSIBLE INJURY,39.25777667,-77.20923333,"(39.25777667, -77.20923333)"
MCP2353001T,15053599,MONTGOMERY,Injury Crash,10/22/2015 12:11:00 PM,County,WILLARD AVE,Municipality,THE HILLS PLAZA,,FRIENDSHIP HEIGHTS,PEDESTRIAN,SINGLE VEHICLE,CLEAR,DRY,DAYLIGHT,OTHER,NONE DETECTED,NONE DETECTED,87BD1C1A-B4AB-4613-B4FE-DD11C91B312F,PEDESTRIAN,Cross/Enter at Intersection,NO IMPROPER ACTIONS,ON ROADWAY AT CROSSWALK,OBEYED PED. SIGNAL,MIXED CLOTHING,No,SUSPECTED SERIOUS INJURY,38.98345167,-77.09292,"(38.98345167, -77.09292)"
MCP2469000J,15046830,MONTGOMERY,Injury Crash,09/16/2015 06:55:00 AM,,,,,Garage of 14508 Bradshaw Dr,,PEDESTRIAN,SINGLE VEHICLE,CLEAR,,DAYLIGHT,NO CONTROLS,,NONE DETECTED,0D92FB5E-3FE4-4CCA-A9D7-C8DDAB83DC83,PEDESTRIAN,Other,OTHER,OTHER,N/A,N/A,Yes,POSSIBLE INJURY,39.09300695,-76.955688,"(39.09300695, -76.955688)"
MCP2987000C,16007222,Montgomery County Police,Injury Crash,02/12/2016 08:10:00 AM,,,,,"PARKING LOT OF 910 SCHINDLER DRIVE, SILVER SPRING MD 20903",,PEDESTRIAN,STRAIGHT MOVEMENT ANGLE,CLEAR,,DAYLIGHT,STOP SIGN,UNKNOWN,NONE DETECTED,3A05B5A9-271A-4C5D-9C56-521710EBAA1D,PEDESTRIAN,Walking to/from school,NO IMPROPER ACTIONS,SIDEWALK,NO PED. SIGNAL,DARK CLOTHING,No,SUSPECTED MINOR INJURY,39.02693747,-76.99088931,"(39.02693747, -76.99088931)"
MCP2534001D,16034448,Montgomery County Police,Injury Crash,07/07/2016 06:32:00 PM,,,,,PARKING LOT OF 13468 NEW HAMPSHIRE AVE,,PEDESTRIAN,SINGLE VEHICLE,CLEAR,,DAYLIGHT,N/A,NONE DETECTED,NONE DETECTED,9D410AAF-FD99-43AE-9E3B-FCD35B75495E,PEDESTRIAN,Other Working,INATTENTIVE,OTHER,N/A,MIXED CLOTHING,Yes,SUSPECTED MINOR INJURY,39.07723,-77.00289,"(39.07723, -77.00289)"
MCP2882000M,15004378,Montgomery County Police,Injury Crash,01/27/2015 06:54:00 PM,,,,,20910 Frederick Rd. Germantown Montgomery County Maryaland. Roadway in front of the Walmart,,PEDESTRIAN,OTHER,CLEAR,,DARK LIGHTS ON,NO CONTROLS,NONE DETECTED,NONE DETECTED,7670AEB8-1B96-4719-BA4E-2BDDEE574A56,PEDESTRIAN,Cross/Enter not at Intersection,IN ROADWAY IMPROPERLY,ON ROADWAY NOT AT CROSSWALK,NO PED. SIGNAL,DARK CLOTHING,,SUSPECTED MINOR INJURY,39.19866333,-77.25179333,"(39.19866333, -77.25179333)"
MCP2805001V,16009121,Montgomery County Police,Injury Crash,02/23/2016 06:49:00 PM,,,,,"7106 MUNCASTER MILL RD, GAITHERSBURG, MD (MCDONALDS PARKING LOT)",,PEDESTRIAN,SINGLE VEHICLE,RAINING,,DARK LIGHTS ON,NO CONTROLS,NONE DETECTED,NONE DETECTED,82FC0EB1-A088-4EA9-BA69-8E843D25D045,PEDESTRIAN,Other,NO IMPROPER ACTIONS,ON ROADWAY AT CROSSWALK,NO PED. SIGNAL,DARK CLOTHING,No,POSSIBLE INJURY,39.14579,-77.14477667,"(39.14579, -77.14477667)"
MCP2840000M,15057597,MONTGOMERY,Injury Crash,11/11/2015 05:30:00 PM,County,LOCKWOOD DR,Maryland (State),NEW HAMPSHIRE AVE,,N/A,PEDESTRIAN,N/A,N/A,DRY,DUSK,NO CONTROLS,N/A,NONE DETECTED,B398C0C2-16C0-4339-82E1-0DE8E4358016,PEDESTRIAN,Cross/Enter not at Intersection,NOT VISIBLE,UNKNOWN,N/A,DARK CLOTHING,Yes,POSSIBLE INJURY,39.04226667,-76.98699167,"(39.04226667, -76.98699167)"
DD5595000V,15001558,Rockville Police Departme,Property Damage Crash,01/10/2015 01:03:00 PM,,,,,THE REAR OF THE PARKING LOT AT 820 BALTIMORE RD,,OTHER,SINGLE VEHICLE,CLEAR,,DAYLIGHT,N/A,NONE DETECTED,N/A,8BACDC76-CE55-4369-A71F-2AA8325ADF0F,OTHER,N/A,N/A,OTHER,N/A,N/A,,NO APPARENT INJURY,39.08497103,-77.13515997,"(39.08497103, -77.13515997)"
MCP9113002P,170517604,Montgomery County Police,Injury Crash,07/06/2017 11:58:00 AM,County,ASPEN HILL RD,Maryland (State),VEIRS MILL RD,,N/A,PEDESTRIAN,OTHER,CLOUDY,DRY,DAYLIGHT,TRAFFIC SIGNAL,NONE DETECTED,NONE DETECTED,8C184ACE-14C6-44F4-9401-27B4CCDB6892,PEDESTRIAN,Cross/Enter at Intersection,NO IMPROPER ACTIONS,ON ROADWAY AT CROSSWALK,OBEYED PED. SIGNAL,MIXED CLOTHING,No,SUSPECTED SERIOUS INJURY,39.06949,-77.10465667,"(39.06949, -77.10465667)"
MCP30160018,170517188,Montgomery County Police,Injury Crash,07/03/2017 10:13:00 PM,Maryland (State),GREAT SENECA HWY,Maryland (State),CLOPPER RD,,N/A,PEDESTRIAN,SINGLE VEHICLE,CLEAR,DRY,DARK LIGHTS ON,TRAFFIC SIGNAL,NONE DETECTED,NONE DETECTED,C735DF1B-EBE4-4BA6-95C5-524DC7105534,PEDESTRIAN,Cross/Enter at Intersection,NO IMPROPER ACTIONS,AT INTERSECTION MARKED CROSSWALK,OBEYED PED. SIGNAL,DARK CLOTHING,No,SUSPECTED MINOR INJURY,39.15955467,-77.27509717,"(39.15955467, -77.27509717)"
MCP2493000Q,15061008,MONTGOMERY,Injury Crash,11/29/2015 07:54:00 PM,Maryland (State),FREDERICK RD,County,MIDDLEBROOK RD,,N/A,PEDESTRIAN,OTHER,CLEAR,DRY,DARK NO LIGHTS,NO CONTROLS,NONE DETECTED,UNKNOWN,6A65C822-90FF-403A-8C3A-52BA7AECD544,PEDESTRIAN,Cross/Enter not at Intersection,IN ROADWAY IMPROPERLY,ON ROADWAY NOT AT CROSSWALK,NO PED. SIGNAL,DARK CLOTHING,Yes,SUSPECTED SERIOUS INJURY,39.178895,-77.23851,"(39.178895, -77.23851)"
MCP3034000H,170500805,Montgomery County Police,Property Damage Crash,04/06/2017 11:30:00 PM,,,,,PARKING LOT OF TGI FRIDAYS OF TECH RD,,PEDESTRIAN,OTHER,CLEAR,,DARK LIGHTS ON,N/A,UNKNOWN,NONE DETECTED,CE64B78F-85FC-4231-B942-E1126DC776B9,PEDESTRIAN,Standing,NO IMPROPER ACTIONS,OTHER,N/A,MIXED CLOTHING,No,NO APPARENT INJURY,39.0570339,-76.96662068,"(39.0570339, -76.96662068)"
MCP2730000M,15059015,MONTGOMERY,Injury Crash,11/19/2015 05:30:00 AM,Maryland (State),GERMANTOWN RD,Other Public Roadway,CRYSTAL ROCK DR,,N/A,PEDESTRIAN,OTHER,RAINING,WET,DARK LIGHTS ON,NO CONTROLS,N/A,N/A,4A201E9E-E1D0-4CE4-ACB8-0E8454E57D12,PEDESTRIAN,Walking/Cycling on Sidewalk,NO IMPROPER ACTIONS,SIDEWALK,N/A,MIXED CLOTHING,No,SUSPECTED MINOR INJURY,39.18418,-77.26321,"(39.18418, -77.26321)"
MCP2927000L,15054457,MONTGOMERY,Injury Crash,10/27/2015 07:04:00 AM,US (State),GEORGIA AVE,County,BONIFANT ST,,N/A,PEDESTRIAN,OTHER,CLEAR,DRY,DARK LIGHTS ON,TRAFFIC SIGNAL,NONE DETECTED,NONE DETECTED,401D48C1-CFB0-4D78-A0D7-4C7FF4A1B049,PEDESTRIAN,Cross/Enter at Intersection,NO IMPROPER ACTIONS,AT INTERSECTION MARKED CROSSWALK,OBEYED PED. SIGNAL,DARK CLOTHING,No,POSSIBLE INJURY,38.99350333,-77.026545,"(38.99350333, -77.026545)"
MCP26640019,15038081,MONTGOMERY,Injury Crash,08/01/2015 09:54:00 AM,Maryland (State),GEORGIA AVE,County,SHOREFIELD RD,,N/A,BICYCLIST,SINGLE VEHICLE,CLEAR,DRY,DAYLIGHT,TRAFFIC SIGNAL,NONE DETECTED,NONE DETECTED,3D2D2439-8A41-4E56-B733-9656DBEB9D94,BICYCLIST,Cross/Enter at Intersection,OTHER,AT INTERSECTION MARKED CROSSWALK,UNKNOWN,REFLECTIVE MATERIAL,Unknown,POSSIBLE INJURY,39.05341,-77.050689,"(39.05341, -77.050689)"
MCP26080010,15039489,MONTGOMERY,Injury Crash,08/08/2015 05:38:00 PM,County,WAYNE AVE,Government,SLIGO CREEK PKWY,,N/A,BICYCLIST,OTHER,CLEAR,DRY,DAYLIGHT,OTHER,NONE DETECTED,NONE DETECTED,A124F21E-99B7-4DC7-8C5D-0C23A2D52653,BICYCLIST,Cross/Enter at Intersection,NO IMPROPER ACTIONS,IN BIKEWAY,OBEYED PED. SIGNAL,LIGHT CLOTHING,No,SUSPECTED MINOR INJURY,38.99973,-77.01094,"(38.99973, -77.01094)"
MCP2961000P,15051482,MONTGOMERY,Injury Crash,10/10/2015 05:53:00 PM,,,,,Lower parking garage located at 11160 Veirs Mill Road (in front of Ruby Tusdays),,PEDESTRIAN,OTHER,CLEAR,,DAYLIGHT,NO CONTROLS,NONE DETECTED,NONE DETECTED,892E886E-3ABB-4B77-9F64-A8EE3FB58125,PEDESTRIAN,Walking/Riding w/Traffic,UNKNOWN,N/A,N/A,MIXED CLOTHING,Unknown,SUSPECTED MINOR INJURY,39.03732799,-77.0552516,"(39.03732799, -77.0552516)"
MCP2498000P,16022376,Montgomery County Police,Injury Crash,05/06/2016 05:15:00 AM,Maryland (State),GERMANTOWN RD,Ramp,RAMP 6 FR MD 118 EB TO IS 270 SB,,N/A,BICYCLIST,OTHER,RAINING,WET,DARK LIGHTS ON,NO CONTROLS,UNKNOWN,NONE DETECTED,B3C5F9E9-880C-4A45-8C12-21B0E39388B0,BICYCLIST,Walking/Riding w/Traffic,NO IMPROPER ACTIONS,AT INTERSECTION BUT NO CROSSWALK,N/A,REFLECTIVE MATERIAL,No,SUSPECTED MINOR INJURY,39.18266182,-77.25869447,"(39.18266182, -77.25869447)"
DD55380027,17004124,Rockville Police Departme,Injury Crash,01/24/2017 12:32:00 PM,,,,,"891-G ROCKVILLE PIKE ""PAISANO'S""  PARKING LOT",,PEDESTRIAN,SINGLE VEHICLE,CLEAR,,DAYLIGHT,NO CONTROLS,NONE DETECTED,NONE DETECTED,57DC6529-CFCE-45C2-9975-EEB0D2072432,PEDESTRIAN,Other,N/A,INSIDE BUILDING,N/A,N/A,No,POSSIBLE INJURY,39.07437,-77.13731167,"(39.07437, -77.13731167)"
MCP2686000X,15053534,MONTGOMERY,Injury Crash,10/21/2015 11:12:00 PM,Maryland (State),CLOPPER RD,County,CINNAMON DR,,N/A,OTHER,OTHER,CLEAR,DRY,DARK NO LIGHTS,OTHER,COMBINED SUBSTANCE PRESENT,N/A,99F9F36D-61E9-4D64-9926-D2132AC0F5B9,OTHER,Standing,OTHER,SHOULDER,N/A,MIXED CLOTHING,No,SUSPECTED MINOR INJURY,39.15608828,-77.26456046,"(39.15608828, -77.26456046)"
MCP2789003N,170521502,Montgomery County Police,Injury Crash,07/27/2017 05:07:00 PM,County,THAYER AVE,County,MAYOR LA,,N/A,PEDESTRIAN,SINGLE VEHICLE,CLEAR,DRY,DAYLIGHT,NO CONTROLS,N/A,N/A,5E583374-03F8-4A27-82CD-B56A268FE257,PEDESTRIAN,Cross/Enter not at Intersection,NOT VISIBLE,ON ROADWAY NOT AT CROSSWALK,NO PED. SIGNAL,MIXED CLOTHING,Yes,POSSIBLE INJURY,38.99309167,-77.025915,"(38.99309167, -77.025915)"
MCP1048001X,16042020,Montgomery County Police,Property Damage Crash,08/18/2016 10:41:00 PM,,,,,PARKING LOT OF MONTGOMERY COUNTY FAIR GROUNDS.,,PEDESTRIAN,SINGLE VEHICLE,CLEAR,,DARK NO LIGHTS,N/A,N/A,N/A,01921220-096F-4B01-993D-D2FD6CE7611B,PEDESTRIAN,Other,INATTENTIVE,ON ROADWAY NOT AT CROSSWALK,N/A,LIGHT CLOTHING,No,NO APPARENT INJURY,39.14752861,-77.2139103,"(39.14752861, -77.2139103)"
MCP2753001L,16054173,Montgomery County Police,Injury Crash,10/21/2016 07:53:00 AM,,,,,"SIDEWALK OF PARKING LOT IN FRONT OF A 7-11 AT
14101 GEORGIA AVENUE
SILVER SPRING MD",,PEDESTRIAN,OTHER,N/A,,DAYLIGHT,NO CONTROLS,NONE DETECTED,NONE DETECTED,62AFE7E4-1FFE-4026-9CA2-B060E59EEB98,PEDESTRIAN,Walking/Riding against Traffic,NO IMPROPER ACTIONS,SIDEWALK,NO PED. SIGNAL,DARK CLOTHING,No,SUSPECTED MINOR INJURY,39.08475167,-77.07807333,"(39.08475167, -77.07807333)"
MCP2889001X,16060101,Montgomery County Police,Injury Crash,11/22/2016 04:00:00 PM,Maryland (State),VEIRS MILL RD,Maryland (State),UNIVERSITY BLVD W,,N/A,PEDESTRIAN,OTHER,CLEAR,DRY,DAYLIGHT,NO CONTROLS,NONE DETECTED,N/A,318BAE19-7318-490D-A4C3-077F553D51F1,PEDESTRIAN,Cross/Enter not at Intersection,IN ROADWAY IMPROPERLY,ON ROADWAY NOT AT CROSSWALK,N/A,MIXED CLOTHING,Yes,POSSIBLE INJURY,39.039435,-77.05494333,"(39.039435, -77.05494333)"
MCP2286001K,17009248,Montgomery County Police,Injury Crash,02/20/2017 06:38:00 PM,,,,,"SAM'S CLUM PARKING LOT, 610 N FREDERICK AVE, GAITHERSBURG, MD 20877",,PEDESTRIAN,STRAIGHT MOVEMENT ANGLE,CLEAR,,DUSK,OTHER,N/A,NONE DETECTED,4FA5573B-7839-48C0-9F5E-CF8DD6987928,PEDESTRIAN,Other,NO IMPROPER ACTIONS,ON ROADWAY AT CROSSWALK,OTHER,MIXED CLOTHING,No,SUSPECTED MINOR INJURY,39.15127012,-77.21286625,"(39.15127012, -77.21286625)"
MCP3005000F,16005979,Montgomery County Police,Injury Crash,02/05/2016 09:07:00 AM,County,VANDALIA DR,County,JOPLIN DR,,N/A,PEDESTRIAN,SINGLE VEHICLE,N/A,N/A,DAYLIGHT,NO CONTROLS,NONE DETECTED,NONE DETECTED,517141D6-01F1-488B-A4E2-62DEC2DD6E28,PEDESTRIAN,Approach/Leaving Schoolbus,DART DASH,ON ROADWAY NOT AT CROSSWALK,NO PED. SIGNAL,LIGHT CLOTHING,Yes,POSSIBLE INJURY,39.07634702,-77.08463386,"(39.07634702, -77.08463386)"
MCP9424000H,15050537,MONTGOMERY,Injury Crash,10/06/2015 04:45:00 AM,Maryland (State),WOODFIELD RD,County,CHURCHILL DOWNS RD,,N/A,PEDESTRIAN,SAME DIR REAR END,CLEAR,DRY,DARK LIGHTS ON,N/A,NONE DETECTED,NONE DETECTED,AC96F3E9-E134-42EE-BBA8-2CF7B0725088,PEDESTRIAN,Walking/Riding w/Traffic,NOT VISIBLE,ON ROADWAY NOT AT CROSSWALK,N/A,MIXED CLOTHING,No,POSSIBLE INJURY,39.21696333,-77.17322,"(39.21696333, -77.17322)"
DD5601002Q,17012008,Rockville Police Departme,Injury Crash,03/07/2017 01:45:00 PM,Municipality,WOOTTON PKWY,Municipality,SEVEN LOCKS RD,,ROCKVILLE,BICYCLIST,OTHER,CLEAR,DRY,DAYLIGHT,TRAFFIC SIGNAL,N/A,N/A,27A9C2D0-0873-4EC4-96A0-7665BEDE37D4,BICYCLIST,Walking/Riding against Traffic,UNKNOWN,ON ROADWAY AT CROSSWALK,UNKNOWN,REFLECTIVE MATERIAL,Unknown,SUSPECTED MINOR INJURY,39.06696392,-77.16167092,"(39.06696392, -77.16167092)"
MCP0899001Z,17013122,Montgomery County Police,Injury Crash,03/13/2017 03:22:00 PM,County,ARLINGTON RD,County,EDGEMOOR LA,,N/A,PEDESTRIAN,OTHER,CLOUDY,DRY,DAYLIGHT,TRAFFIC SIGNAL,NONE DETECTED,NONE DETECTED,4C29D291-89FE-4F89-A368-67E99690C806,PEDESTRIAN,Cross/Enter at Intersection,NO IMPROPER ACTIONS,AT INTERSECTION MARKED CROSSWALK,OBEYED PED. SIGNAL,LIGHT CLOTHING,No,SUSPECTED SERIOUS INJURY,38.9846992,-77.09866047,"(38.9846992, -77.09866047)"