Report Number,Local Case Number,Agency Name,ACRS Report Type,Crash Date/Time,Route Type,Road Name,Cross-Street Type,Cross-Street Name,Off-Road Description,Municipality,Related Non-Motorist,Collision Type,Weather,Surface Condition,Light,Traffic Control,Driver Substance Abuse,Non-Motorist Substance Abuse,Person ID,Pedestrian Type,Pedestrian Movement,Pedestrian Actions,Pedestrian Location,Pedestrian Obeyed Traffic Signal,Pedestrian Visibility,At Fault,Injury Severity,Latitude,Longitude,Location
MCP29510016,16007989,MONTGOMERY,Injury Crash,02/18/2016 08:29:00 AM,,,,,CVS PARKING LOT. 108 AND SPARTAN,,PEDESTRIAN,N/A,CLEAR,,DAYLIGHT,NO CONTROLS,N/A,NONE DETECTED,2C03A6EB-9486-400D-A008-5E101131EAB1,PEDESTRIAN,Standing,NO IMPROPER ACTIONS,OTHER,N/A,MIXED CLOTHING,No,POSSIBLE INJURY,39.1514126,-77.06323385,"(39.1514126, -77.06323385)"
EJ78350008,16064279,Gaithersburg Police Depar,Injury Crash,12/14/2016 09:29:00 PM,Maryland (State),FREDERICK RD,Municipality,S WESTLAND DR,,GAITHERSBURG,PEDESTRIAN,OTHER,CLEAR,DRY,DARK LIGHTS ON,TRAFFIC SIGNAL,NONE DETECTED,NONE DETECTED,ABF64693-8CC0-4E20-B522-FA61D4016319,PEDESTRIAN,Cross/Enter not at Intersection,IN ROADWAY IMPROPERLY,ON ROADWAY NOT AT CROSSWALK,DISOBEYED PED. SIGNAL,MIXED CLOTHING,Yes,SUSPECTED MINOR INJURY,39.12618667,-77.18281833,"(39.12618667, -77.18281833)"
MCP24250057,15034512,MONTGOMERY,Injury Crash,07/14/2015 08:34:00 AM,,,,,Parking Lot Access on 2nd Ave for 8405 Colesville Rd,,OTHER PEDALCYCLIST,OTHER,CLEAR,,DAYLIGHT,NO CONTROLS,UNKNOWN,NONE DETECTED,C587C869-DDE9-44E5-B0B4-E586C79F5FFC,OTHER PEDALCYCLIST,Walking/Cycling on Sidewalk,NO IMPROPER ACTIONS,SIDEWALK,NO PED. SIGNAL,DARK CLOTHING,No,SUSPECTED MINOR INJURY,38.99551333,-77.03160333,"(38.99551333, -77.03160333)"
MCP2752001P,170506457,Montgomery County Police,Injury Crash,05/07/2017 04:10:00 PM,County,MARYLAND AVE,County,MACARTHUR BLVD,,N/A,BICYCLIST,STRAIGHT MOVEMENT ANGLE,CLEAR,DRY,DAYLIGHT,STOP SIGN,N/A,N/A,7A8BC406-D329-4BD4-9AF0-60906DA5E386,BICYCLIST,Cross/Enter at Intersection,NO IMPROPER ACTIONS,ON ROADWAY AT CROSSWALK,UNKNOWN,MIXED CLOTHING,No,SUSPECTED MINOR INJURY,38.96556133,-77.13695267,"(38.96556133, -77.13695267)"
MCP2620000Z,15059904,MONTGOMERY,Injury Crash,11/23/2015 04:37:00 PM,Maryland (State),CONNECTICUT AVE,County,WELLER RD,,N/A,PEDESTRIAN,STRAIGHT MOVEMENT ANGLE,CLEAR,DRY,DAYLIGHT,TRAFFIC SIGNAL,NONE DETECTED,NONE DETECTED,5CAE8144-2E19-4822-86A8-3817EF8F7D7C,PEDESTRIAN,Cross/Enter at Intersection,DART DASH,AT INTERSECTION MARKED CROSSWALK,DISOBEYED PED. SIGNAL,MIXED CLOTHING,Yes,SUSPECTED MINOR INJURY,39.06304873,-77.07349062,"(39.06304873, -77.07349062)"
DD56170011,170519620,Rockville Police Departme,Injury Crash,07/17/2017 07:01:00 PM,,,,,PARKING LOT OF 225 N WASHINGTON AVE,,PEDESTRIAN,SINGLE VEHICLE,CLEAR,,DUSK,NO CONTROLS,N/A,N/A,33F0F599-631D-449D-B4C2-27BF7A1087C9,PEDESTRIAN,Other,NO IMPROPER ACTIONS,OTHER,N/A,LIGHT CLOTHING,No,SUSPECTED MINOR INJURY,39.08618,-77.152725,"(39.08618, -77.152725)"
MCP28180022,16041124,Montgomery County Police,Injury Crash,08/13/2016 05:37:00 PM,County,FENTON ST,US (State),COLESVILLE RD,,N/A,PEDESTRIAN,OTHER,CLEAR,DRY,N/A,TRAFFIC SIGNAL,NONE DETECTED,NONE DETECTED,DAE2F9D7-3E9E-4983-AA6B-FEB3A35895BE,PEDESTRIAN,Cross/Enter at Intersection,NO IMPROPER ACTIONS,AT INTERSECTION MARKED CROSSWALK,OBEYED PED. SIGNAL,MIXED CLOTHING,No,SUSPECTED MINOR INJURY,38.99752833,-77.02718167,"(38.99752833, -77.02718167)"
MCP2134000Y,17008899,Montgomery County Police,Injury Crash,02/18/2017 04:35:00 PM,,,,,PARKING LOT OF 8208 ROANOKE AVE,,PEDESTRIAN,OTHER,CLEAR,,DAYLIGHT,N/A,N/A,N/A,5393FDD0-75B2-46DD-A153-1577C1E8015B,PEDESTRIAN,Playing,UNKNOWN,OTHER,N/A,MIXED CLOTHING,Unknown,SUSPECTED SERIOUS INJURY,38.99135186,-77.00431913,"(38.99135186, -77.00431913)"
MCP2853001V,16029275,Montgomery County Police,Injury Crash,06/10/2016 03:50:00 PM,County,LANGLEY DR,County,GLENVILLE RD,,N/A,PEDESTRIAN,SINGLE VEHICLE,CLEAR,DRY,DAYLIGHT,NO CONTROLS,UNKNOWN,N/A,CDCBC5E3-F7A9-49AA-917D-8BD1DDECCC99,PEDESTRIAN,Walking to/from school,NO IMPROPER ACTIONS,N/A,N/A,MIXED CLOTHING,No,SUSPECTED MINOR INJURY,39.00149957,-76.99610353,"(39.00149957, -76.99610353)"
MCP2594001M,16029781,Montgomery County Police,Injury Crash,06/13/2016 02:01:00 PM,Maryland (State),OLNEY SANDY SPRING RD,Unknown,VILLAGE CENTER DR,,N/A,BICYCLIST,OTHER,CLEAR,DRY,DAYLIGHT,TRAFFIC SIGNAL,NONE DETECTED,NONE DETECTED,AE41D62D-86BB-400A-8AF0-10C8889B07AF,BICYCLIST,Cross/Enter at Intersection,NO IMPROPER ACTIONS,ON ROADWAY AT CROSSWALK,OBEYED PED. SIGNAL,LIGHT CLOTHING,No,SUSPECTED MINOR INJURY,39.15214892,-77.06449851,"(39.15214892, -77.06449851)"
MCP1438002S,16033074,Montgomery County Police,Injury Crash,06/30/2016 10:49:00 AM,County,EPSILON DR,County,EPSILON PL,,N/A,PEDESTRIAN,SAME DIR REAR END,CLEAR,DRY,DAYLIGHT,NO CONTROLS,NONE DETECTED,NONE DETECTED,A64D706D-54E3-4455-B144-AC1BD0306A35,PEDESTRIAN,Standing,NO IMPROPER ACTIONS,OTHER,N/A,LIGHT CLOTHING,No,NO APPARENT INJURY,39.13841333,-77.16330667,"(39.13841333, -77.16330667)"
MCP2809001J,15004314,Montgomery County Police,Injury Crash,01/26/2015 07:00:00 AM,Maryland (State),UNIVERSITY BLVD W,County,CADDINGTON AVE,,N/A,PEDESTRIAN,OTHER,RAINING,WET,DAWN,TRAFFIC SIGNAL,UNKNOWN,N/A,4A719E47-0EEC-4243-80A5-0CE8D8AF52E1,PEDESTRIAN,Walking to/from school,UNKNOWN,UNKNOWN,UNKNOWN,MIXED CLOTHING,,POSSIBLE INJURY,39.03357,-77.0238,"(39.03357, -77.0238)"
MCP2552000X,16029030,Montgomery County Police,Injury Crash,06/09/2016 04:42:00 PM,,,,,"PARKING LOT OF 12321 PARKLAWN DRIVE, ROCKVILLE, MD 20852",,PEDESTRIAN,OTHER,CLEAR,,DAYLIGHT,N/A,UNKNOWN,N/A,1AFCEF25-F233-4C41-975B-6E1AF1A3DC91,PEDESTRIAN,Other Working,NO IMPROPER ACTIONS,OTHER,N/A,DARK CLOTHING,No,SUSPECTED MINOR INJURY,39.059955,-77.11130667,"(39.059955, -77.11130667)"
DD5529001M,16054221,Rockville Police Departme,Injury Crash,10/21/2016 12:58:00 PM,Maryland (State),HUNGERFORD DR,Unknown,ENT TO FLAGSHIP SHOPPING CTR,,N/A,PEDESTRIAN,OTHER,CLEAR,DRY,DAYLIGHT,TRAFFIC SIGNAL,NONE DETECTED,NONE DETECTED,A7F45C75-F68F-400A-BB2D-CC9FE326C9FA,PEDESTRIAN,Cross/Enter at Intersection,DART DASH,AT INTERSECTION MARKED CROSSWALK,DISOBEYED PED. SIGNAL,LIGHT CLOTHING,Yes,SUSPECTED MINOR INJURY,39.1067,-77.16002167,"(39.1067, -77.16002167)"
MCP2717004R,16005393,Montgomery County Police,Injury Crash,02/02/2016 08:10:00 AM,County,MACARTHUR BLVD,County,SANGAMORE RD,,N/A,BICYCLIST,HEAD ON LEFT TURN,CLEAR,ICE,DAYLIGHT,TRAFFIC SIGNAL,NONE DETECTED,NONE DETECTED,11359E5A-E70B-405C-BD3D-0BA7A7F87F16,BICYCLIST,Cross/Enter at Intersection,NO IMPROPER ACTIONS,ON ROADWAY AT CROSSWALK,OBEYED PED. SIGNAL,MIXED CLOTHING,No,SUSPECTED MINOR INJURY,38.94427833,-77.11713,"(38.94427833, -77.11713)"
MCP2791001D,15034093,MONTGOMERY,Property Damage Crash,07/10/2015 08:43:00 PM,County,FENTON ST,County,SLIGO AVE,,N/A,PEDESTRIAN,SINGLE VEHICLE,N/A,DRY,DARK LIGHTS ON,TRAFFIC SIGNAL,NONE DETECTED,N/A,88181B3E-A081-4E21-B250-C0E0B94DDD29,PEDESTRIAN,Cross/Enter at Intersection,N/A,AT INTERSECTION MARKED CROSSWALK,OBEYED PED. SIGNAL,UNKNOWN,No,NO APPARENT INJURY,38.99015314,-77.02397704,"(38.99015314, -77.02397704)"
MCP28820023,170525535,Montgomery County Police,Injury Crash,08/18/2017 02:55:00 PM,,,,,PARKING LOT IN FRONT OF 19552 CRYSTAL ROCK DRIVE,,BICYCLIST,SINGLE VEHICLE,CLEAR,,DAYLIGHT,N/A,NONE DETECTED,NONE DETECTED,30CB36A0-91F0-4487-950C-4A059417B60C,BICYCLIST,Playing,INATTENTIVE,OTHER,N/A,MIXED CLOTHING,Yes,SUSPECTED MINOR INJURY,39.17810167,-77.26309833,"(39.17810167, -77.26309833)"
DD5611002T,170508075,Rockville Police Departme,Property Damage Crash,05/16/2017 11:16:00 AM,Maryland (State),FIRST ST,Maryland (State),ROCKVILLE PIKE,,N/A,BICYCLIST,OTHER,CLEAR,DRY,DAYLIGHT,NO CONTROLS,NONE DETECTED,NONE DETECTED,86A5F832-D924-47E1-AF37-C4F0C82018C4,BICYCLIST,Cross/Enter not at Intersection,NO IMPROPER ACTIONS,DRIVEWAY ACCESS MARKED CROSSWALK,NO PED. SIGNAL,LIGHT CLOTHING,No,NO APPARENT INJURY,39.078675,-77.13873167,"(39.078675, -77.13873167)"
MCP1151006L,170515099,Montgomery County Police,Injury Crash,06/22/2017 07:41:00 AM,,,,,"PARKING LOT OF CHIC FIL A RESTAURANT  19945 CENTURY BLVD GERMANTOWN, MD",,PEDESTRIAN,OTHER,CLEAR,,DAYLIGHT,N/A,NONE DETECTED,NONE DETECTED,BC497ADC-3FF3-498C-9254-602F97B58E77,PEDESTRIAN,Other,NO IMPROPER ACTIONS,OTHER,N/A,MIXED CLOTHING,No,POSSIBLE INJURY,39.182173,-77.261231,"(39.182173, -77.261231)"
MCP2162000V,15007508,Montgomery County Police,Injury Crash,02/14/2015 08:05:00 PM,Maryland (State),OLNEY SANDY SPRING RD,Unknown,ENT TO SHARP ST UNITED METHODIST CHURCH,,N/A,PEDESTRIAN,OTHER,SNOW,ICE,DARK NO LIGHTS,NO CONTROLS,N/A,N/A,C5512A0B-0CB4-4BE8-A431-070EFA60E90D,PEDESTRIAN,Standing,DISABLED VEHICLE RELATED,ON ROADWAY NOT AT CROSSWALK,N/A,MIXED CLOTHING,,SUSPECTED MINOR INJURY,39.14660833,-77.039365,"(39.14660833, -77.039365)"
MCP2863001C,16057560,Montgomery County Police,Injury Crash,11/08/2016 08:23:00 AM,,,,,"PARKING LOT OF 20300 PLEASANT RIDGE DR ,MCG (NORTHGATE CHURCH)",,PEDESTRIAN,SINGLE VEHICLE,CLEAR,,DAYLIGHT,NO CONTROLS,NONE DETECTED,NONE DETECTED,FA71C52E-4F65-41A9-91F7-95AD7F056A52,PEDESTRIAN,Walking to/from school,NO IMPROPER ACTIONS,OTHER,N/A,MIXED CLOTHING,No,POSSIBLE INJURY,39.19190167,-77.19156333,"(39.19190167, -77.19156333)"
MCP2969002D,16047820,Montgomery County Police,Injury Crash,09/17/2016 05:46:00 PM,Maryland (State),NEW HAMPSHIRE AVE,Maryland (State),SPENCERVILLE RD,,N/A,BICYCLIST,SAME DIRECTION SIDESWIPE,CLEAR,DRY,DAYLIGHT,N/A,NONE DETECTED,NONE DETECTED,E32E3B27-5B66-4B26-8A28-BD61FCEDE4F2,BICYCLIST,Walking/Riding w/Traffic,DISABLED VEHICLE RELATED,SHOULDER,NO PED. SIGNAL,LIGHT CLOTHING,Yes,POSSIBLE INJURY,39.11799571,-76.98962733,"(39.11799571, -76.98962733)"
MCP1378009T,16027391,Montgomery County Police,Injury Crash,06/01/2016 05:10:00 PM,County,BLACKWELL RD,County,GREAT SENECA HWY,,N/A,BICYCLIST,STRAIGHT MOVEMENT ANGLE,CLEAR,DRY,DAYLIGHT,STOP SIGN,NONE DETECTED,NONE DETECTED,3D94E185-8F4F-4F4D-8B60-6E3BC1A9A58C,BICYCLIST,Cross/Enter at Intersection,NO IMPROPER ACTIONS,ON ROADWAY NOT AT CROSSWALK,NO PED. SIGNAL,MIXED CLOTHING,Yes,POSSIBLE INJURY,39.10165667,-77.20517,"(39.10165667, -77.20517)"
MCP3003000S,16054112,Montgomery County Police,Injury Crash,10/20/2016 08:59:00 PM,County,BRANDERMILL DR,Other Public Roadway,DRUM CASTLE WAY,,N/A,PEDESTRIAN,OTHER,CLEAR,DRY,DARK LIGHTS ON,NO CONTROLS,NONE DETECTED,NONE DETECTED,4490A17F-662B-4D13-B46E-DCA4EF4D7CDB,PEDESTRIAN,Cross/Enter not at Intersection,UNKNOWN,ON ROADWAY NOT AT CROSSWALK,NO PED. SIGNAL,MIXED CLOTHING,No,POSSIBLE INJURY,39.19094,-77.23934333,"(39.19094, -77.23934333)"
MCP2877002Q,16046916,Montgomery County Police,Injury Crash,09/13/2016 12:12:00 PM,County,ELLSWORTH DR,County,FENTON ST,,N/A,PEDESTRIAN,OTHER,CLEAR,DRY,DAYLIGHT,TRAFFIC SIGNAL,NONE DETECTED,NONE DETECTED,EAB795A3-B7B8-4C0A-815E-A31EB6E721B3,PEDESTRIAN,Cross/Enter at Intersection,NO IMPROPER ACTIONS,ON ROADWAY AT CROSSWALK,OBEYED PED. SIGNAL,MIXED CLOTHING,No,POSSIBLE INJURY,38.99681,-77.02537333,"(38.99681, -77.02537333)"
MCP2859002B,16033271,Montgomery County Police,Injury Crash,07/01/2016 09:35:00 AM,,,,,"PARKING SPACE OUTSIDE 23 FIRSTFIELD RD, GAITHERSBURG, MD, 20878",,PEDESTRIAN,OTHER,CLEAR,,DAYLIGHT,NO CONTROLS,UNKNOWN,NONE DETECTED,DF8850BB-139F-4262-A1C3-45B91219B950,PEDESTRIAN,Standing,OTHER,OTHER,N/A,MIXED CLOTHING,No,SUSPECTED MINOR INJURY,39.13616871,-77.22656965,"(39.13616871, -77.22656965)"
MCP2929001H,16029790,Montgomery County Police,Injury Crash,06/13/2016 02:36:00 PM,,,,,DRIVEWAY OF 17605 CASHELL RD,,PEDESTRIAN,SINGLE VEHICLE,CLEAR,,DAYLIGHT,N/A,,NONE DETECTED,F7B0EB46-8584-475E-9135-E6BE82671C16,PEDESTRIAN,Other,INATTENTIVE,OTHER,NO PED. SIGNAL,N/A,Yes,SUSPECTED MINOR INJURY,39.14527217,-77.09332019,"(39.14527217, -77.09332019)"
MCP2740001X,16024977,Montgomery County Police,Injury Crash,05/19/2016 09:40:00 PM,Maryland (State),PINEY BRANCH RD,Maryland (State),UNIVERSITY BLVD E,,N/A,PEDESTRIAN,SINGLE VEHICLE,CLEAR,DRY,DARK LIGHTS ON,TRAFFIC SIGNAL,NONE DETECTED,NONE DETECTED,D2BBFF7A-E4D2-4DC4-ABB8-743E73D93BEF,PEDESTRIAN,Cross/Enter at Intersection,NO IMPROPER ACTIONS,ON ROADWAY AT CROSSWALK,OBEYED PED. SIGNAL,MIXED CLOTHING,No,SUSPECTED MINOR INJURY,38.9996788,-76.99525595,"(38.9996788, -76.99525595)"
MCP26010009,15056452,MONTGOMERY,Injury Crash,11/05/2015 08:48:00 PM,Maryland (State),EAST WEST HWY,Unknown,ENT TO SHOPPING CENTER,,N/A,PEDESTRIAN,OTHER,FOGGY,WET,DARK LIGHTS ON,TRAFFIC SIGNAL,N/A,NONE DETECTED,45C1F4C9-29EA-45C1-91B9-0ADB27248E10,PEDESTRIAN,Cross/Enter at Intersection,FAILURE TO OBEY TRAFFIC SIGNS SIGNALS OR OFFICER,ON ROADWAY AT CROSSWALK,DISOBEYED PED. SIGNAL,DARK CLOTHING,Yes,SUSPECTED MINOR INJURY,38.99282158,-77.03160524,"(38.99282158, -77.03160524)"
MCP0113000J,15058620,MONTGOMERY,Injury Crash,11/17/2015 09:22:00 AM,County,CEDAR LA,Government,ELMHIRST PKWY,,N/A,PEDESTRIAN,SINGLE VEHICLE,CLOUDY,DRY,DAYLIGHT,TRAFFIC SIGNAL,NONE DETECTED,NONE DETECTED,E3A56A20-5FDA-4828-89F7-8366BF9AC3CD,PEDESTRIAN,Cross/Enter at Intersection,DART DASH,AT INTERSECTION MARKED CROSSWALK,DISOBEYED PED. SIGNAL,DARK CLOTHING,Yes,SUSPECTED MINOR INJURY,39.00792,-77.09456167,"(39.00792, -77.09456167)"
MCP02510016,170508348,Montgomery County Police,Injury Crash,05/17/2017 06:09:00 PM,County,RIFFLE FORD RD,Maryland (State),GERMANTOWN RD,,N/A,BICYCLIST,ANGLE MEETS LEFT HEAD ON,CLEAR,DRY,DAYLIGHT,NO CONTROLS,NONE DETECTED,NONE DETECTED,9E31895B-0E3F-4E3D-8BB9-94548F229AE4,BICYCLIST,Walking/Riding w/Traffic,FAILURE TO YIELD RIGHT OF WAY,ON ROADWAY NOT AT CROSSWALK,N/A,MIXED CLOTHING,Yes,SUSPECTED SERIOUS INJURY,39.14782333,-77.29008167,"(39.14782333, -77.29008167)"
MCP1227000G,16000724,Montgomery County Police,Fatal Crash,01/05/2016 07:50:00 AM,County,BATTERY LA,Maryland (State),OLD GEORGETOWN RD,,N/A,PEDESTRIAN,SINGLE VEHICLE,CLEAR,DRY,DAYLIGHT,TRAFFIC SIGNAL,NONE DETECTED,NONE DETECTED,FA235AD8-F380-4E87-AF17-B77FFDE54251,PEDESTRIAN,Cross/Enter at Intersection,UNKNOWN,ON ROADWAY AT CROSSWALK,UNKNOWN,DARK CLOTHING,Unknown,FATAL INJURY,38.99033138,-77.10351527,"(38.99033138, -77.10351527)"
MCP1064003V,16004749,Montgomery County Police,Injury Crash,01/29/2016 02:19:00 PM,US (State),COLESVILLE RD,Maryland (State),GEORGIA AVE,,N/A,BICYCLIST,N/A,CLEAR,DRY,DAYLIGHT,TRAFFIC SIGNAL,N/A,N/A,2271B81B-E7C1-41E8-85C4-5EB5C1087F58,BICYCLIST,Cross/Enter at Intersection,FAILURE TO OBEY TRAFFIC SIGNS SIGNALS OR OFFICER,AT INTERSECTION MARKED CROSSWALK,DISOBEYED PED. SIGNAL,DARK CLOTHING,Yes,SUSPECTED MINOR INJURY,38.99617833,-77.02912667,"(38.99617833, -77.02912667)"
MCP2740001H,15064496,MONTGOMERY,Injury Crash,12/17/2015 03:35:00 PM,County,BUCKINGHAM DR,Maryland (State),UNIVERSITY BLVD E,,N/A,PEDESTRIAN,OTHER,RAINING,WET,DAYLIGHT,TRAFFIC SIGNAL,NONE DETECTED,NONE DETECTED,3F588D77-9AE9-4563-AF86-604A5E3066CD,PEDESTRIAN,Cross/Enter at Intersection,NO IMPROPER ACTIONS,ON ROADWAY AT CROSSWALK,OBEYED PED. SIGNAL,MIXED CLOTHING,No,SUSPECTED MINOR INJURY,39.00629462,-76.99746877,"(39.00629462, -76.99746877)"
MCP1616002K,15051176,MONTGOMERY,Injury Crash,10/09/2015 07:39:00 AM,Maryland (State),ROCKVILLE PIKE,County,LOCUST HILL RD,,N/A,BICYCLIST,SAME DIR REAR END,CLOUDY,WET,DUSK,NO CONTROLS,NONE DETECTED,NONE DETECTED,00CC188C-BC90-4458-959A-E2571AA2D729,BICYCLIST,Walking/Riding w/Traffic,NO IMPROPER ACTIONS,ON ROADWAY NOT AT CROSSWALK,N/A,MIXED CLOTHING,No,POSSIBLE INJURY,39.00999167,-77.09724333,"(39.00999167, -77.09724333)"
MCP9130002R,16054530,Montgomery County Police,Injury Crash,10/23/2016 08:53:00 AM,,,,,"PARKING LOT OF TRADER JOES 
10741 COLUMBIA PIKE
SILVER SPRING, MD 20901",,PEDESTRIAN,SINGLE VEHICLE,CLEAR,,DAYLIGHT,N/A,NONE DETECTED,NONE DETECTED,329DFE77-0DB1-4E97-8EF6-79B8B95B1227,PEDESTRIAN,Cross/Enter not at Intersection,NO IMPROPER ACTIONS,OTHER,NO PED. SIGNAL,DARK CLOTHING,No,POSSIBLE INJURY,39.031685,-77.00385,"(39.031685, -77.00385)"
MCP2347000B,16015117,Montgomery County Police,Injury Crash,03/28/2016 09:44:00 AM,County,GRACEFIELD RD,Other Public Roadway,CALVERTON BLVD,,N/A,PEDESTRIAN,OTHER,CLEAR,DRY,DAYLIGHT,STOP SIGN,N/A,NONE DETECTED,4CB5A2DD-5229-41D1-BE88-E5DC7A4BCE96,PEDESTRIAN,Cross/Enter at Intersection,DART DASH,AT INTERSECTION MARKED CROSSWALK,OTHER,N/A,Yes,SUSPECTED MINOR INJURY,39.04097167,-76.98741333,"(39.04097167, -76.98741333)"
MCP271700BS,170505237,Montgomery County Police,Injury Crash,05/01/2017 01:05:00 PM,County,ALTA VISTA RD,Maryland (State),OLD GEORGETOWN RD,,N/A,BICYCLIST,OTHER,CLEAR,DRY,DAYLIGHT,STOP SIGN,NONE DETECTED,NONE DETECTED,FF365E85-24CF-4BEE-AEC2-77F9AFE964DB,BICYCLIST,Cross/Enter at Intersection,FAILURE TO YIELD RIGHT OF WAY,ON ROADWAY AT CROSSWALK,NO PED. SIGNAL,MIXED CLOTHING,Yes,SUSPECTED MINOR INJURY,39.00650933,-77.11167067,"(39.00650933, -77.11167067)"
MCP2757001K,17005896,Montgomery County Police,Injury Crash,02/03/2017 04:57:00 AM,Maryland (State),GEORGIA AVE,County,RANDOLPH RD,,N/A,PEDESTRIAN,SINGLE VEHICLE,CLEAR,DRY,DARK LIGHTS ON,TRAFFIC SIGNAL,NONE DETECTED,NONE DETECTED,B09B25D9-5D5C-429C-B39E-FC5AE27013E4,PEDESTRIAN,Cross/Enter at Intersection,DART DASH,ON ROADWAY NOT AT CROSSWALK,DISOBEYED PED. SIGNAL,MIXED CLOTHING,Yes,SUSPECTED MINOR INJURY,39.0580305,-77.04965785,"(39.0580305, -77.04965785)"
MCP3126000C,180012207,Montgomery County Police,Injury Crash,03/10/2018 04:30:00 PM,,,,,PARKING LOT AT 19411 BRASSIE PLACE,,PEDESTRIAN,SINGLE VEHICLE,UNKNOWN,,DAYLIGHT,N/A,UNKNOWN,UNKNOWN,DC126F32-ECF9-4464-97DE-3EE1903A9524,PEDESTRIAN,Other,UNKNOWN,SIDEWALK,N/A,N/A,No,POSSIBLE INJURY,39.17836,-77.23833,"(39.17836, -77.23833)"
MCP3150000C,180018782,Montgomery County Police,Injury Crash,04/17/2018 06:39:00 PM,,,,,INSIDE PARKING GARAGE LOCATED AT 1215 E. WEST HIGHWAY,,PEDESTRIAN,OTHER,CLEAR,,DARK LIGHTS ON,NO CONTROLS,N/A,N/A,622C85B5-9821-402E-B3AC-057EADEA8017,PEDESTRIAN,Other,OTHER,OTHER,NO PED. SIGNAL,LIGHT CLOTHING,No,SUSPECTED MINOR INJURY,38.99133833,-77.03088333,"(38.99133833, -77.03088333)"
MCP2866001J,15042115,MONTGOMERY,Injury Crash,08/22/2015 04:58:00 PM,County,TUCKERMAN LA,County,MONTROSE AVE,,N/A,BICYCLIST,STRAIGHT MOVEMENT ANGLE,CLEAR,DRY,DAYLIGHT,STOP SIGN,NONE DETECTED,NONE DETECTED,56E02D29-11B2-4D99-9FDF-405A71DE190C,BICYCLIST,Cross/Enter at Intersection,NO IMPROPER ACTIONS,AT INTERSECTION MARKED CROSSWALK,NO PED. SIGNAL,DARK CLOTHING,No,POSSIBLE INJURY,39.02618333,-77.10142833,"(39.02618333, -77.10142833)"
MCP2951002D,170522394,Montgomery County Police,Injury Crash,08/01/2017 08:45:00 PM,,,,,N LEISURE WORLD BLVD AND TWIN BRANCHES DR,,PEDESTRIAN,OTHER,N/A,,DARK LIGHTS ON,NO CONTROLS,NONE DETECTED,NONE DETECTED,CDF84BF1-48F5-4519-8563-C8ACBFCF4B53,PEDESTRIAN,Cross/Enter at Intersection,NO IMPROPER ACTIONS,ON ROADWAY AT CROSSWALK,OBEYED PED. SIGNAL,UNKNOWN,No,POSSIBLE INJURY,39.10769717,-77.072951,"(39.10769717, -77.072951)"
MCP20390025,16063584,Montgomery County Police,Injury Crash,12/11/2016 12:47:00 PM,,,,,14000 GEORGIA AVENUE PARKING LOT (HOME DEPOT),,PEDESTRIAN,STRAIGHT MOVEMENT ANGLE,CLOUDY,,DAYLIGHT,NO CONTROLS,N/A,N/A,DEABE90D-EE71-4167-96F2-78B0BB4F17C7,PEDESTRIAN,Walking/Riding w/Traffic,NO IMPROPER ACTIONS,OTHER,NO PED. SIGNAL,DARK CLOTHING,No,POSSIBLE INJURY,39.058435,-77.04802667,"(39.058435, -77.04802667)"
MCP1301000J,16006794,Montgomery County Police,Injury Crash,02/09/2016 06:35:00 PM,Maryland (State),RIDGE RD,County,HOFFMAN DR,,N/A,PEDESTRIAN,SINGLE VEHICLE,CLOUDY,N/A,DARK LIGHTS ON,N/A,NONE DETECTED,UNKNOWN,8FC1768C-9775-4456-9EFB-4F2C5427A9FF,PEDESTRIAN,Unknown,DISABLED VEHICLE RELATED,SHOULDER,NO PED. SIGNAL,REFLECTIVE MATERIAL,Unknown,SUSPECTED SERIOUS INJURY,39.25131469,-77.23219156,"(39.25131469, -77.23219156)"
MCP3029000C,17011842,Montgomery County Police,Injury Crash,03/06/2017 03:35:00 PM,County,HANNES ST,County,HANNES CT,,N/A,PEDESTRIAN,N/A,CLEAR,DRY,DAYLIGHT,NO CONTROLS,NONE DETECTED,NONE DETECTED,368DD248-0A1B-44E9-96B4-127D7DA23F11,PEDESTRIAN,Cross/Enter not at Intersection,DART DASH,ON ROADWAY NOT AT CROSSWALK,NO PED. SIGNAL,N/A,Yes,POSSIBLE INJURY,39.03252253,-77.01897204,"(39.03252253, -77.01897204)"
MCP30040009,16002262,Montgomery County Police,Injury Crash,01/12/2016 10:20:00 PM,,,,,THE EXIT OF THE PARKING GARAGE ON WOODGLEN DRIVE,,BICYCLIST,OTHER,CLEAR,,DARK -- UNKNOWN LIGHTING,N/A,NONE DETECTED,UNKNOWN,CE89B5DD-EA02-477A-BB72-66E117D8BED9,BICYCLIST,Walking/Cycling on Sidewalk,NOT VISIBLE,SIDEWALK,NO PED. SIGNAL,UNKNOWN,Yes,SUSPECTED MINOR INJURY,39.04197687,-77.11324498,"(39.04197687, -77.11324498)"
EJ78370016,16055702,Gaithersburg Police Depar,Injury Crash,10/29/2016 06:35:00 AM,Maryland (State),QUINCE ORCHARD RD,Other Public Roadway,MCDONALD CHAPEL DR,,N/A,PEDESTRIAN,SINGLE VEHICLE,N/A,DRY,DARK NO LIGHTS,TRAFFIC SIGNAL,N/A,N/A,DEE2BC25-0DB0-4DAB-99E3-AC5AB7DB3E1B,PEDESTRIAN,Cross/Enter at Intersection,UNKNOWN,ON ROADWAY NOT AT CROSSWALK,DISOBEYED PED. SIGNAL,DARK CLOTHING,Yes,SUSPECTED MINOR INJURY,39.11978638,-77.25077994,"(39.11978638, -77.25077994)"