Report Number,Local Case Number,Agency Name,ACRS Report Type,Crash Date/Time,Route Type,Road Name,Cross-Street Type,Cross-Street Name,Off-Road Description,Municipality,Related Non-Motorist,Collision Type,Weather,Surface Condition,Light,Traffic Control,Driver Substance Abuse,Non-Motorist Substance Abuse,Person ID,Pedestrian Type,Pedestrian Movement,Pedestrian Actions,Pedestrian Location,Pedestrian Obeyed Traffic Signal,Pedestrian Visibility,At Fault,Injury Severity,Latitude,Longitude,Location
MCP2087000K,16061603,Montgomery County Police,Injury Crash,12/01/2016 06:51:00 AM,Maryland (State),VEIRS MILL RD,County,CENTERHILL ST,,N/A,PEDESTRIAN,OTHER,CLEAR,DRY,DARK LIGHTS ON,NO CONTROLS,NONE DETECTED,NONE DETECTED,5273D124-E7F5-43BF-A965-7A906CC16AF2,PEDESTRIAN,Cross/Enter at Intersection,DART DASH,ON ROADWAY NOT AT CROSSWALK,NO PED. SIGNAL,DARK CLOTHING,Yes,SUSPECTED SERIOUS INJURY,39.05046833,-77.07252167,"(39.05046833, -77.07252167)"
MCP2928000N,15033174,MONTGOMERY,Injury Crash,07/07/2015 11:40:00 AM,,,,,IN THE PARKING LOT OF THE 7 ELEVEN,,PEDESTRIAN,SINGLE VEHICLE,CLEAR,,DAYLIGHT,NO CONTROLS,NONE DETECTED,NONE DETECTED,05AC91E6-2255-4FC1-B3A4-A47F4A9784C2,PEDESTRIAN,Walking/Cycling on Sidewalk,UNKNOWN,AT INTERSECTION MARKED CROSSWALK,NO PED. SIGNAL,DARK CLOTHING,Unknown,POSSIBLE INJURY,39.02021333,-77.013595,"(39.02021333, -77.013595)"
MCP2898001Z,17000640,Montgomery County Police,Injury Crash,01/04/2017 05:26:00 PM,Maryland (State),GERMANTOWN RD,County,BOWMAN MILL RD,,N/A,PEDESTRIAN,SAME DIRECTION LEFT TURN,CLEAR,DRY,DARK LIGHTS ON,NO CONTROLS,N/A,N/A,1C5325F2-A4A7-4240-990E-9D011078EC2D,PEDESTRIAN,Cross/Enter at Intersection,NO IMPROPER ACTIONS,AT INTERSECTION BUT NO CROSSWALK,NO PED. SIGNAL,MIXED CLOTHING,Yes,POSSIBLE INJURY,39.17548167,-77.27230167,"(39.17548167, -77.27230167)"
MCP3007001L,170503359,Montgomery County Police,Injury Crash,04/21/2017 02:20:00 PM,Maryland (State),NEW HAMPSHIRE AVE,County,BONIFANT RD,,N/A,PEDESTRIAN,SINGLE VEHICLE,N/A,WET,DAYLIGHT,TRAFFIC SIGNAL,N/A,NONE DETECTED,0288B69A-4BC5-4447-9F0C-5CE2F33D1ACD,PEDESTRIAN,Cross/Enter at Intersection,NO IMPROPER ACTIONS,AT INTERSECTION MARKED CROSSWALK,OBEYED PED. SIGNAL,LIGHT CLOTHING,No,POSSIBLE INJURY,39.09600561,-77.00209558,"(39.09600561, -77.00209558)"
MCP1378006W,15033452,MONTGOMERY,Injury Crash,07/08/2015 05:26:00 PM,Maryland (State),MONTGOMERY VILLAGE AVE,Maryland (State),FREDERICK RD,,N/A,BICYCLIST,STRAIGHT MOVEMENT ANGLE,CLEAR,DRY,DAYLIGHT,TRAFFIC SIGNAL,UNKNOWN,NONE DETECTED,EE80C96A-F432-48CC-9EF1-D4B82A18E8A7,BICYCLIST,Cross/Enter at Intersection,NO IMPROPER ACTIONS,ON ROADWAY AT CROSSWALK,UNKNOWN,DARK CLOTHING,No,SUSPECTED MINOR INJURY,39.15345833,-77.21257,"(39.15345833, -77.21257)"
MCP1366004D,16014186,Montgomery County Police,Injury Crash,03/23/2016 07:52:00 AM,County,POSTOAK RD,County,MILBERN DR,,N/A,PEDESTRIAN,STRAIGHT MOVEMENT ANGLE,CLEAR,DRY,DAWN,STOP SIGN,NONE DETECTED,NONE DETECTED,30DE92F8-896F-4E46-A981-C98E2EC008EC,PEDESTRIAN,Cross/Enter at Intersection,NO IMPROPER ACTIONS,ON ROADWAY AT CROSSWALK,NO PED. SIGNAL,MIXED CLOTHING,No,SUSPECTED SERIOUS INJURY,39.05091857,-77.17730284,"(39.05091857, -77.17730284)"
MCP20080023,16019246,Montgomery County Police,Injury Crash,04/19/2016 05:38:00 PM,Maryland (State),OLD GEORGETOWN RD,Ramp,RAMP 2 FR IS 270 WB TO MD 187 NB,,N/A,BICYCLIST,STRAIGHT MOVEMENT ANGLE,CLEAR,DRY,DAYLIGHT,YIELD SIGN,NONE DETECTED,NONE DETECTED,1DAE1FA4-230D-48D5-BCB7-C0994A7651D1,BICYCLIST,Cross/Enter at Intersection,DART DASH,AT INTERSECTION MARKED CROSSWALK,NO PED. SIGNAL,LIGHT CLOTHING,Yes,POSSIBLE INJURY,39.03156667,-77.1259,"(39.03156667, -77.1259)"
MCP0899001Z,17013122,Montgomery County Police,Injury Crash,03/13/2017 03:22:00 PM,County,ARLINGTON RD,County,EDGEMOOR LA,,N/A,PEDESTRIAN,OTHER,CLOUDY,DRY,DAYLIGHT,TRAFFIC SIGNAL,NONE DETECTED,NONE DETECTED,D3947630-E932-4C6D-84A7-A9A0A1265387,PEDESTRIAN,Cross/Enter at Intersection,NO IMPROPER ACTIONS,AT INTERSECTION MARKED CROSSWALK,OBEYED PED. SIGNAL,LIGHT CLOTHING,No,SUSPECTED MINOR INJURY,38.9846992,-77.09866047,"(38.9846992, -77.09866047)"
DD5527000S,16053298,Rockville Police Departme,Injury Crash,10/17/2016 08:37:00 AM,Maryland (State),FIRST ST,Maryland (State),VEIRS MILL RD,,N/A,BICYCLIST,OTHER,CLEAR,DRY,DAYLIGHT,TRAFFIC SIGNAL,NONE DETECTED,NONE DETECTED,784B4144-7D1E-43E9-B412-0148E5B0062F,BICYCLIST,Cross/Enter at Intersection,NO IMPROPER ACTIONS,ON ROADWAY AT CROSSWALK,OBEYED PED. SIGNAL,MIXED CLOTHING,No,SUSPECTED MINOR INJURY,39.07942833,-77.13807833,"(39.07942833, -77.13807833)"
DD56210001,16044450,Rockville Police Departme,Injury Crash,08/31/2016 03:35:00 PM,Maryland (State),ROCKVILLE PIKE,Unknown,DIRECTIONAL CROSSOVER,,N/A,PEDESTRIAN,OTHER,CLEAR,DRY,DAYLIGHT,NO CONTROLS,NONE DETECTED,NONE DETECTED,E442BD0B-44FF-4E01-B85B-782F2CCCF5CF,PEDESTRIAN,Cross/Enter not at Intersection,IN ROADWAY IMPROPERLY,ON ROADWAY NOT AT CROSSWALK,NO PED. SIGNAL,MIXED CLOTHING,Yes,SUSPECTED MINOR INJURY,39.05963317,-77.12222636,"(39.05963317, -77.12222636)"
MCP2274001J,170519122,Montgomery County Police,Injury Crash,07/14/2017 04:57:00 PM,,,,,"PARKING LOT OF 455 N. FREDERICK AVE, GAITHERSBURG, MONTGOMERY COUTNY, MARYLAND",,BICYCLIST,STRAIGHT MOVEMENT ANGLE,CLOUDY,,DAYLIGHT,NO CONTROLS,NONE DETECTED,NONE DETECTED,79FA7296-98DD-4755-85CF-461003B40A90,BICYCLIST,Walking/Cycling on Sidewalk,NO IMPROPER ACTIONS,SIDEWALK,NO PED. SIGNAL,MIXED CLOTHING,No,SUSPECTED MINOR INJURY,39.14836833,-77.206515,"(39.14836833, -77.206515)"
MCP3050000C,17007929,Montgomery County Police,Injury Crash,02/13/2017 07:00:00 PM,Other Public Roadway,GLENMONT CIR #1,Other Public Roadway,GLENMONT CIR #2,,N/A,PEDESTRIAN,SINGLE VEHICLE,OTHER,DRY,DARK LIGHTS ON,NO CONTROLS,NONE DETECTED,NONE DETECTED,82C88819-8BAF-4971-9F79-19D468324430,PEDESTRIAN,Other,NO IMPROPER ACTIONS,OTHER,NO PED. SIGNAL,MIXED CLOTHING,No,SUSPECTED SERIOUS INJURY,39.05893754,-77.04736322,"(39.05893754, -77.04736322)"
MCP2094008J,170509552,Montgomery County Police,Injury Crash,05/24/2017 07:44:00 AM,County,WESTBARD AVE,Other Public Roadway,WESTBARD CIR,,N/A,PEDESTRIAN,OTHER,CLOUDY,WET,DAYLIGHT,NO CONTROLS,NONE DETECTED,NONE DETECTED,48D59A83-9A90-40BF-894A-2B602162B679,PEDESTRIAN,Approach/Leaving Schoolbus,NO IMPROPER ACTIONS,ON ROADWAY AT CROSSWALK,NO PED. SIGNAL,MIXED CLOTHING,No,SUSPECTED SERIOUS INJURY,38.96474476,-77.10705176,"(38.96474476, -77.10705176)"
MCP1433000Z,170501466,Montgomery County Police,Injury Crash,04/10/2017 03:15:00 PM,Municipality,RIO BLVD,County,FIELDS RD,,N/A,PEDESTRIAN,OTHER,CLEAR,DRY,DAYLIGHT,NO CONTROLS,UNKNOWN,NONE DETECTED,9CCA831D-1C3A-4A13-BDEA-22027F6F1CD4,PEDESTRIAN,Standing,OTHER,OTHER,N/A,MIXED CLOTHING,Yes,POSSIBLE INJURY,39.115397,-77.204342,"(39.115397, -77.204342)"
MCP2363000B,15008007,Montgomery County Police,Fatal Crash,02/18/2015 11:16:00 AM,County,CRESTHAVEN DR,County,DEVERE DR,,N/A,PEDESTRIAN,OTHER,CLEAR,DRY,DAYLIGHT,NO CONTROLS,ALCOHOL PRESENT,UNKNOWN,1D48AAD0-93CB-4FE6-9D0C-87EEE153A101,PEDESTRIAN,Standing,NO IMPROPER ACTIONS,CURB,N/A,N/A,No,FATAL INJURY,39.021585,-76.987954,"(39.021585, -76.987954)"
MCP2353001M,15051167,MONTGOMERY,Injury Crash,10/09/2015 07:02:00 AM,Maryland (State),EAST WEST HWY,County,GRUBB RD,,N/A,PEDESTRIAN,SINGLE VEHICLE,RAINING,WET,DARK NO LIGHTS,TRAFFIC SIGNAL,NONE DETECTED,NONE DETECTED,75A1726C-10A2-4153-A38B-878D60AA0C68,PEDESTRIAN,Cross/Enter at Intersection,NO IMPROPER ACTIONS,AT INTERSECTION MARKED CROSSWALK,OBEYED PED. SIGNAL,DARK CLOTHING,No,POSSIBLE INJURY,38.98339833,-77.09288333,"(38.98339833, -77.09288333)"
MCP2659000W,15056739,MONTGOMERY,Injury Crash,11/07/2015 03:30:00 AM,County,GRANDVIEW AVE,County,REEDIE DR,,N/A,PEDESTRIAN,OTHER,CLEAR,DRY,DARK LIGHTS ON,NO CONTROLS,UNKNOWN,ALCOHOL PRESENT,79B7E095-6A46-4534-98B7-9F0EC2D97F44,PEDESTRIAN,Other,INATTENTIVE,ON ROADWAY NOT AT CROSSWALK,NO PED. SIGNAL,DARK CLOTHING,Yes,POSSIBLE INJURY,39.03918167,-77.05237833,"(39.03918167, -77.05237833)"
MCP2394001V,16001446,Montgomery County Police,Injury Crash,01/08/2016 06:02:00 PM,Municipality,MARYLAND AVE,Municipality,E MONTGOMERY AVE AT COURTHOUSE SQ,,ROCKVILLE,PEDESTRIAN,OTHER,RAINING,WET,DARK LIGHTS ON,STOP SIGN,NONE DETECTED,NONE DETECTED,6EDEA387-E028-4B32-809D-867F6DBC586B,PEDESTRIAN,Cross/Enter at Intersection,NOT VISIBLE,UNKNOWN,NO PED. SIGNAL,MIXED CLOTHING,Yes,POSSIBLE INJURY,39.08402667,-77.15109667,"(39.08402667, -77.15109667)"
DD5583000N,15041103,ROCKVILLE,Injury Crash,08/17/2015 01:28:00 PM,,,,,PARKING LOT OF THE GIANT FOODS 625 HUNGERFORD DR ROCKVILLE,,PEDESTRIAN,SINGLE VEHICLE,CLEAR,,DAYLIGHT,N/A,NONE DETECTED,NONE DETECTED,8AAF039C-42B9-43F7-9666-A6F1FDDF0A76,PEDESTRIAN,Other,NO IMPROPER ACTIONS,OTHER,N/A,MIXED CLOTHING,No,SUSPECTED MINOR INJURY,39.09248235,-77.15241194,"(39.09248235, -77.15241194)"
MCP9106000R,16001755,Montgomery County Police,Injury Crash,01/10/2016 12:06:00 PM,,,,,PARKING LOT OF 20902 FREDERICK RD,,PEDESTRIAN,SINGLE VEHICLE,RAINING,,DAYLIGHT,N/A,NONE DETECTED,NONE DETECTED,0B57A94E-021C-4AD1-9943-DF1F47638315,PEDESTRIAN,Other,NO IMPROPER ACTIONS,OTHER,N/A,LIGHT CLOTHING,No,POSSIBLE INJURY,39.199015,-77.24625833,"(39.199015, -77.24625833)"
MCP1205001L,15059306,MONTGOMERY,Injury Crash,11/20/2015 01:36:00 PM,,,,,Parking area of 7851 Old Georgetown Road.,,PEDESTRIAN,OTHER,CLEAR,,DAYLIGHT,N/A,NONE DETECTED,NONE DETECTED,742381F1-6DE6-42A6-B5F0-312A65D25D6C,PEDESTRIAN,Other,NO IMPROPER ACTIONS,OTHER,N/A,MIXED CLOTHING,No,SUSPECTED MINOR INJURY,38.98836856,-77.10028052,"(38.98836856, -77.10028052)"
DD5617000Q,17012078,Rockville Police Departme,Injury Crash,03/07/2017 07:56:00 PM,County,TWINBROOK PKWY,Maryland (State),VEIRS MILL RD,,N/A,PEDESTRIAN,OTHER,RAINING,WET,DARK LIGHTS ON,TRAFFIC SIGNAL,NONE DETECTED,NONE DETECTED,89CDE1DF-3947-4DE1-BD6A-222BC9301A60,PEDESTRIAN,Cross/Enter at Intersection,NO IMPROPER ACTIONS,AT INTERSECTION MARKED CROSSWALK,OBEYED PED. SIGNAL,DARK CLOTHING,No,POSSIBLE INJURY,39.07336938,-77.11198837,"(39.07336938, -77.11198837)"
MCP24270004,16006138,Montgomery County Police,Injury Crash,02/05/2016 09:30:00 PM,County,MAYOR LA,County,SLIGO AVE,,N/A,PEDESTRIAN,SINGLE VEHICLE,CLEAR,DRY,DARK LIGHTS ON,NO CONTROLS,UNKNOWN,N/A,56AC267D-1468-4F07-BC6F-873F2BE8442C,PEDESTRIAN,Cross/Enter not at Intersection,OTHER,OTHER,N/A,DARK CLOTHING,Yes,POSSIBLE INJURY,38.99231917,-77.02590019,"(38.99231917, -77.02590019)"
MCP3004000C,16007966,Montgomery County Police,Injury Crash,02/17/2016 12:39:00 PM,,,,,"10401 GROSVENOR PLACE ROCKVILLE, MD 20852
INCIDENT OCCURED IN GROSVENOR MARKET'S  PARKING LOT",,PEDESTRIAN,OTHER,CLEAR,,DAYLIGHT,N/A,NONE DETECTED,NONE DETECTED,6E807B2D-C0E7-48E9-A07E-B5AEFDF4B9B7,PEDESTRIAN,Other,NOT VISIBLE,OTHER,NO PED. SIGNAL,MIXED CLOTHING,No,SUSPECTED MINOR INJURY,39.02716042,-77.10655689,"(39.02716042, -77.10655689)"
MCP0704000F,15006634,Montgomery County Police,Injury Crash,02/09/2015 08:20:00 PM,County,WOODMONT AVE,County,HAMPDEN LA,,N/A,PEDESTRIAN,SINGLE VEHICLE,RAINING,WET,DARK LIGHTS ON,N/A,NONE DETECTED,NONE DETECTED,0411D836-4E7E-41EF-A50B-5118BC972717,PEDESTRIAN,Cross/Enter at Intersection,NO IMPROPER ACTIONS,ON ROADWAY AT CROSSWALK,OBEYED PED. SIGNAL,DARK CLOTHING,,POSSIBLE INJURY,38.982665,-77.09581333,"(38.982665, -77.09581333)"
MCP26120018,15059112,MONTGOMERY,Injury Crash,11/19/2015 02:47:00 PM,County,INTERNATIONAL DR,Maryland (State),GEORGIA AVE,,N/A,PEDESTRIAN,SINGLE VEHICLE,RAINING,WET,DAYLIGHT,STOP SIGN,NONE DETECTED,NONE DETECTED,B3EB9EB8-302D-46D9-B0A0-F55C50235E28,PEDESTRIAN,Cross/Enter at Intersection,IN ROADWAY IMPROPERLY,ON ROADWAY NOT AT CROSSWALK,NO PED. SIGNAL,MIXED CLOTHING,Yes,SUSPECTED MINOR INJURY,39.10398167,-77.07608667,"(39.10398167, -77.07608667)"
MCP12210021,16008834,Montgomery County Police,Injury Crash,02/22/2016 09:57:00 AM,,,,,PARKING LOT OF 17051 OAKMONT ST,,PEDESTRIAN,SINGLE VEHICLE,N/A,,DAYLIGHT,NO CONTROLS,NONE DETECTED,NONE DETECTED,460563A4-8B48-4287-8A4C-118B97FDCFD9,PEDESTRIAN,Getting off/on Vehicle,NOT VISIBLE,OTHER,N/A,MIXED CLOTHING,No,SUSPECTED MINOR INJURY,39.13657667,-77.17938833,"(39.13657667, -77.17938833)"
MCP2656002V,180017252,Montgomery County Police,Injury Crash,04/09/2018 03:55:00 PM,,,,,PARKING LOT OF 11271 NEW HAMPSHIRE AVENUE,,PEDESTRIAN,OTHER,N/A,,DAYLIGHT,N/A,N/A,N/A,CDEBB515-229C-4191-AEEA-CB759945E608,PEDESTRIAN,Other,OTHER,OTHER,N/A,LIGHT CLOTHING,Yes,POSSIBLE INJURY,39.04141333,-76.98998167,"(39.04141333, -76.98998167)"
MCP3115000N,180019892,Montgomery County Police,Injury Crash,04/23/2018 04:40:00 PM,County,BRIGGS CHANEY RD,County,CASTLE BLVD,,N/A,PEDESTRIAN,OTHER,N/A,N/A,DAYLIGHT,N/A,N/A,N/A,9140AED0-B8E6-4BF9-936F-1BF85942F587,PEDESTRIAN,Other,NOT VISIBLE,OTHER,N/A,N/A,Unknown,SUSPECTED MINOR INJURY,39.08154092,-76.94640219,"(39.08154092, -76.94640219)"
MCP29520068,180018025,Montgomery County Police,Property Damage Crash,04/13/2018 11:31:00 AM,County,FENTON ST,County,NEW YORK AVE,,N/A,BICYCLIST,SAME DIRECTION SIDESWIPE,CLEAR,DRY,DAYLIGHT,STOP SIGN,NONE DETECTED,NONE DETECTED,3B61D3EE-E5A2-42A7-8587-ABBE349AA26A,BICYCLIST,Walking/Riding w/Traffic,NO IMPROPER ACTIONS,ON ROADWAY NOT AT CROSSWALK,NO PED. SIGNAL,LIGHT CLOTHING,No,NO APPARENT INJURY,38.98573331,-77.02293634,"(38.98573331, -77.02293634)"
EJ78260039,180019484,Gaithersburg Police Depar,Injury Crash,04/21/2018 09:38:00 AM,County,SAM EIG HWY,Maryland (State),GREAT SENECA HWY,,N/A,OTHER,SAME DIR REAR END,CLEAR,DRY,DAYLIGHT,N/A,N/A,N/A,56398B86-40CD-4A83-9A6C-0475D8A1B41B,OTHER,Other Working,NO IMPROPER ACTIONS,ON ROADWAY NOT AT CROSSWALK,N/A,REFLECTIVE MATERIAL,No,POSSIBLE INJURY,39.10968,-77.211745,"(39.10968, -77.211745)"
MCP3099000K,180019584,Montgomery County Police,Injury Crash,04/21/2018 07:00:00 PM,,,,,"PARKING LOT IN FRONT OF 13002 COUNTRY RIDGE DRIVE, GERMANTOWN",,PEDESTRIAN,OTHER,CLEAR,,DAYLIGHT,NO CONTROLS,NONE DETECTED,NONE DETECTED,B4E785D5-BF6E-4BB7-A766-5CC6B67FBC85,PEDESTRIAN,Playing,IN ROADWAY IMPROPERLY,ON ROADWAY NOT AT CROSSWALK,NO PED. SIGNAL,UNKNOWN,Yes,POSSIBLE INJURY,39.18398618,-77.26866961,"(39.18398618, -77.26866961)"
MCP2008003R,170509660,Montgomery County Police,Injury Crash,05/24/2017 05:18:00 PM,County,LONE OAK DR,Maryland (State),OLD GEORGETOWN RD,,N/A,BICYCLIST,STRAIGHT MOVEMENT ANGLE,CLOUDY,DRY,DAYLIGHT,TRAFFIC SIGNAL,NONE DETECTED,NONE DETECTED,A6849E6F-4821-41AD-912A-2820802F5CBC,BICYCLIST,Cross/Enter at Intersection,FAILURE TO OBEY TRAFFIC SIGNS SIGNALS OR OFFICER,AT INTERSECTION MARKED CROSSWALK,DISOBEYED PED. SIGNAL,LIGHT CLOTHING,Yes,SUSPECTED MINOR INJURY,39.020575,-77.12265667,"(39.020575, -77.12265667)"
MCP1563002N,16043196,Montgomery County Police,Property Damage Crash,08/25/2016 11:15:00 AM,Municipality,PINE PL,Municipality,MAPLE AVE,,CHEVY CHASE #4,BICYCLIST,STRAIGHT MOVEMENT ANGLE,CLEAR,DRY,DAYLIGHT,NO CONTROLS,NONE DETECTED,NONE DETECTED,CFC78374-98B4-4C6F-919A-5109867C124B,BICYCLIST,Walking/Cycling on Sidewalk,NO IMPROPER ACTIONS,SIDEWALK,NO PED. SIGNAL,UNKNOWN,No,NO APPARENT INJURY,38.97712167,-77.08058,"(38.97712167, -77.08058)"
HA22880003,16001149,Maryland-National Capital,Injury Crash,09/08/2016 07:20:00 AM,,LITTLE FALLS PKWY,,ARLINGTON ROAD,,N/A,BICYCLIST,STRAIGHT MOVEMENT ANGLE,N/A,DRY,DAYLIGHT,YIELD SIGN,N/A,N/A,3AACDD70-A5CB-4803-9704-8E40DA7353F8,BICYCLIST,Cross/Enter at Intersection,NO IMPROPER ACTIONS,AT INTERSECTION MARKED CROSSWALK,OBEYED PED. SIGNAL,N/A,No,SUSPECTED MINOR INJURY,39.00101833,-77.08166833,"(39.00101833, -77.08166833)"
MCP2765001J,15039834,MONTGOMERY,Injury Crash,08/10/2015 06:49:00 PM,County,GAINSBOROUGH RD,County,TUCKERMAN LA,,N/A,PEDESTRIAN,SINGLE VEHICLE,CLEAR,DRY,DAYLIGHT,TRAFFIC SIGNAL,NONE DETECTED,NONE DETECTED,1235B49F-C91B-4057-A1A2-3BF40BD54118,PEDESTRIAN,Cross/Enter at Intersection,INATTENTIVE,ON ROADWAY AT CROSSWALK,OBEYED PED. SIGNAL,MIXED CLOTHING,No,POSSIBLE INJURY,39.040995,-77.17249833,"(39.040995, -77.17249833)"
MCP2546001T,16044530,Montgomery County Police,Fatal Crash,08/31/2016 08:56:00 PM,County,BELLS MILL RD,County,WINDSOR VIEW DR,,N/A,PEDESTRIAN,SINGLE VEHICLE,CLEAR,DRY,DARK LIGHTS ON,NO CONTROLS,NONE DETECTED,NONE DETECTED,55E8013F-BBD5-47C9-92F4-271155DC776D,PEDESTRIAN,Walking/Riding against Traffic,IN ROADWAY IMPROPERLY,ON ROADWAY NOT AT CROSSWALK,NO PED. SIGNAL,LIGHT CLOTHING,Unknown,FATAL INJURY,39.030582,-77.174473,"(39.030582, -77.174473)"
MCP1123001D,16056831,Montgomery County Police,Injury Crash,11/04/2016 06:16:00 AM,Maryland (State),UNIVERSITY BLVD W,County,INWOOD AVE,,N/A,PEDESTRIAN,SINGLE VEHICLE,CLEAR,DRY,DARK LIGHTS ON,TRAFFIC SIGNAL,UNKNOWN,NONE DETECTED,02EB5EA1-D1E4-412C-A02A-DF3FB8C15212,PEDESTRIAN,Cross/Enter at Intersection,FAILURE TO YIELD RIGHT OF WAY,AT INTERSECTION MARKED CROSSWALK,DISOBEYED PED. SIGNAL,MIXED CLOTHING,Yes,SUSPECTED SERIOUS INJURY,39.03623167,-77.03778167,"(39.03623167, -77.03778167)"
DD5593001W,16004967,Rockville Police Departme,Injury Crash,01/30/2016 07:15:00 PM,,,,,"PARKING LOT OF 15136 FREDERICK RD (ADVANCE AUTO), ROCKVILLE, MD",,PEDESTRIAN,HEAD ON LEFT TURN,CLEAR,,DARK LIGHTS ON,N/A,UNKNOWN,NONE DETECTED,85943060-F96A-446D-BD1C-E4C02AE4D87B,PEDESTRIAN,Other,NO IMPROPER ACTIONS,OTHER,NO PED. SIGNAL,MIXED CLOTHING,No,POSSIBLE INJURY,39.10419167,-77.15767333,"(39.10419167, -77.15767333)"
MCP2588002W,170519407,Montgomery County Police,Property Damage Crash,07/16/2017 01:15:00 PM,County,RUSSETT RD,County,BAUER DR,,N/A,BICYCLIST,OTHER,CLEAR,DRY,DAYLIGHT,STOP SIGN,NONE DETECTED,NONE DETECTED,CF5AF66F-5316-442F-994E-4ECF7BBD4596,BICYCLIST,Cross/Enter at Intersection,FAILURE TO YIELD RIGHT OF WAY,ON ROADWAY AT CROSSWALK,N/A,DARK CLOTHING,Yes,NO APPARENT INJURY,39.05841167,-77.04803833,"(39.05841167, -77.04803833)"
MCP2708001D,16045389,Montgomery County Police,Injury Crash,09/05/2016 04:13:00 PM,County,CARROLL AVE,Maryland (State),PINEY BRANCH RD,,N/A,BICYCLIST,SAME DIRECTION RIGHT TURN,CLEAR,DRY,DAYLIGHT,TRAFFIC SIGNAL,UNKNOWN,NONE DETECTED,C3A1DCBA-5FE5-480C-A249-CA8E10C6BD56,BICYCLIST,Walking/Cycling on Sidewalk,N/A,ON ROADWAY AT CROSSWALK,UNKNOWN,MIXED CLOTHING,Yes,POSSIBLE INJURY,38.99983,-76.99064,"(38.99983, -76.99064)"
MCP2246000C,15005075,Montgomery County Police,Property Damage Crash,01/31/2015 07:11:00 PM,,,,,parking lot of 8010 Fenton Street,,OTHER,OTHER,CLEAR,,DARK LIGHTS ON,N/A,ALCOHOL PRESENT,N/A,74ED8AC5-0707-44A1-9C58-A0DA78F3BB3C,OTHER,N/A,NO IMPROPER ACTIONS,SIDEWALK,N/A,N/A,,NO APPARENT INJURY,38.98996968,-77.02413797,"(38.98996968, -77.02413797)"
MCP93100004,16043509,Montgomery County Police,Property Damage Crash,08/26/2016 08:30:00 PM,County,CONNECTICUT AVE,County,BEL PRE RD,,N/A,PEDESTRIAN,OTHER,CLEAR,DRY,DARK LIGHTS ON,TRAFFIC SIGNAL,NONE DETECTED,NONE DETECTED,C34C652D-50F7-41FA-9A4D-DAA0BF307DC9,PEDESTRIAN,Cross/Enter at Intersection,UNKNOWN,ON ROADWAY AT CROSSWALK,UNKNOWN,MIXED CLOTHING,No,NO APPARENT INJURY,39.09172833,-77.070555,"(39.09172833, -77.070555)"
MCP1148001K,17004291,Montgomery County Police,Injury Crash,01/25/2017 09:10:00 AM,Maryland (State),MASSACHUSETTS AVE,County,JAMESTOWN RD,,N/A,PEDESTRIAN,SINGLE VEHICLE,CLEAR,DRY,DAYLIGHT,STOP SIGN,NONE DETECTED,NONE DETECTED,D09B76CF-03B0-4086-8CF0-1BB68496C75F,PEDESTRIAN,Cross/Enter at Intersection,NO IMPROPER ACTIONS,ON ROADWAY AT CROSSWALK,NO PED. SIGNAL,MIXED CLOTHING,No,SUSPECTED MINOR INJURY,38.95164167,-77.10223667,"(38.95164167, -77.10223667)"
MCP2864002D,17003509,Montgomery County Police,Property Damage Crash,01/20/2017 04:08:00 PM,,,,,"PARKING LOT OF 6121 MONTROSE RD ROCKVILLE, MD",,PEDESTRIAN,OTHER,CLOUDY,,DAYLIGHT,NO CONTROLS,UNKNOWN,NONE DETECTED,CC450BF9-0DF0-4808-A4EB-16CDF4475F6C,PEDESTRIAN,Push/Work on Vehicle,NO IMPROPER ACTIONS,OTHER,N/A,DARK CLOTHING,No,NO APPARENT INJURY,39.05304,-77.12270833,"(39.05304, -77.12270833)"
MCP14750015,170517250,Montgomery County Police,Injury Crash,07/04/2017 12:12:00 PM,County,LOST KNIFE RD,County,CONTOUR RD,,N/A,BICYCLIST,OTHER,CLEAR,DRY,DAYLIGHT,STOP SIGN,NONE DETECTED,NONE DETECTED,FF64A3F5-CB6A-4362-AAE4-D894AE003BDD,BICYCLIST,Walking/Riding against Traffic,WRONG WAY RIDING OR WALKING,ON ROADWAY NOT AT CROSSWALK,OTHER,MIXED CLOTHING,Yes,SUSPECTED MINOR INJURY,39.15500675,-77.20109403,"(39.15500675, -77.20109403)"
MCP2766002V,16052362,Montgomery County Police,Injury Crash,10/11/2016 07:05:00 PM,Maryland (State),GEORGIA AVE,County,ASPEN HILL RD,,N/A,OTHER CONVEYANCE,STRAIGHT MOVEMENT ANGLE,N/A,DRY,DARK LIGHTS ON,NO CONTROLS,NONE DETECTED,NONE DETECTED,58104640-BD0F-447B-AF92-E03A3416AA4D,OTHER CONVEYANCE,Walking/Riding against Traffic,INATTENTIVE,SIDEWALK,NO PED. SIGNAL,DARK CLOTHING,Yes,POSSIBLE INJURY,39.08200333,-77.077005,"(39.08200333, -77.077005)"