Report Number,Local Case Number,Agency Name,ACRS Report Type,Crash Date/Time,Route Type,Road Name,Cross-Street Type,Cross-Street Name,Off-Road Description,Municipality,Related Non-Motorist,Collision Type,Weather,Surface Condition,Light,Traffic Control,Driver Substance Abuse,Non-Motorist Substance Abuse,Person ID,Pedestrian Type,Pedestrian Movement,Pedestrian Actions,Pedestrian Location,Pedestrian Obeyed Traffic Signal,Pedestrian Visibility,At Fault,Injury Severity,Latitude,Longitude,Location
DD5508000L,15000253,Rockville Police Departme,Injury Crash,01/02/2015 11:51:00 AM,,,,,Parking Lot of 14939 Shady Grove Rd,,PEDESTRIAN,SINGLE VEHICLE,CLEAR,,DAYLIGHT,NO CONTROLS,NONE DETECTED,UNKNOWN,23EB05DF-B752-4D50-95A1-3E5A0371D899,PEDESTRIAN,Cross/Enter not at Intersection,IN ROADWAY IMPROPERLY,ON ROADWAY NOT AT CROSSWALK,NO PED. SIGNAL,MIXED CLOTHING,,POSSIBLE INJURY,39.09749501,-77.19245195,"(39.09749501, -77.19245195)"
MCP27530027,170504937,Montgomery County Police,Injury Crash,04/29/2017 01:42:00 PM,,,,,IN FRONT OF 3834 INTERNATIONAL DRIVE,,PEDESTRIAN,OTHER,CLEAR,,DAYLIGHT,NO CONTROLS,NONE DETECTED,NONE DETECTED,53376429-D91A-4848-B6C8-E9B2E4D8047B,PEDESTRIAN,Cross/Enter not at Intersection,UNKNOWN,ON ROADWAY NOT AT CROSSWALK,NO PED. SIGNAL,DARK CLOTHING,No,SUSPECTED MINOR INJURY,39.10255333,-77.07530833,"(39.10255333, -77.07530833)"
MCP2976002M,170517191,Montgomery County Police,Injury Crash,07/04/2017 11:13:00 AM,Maryland (State),GEORGIA AVE,County,FENWICK LA,,N/A,PEDESTRIAN,SINGLE VEHICLE,N/A,DRY,DARK LIGHTS ON,NO CONTROLS,NONE DETECTED,N/A,43E53763-101B-4553-B1DB-9A49B178EEC5,PEDESTRIAN,Cross/Enter at Intersection,NO IMPROPER ACTIONS,ON ROADWAY AT CROSSWALK,NO PED. SIGNAL,LIGHT CLOTHING,No,SUSPECTED SERIOUS INJURY,38.99820818,-77.03061819,"(38.99820818, -77.03061819)"
MCP2717008M,16061097,Montgomery County Police,Injury Crash,11/28/2016 05:54:00 AM,County,FRIENDSHIP BLVD,Unknown,WASHINGTON DC/LINE,,N/A,PEDESTRIAN,OTHER,CLEAR,DRY,DARK LIGHTS ON,NO CONTROLS,NONE DETECTED,NONE DETECTED,8683FAA7-B569-4104-B2E0-9D9DB10B5AD7,PEDESTRIAN,Cross/Enter at Intersection,NO IMPROPER ACTIONS,ON ROADWAY AT CROSSWALK,NO PED. SIGNAL,MIXED CLOTHING,No,SUSPECTED MINOR INJURY,38.98394833,-77.09252333,"(38.98394833, -77.09252333)"
MCP2710000K,15023834,MONTGOMERY,Injury Crash,05/18/2015 04:20:00 PM,Maryland (State),FREDERICK RD,Municipality,DALAMAR ST,,N/A,BICYCLIST,HEAD ON LEFT TURN,N/A,DRY,DAYLIGHT,N/A,NONE DETECTED,NONE DETECTED,8356F294-E3F0-4B37-868A-D71B54B3F6BC,BICYCLIST,Cross/Enter at Intersection,NO IMPROPER ACTIONS,SIDEWALK,NO PED. SIGNAL,MIXED CLOTHING,No,SUSPECTED MINOR INJURY,39.14748167,-77.205925,"(39.14748167, -77.205925)"
MCP28460026,16039995,Montgomery County Police,Injury Crash,08/07/2016 09:45:00 AM,County,RANDOLPH RD,Maryland (State),GEORGIA AVE,,N/A,PEDESTRIAN,SINGLE VEHICLE,CLEAR,DRY,DAYLIGHT,TRAFFIC SIGNAL,NONE DETECTED,NONE DETECTED,7F67E126-A3FD-4CAA-ADD8-CEF13C77ED51,PEDESTRIAN,Cross/Enter at Intersection,NO IMPROPER ACTIONS,ON ROADWAY AT CROSSWALK,OBEYED PED. SIGNAL,LIGHT CLOTHING,No,SUSPECTED MINOR INJURY,39.05859333,-77.04772833,"(39.05859333, -77.04772833)"
MCP2436001H,16020303,Montgomery County Police,Injury Crash,04/25/2016 09:29:00 AM,,,,,PARKING LOT OF 2131 INDUSTRIAL PARKWAY (WHITE OAK MVA),,PEDESTRIAN,OTHER,CLEAR,,DAYLIGHT,NO CONTROLS,NONE DETECTED,NONE DETECTED,D3B56208-FE51-458E-BA82-140DCD94037B,PEDESTRIAN,Standing,OTHER,OTHER,N/A,MIXED CLOTHING,Unknown,POSSIBLE INJURY,39.055835,-76.970855,"(39.055835, -76.970855)"
MCP25120028,16049778,Montgomery County Police,Injury Crash,09/27/2016 07:51:00 PM,Maryland (State),CLOPPER RD,Municipality,FIRSTFIELD RD,,GAITHERSBURG,PEDESTRIAN,STRAIGHT MOVEMENT ANGLE,CLEAR,DRY,DARK LIGHTS ON,NO CONTROLS,NONE DETECTED,NONE DETECTED,9B127A44-90F9-472C-BCA6-6728479AACEA,PEDESTRIAN,Cross/Enter not at Intersection,FAILURE TO YIELD RIGHT OF WAY,ON ROADWAY NOT AT CROSSWALK,NO PED. SIGNAL,DARK CLOTHING,Yes,POSSIBLE INJURY,39.144595,-77.22561167,"(39.144595, -77.22561167)"
EJ7833000X,15043445,GAITHERSBURG,Injury Crash,08/29/2015 04:02:00 PM,,,,,"In front yard of 45 Portside Court Gaithersburg, MD 20877",,PEDESTRIAN,OTHER,CLEAR,,DAYLIGHT,NO CONTROLS,NONE DETECTED,NONE DETECTED,4B890F8D-C8F1-4878-B7A4-37A6EAA57C30,PEDESTRIAN,Playing,OTHER,OTHER,NO PED. SIGNAL,DARK CLOTHING,No,SUSPECTED MINOR INJURY,39.14383833,-77.18541167,"(39.14383833, -77.18541167)"
MCP2654000L,15001472,Montgomery County Police,Injury Crash,01/09/2015 09:23:00 PM,,,,,Parking Lot of 525 Thayer Ave,,PEDESTRIAN,SINGLE VEHICLE,CLEAR,,DARK NO LIGHTS,NO CONTROLS,NONE DETECTED,NONE DETECTED,D607FAFE-C599-4FEC-8448-4F68086C55DF,PEDESTRIAN,Cross/Enter not at Intersection,NOT VISIBLE,OTHER,NO PED. SIGNAL,DARK CLOTHING,,POSSIBLE INJURY,38.99605167,-77.02778,"(38.99605167, -77.02778)"
MCP27960028,15053791,MONTGOMERY,Injury Crash,10/23/2015 10:51:00 AM,,,,,"Parking lot of Citgo gas station located at 13615 Georgia Avenue, Silver Spring, MD 20906",,"OTHER, PEDESTRIAN",SINGLE VEHICLE,CLEAR,,DAYLIGHT,NO CONTROLS,NONE DETECTED,N/A,ADFF7424-9E2D-4ACF-9019-E6D099A8357C,OTHER,Other,OTHER,SIDEWALK,N/A,OTHER,No,NO APPARENT INJURY,39.079155,-77.07244833,"(39.079155, -77.07244833)"
MCP2298009X,16046223,Montgomery County Police,Injury Crash,09/09/2016 02:54:00 PM,County,GUNNERS BRANCH RD,County,ARCHDALE RD,,N/A,PEDESTRIAN,OTHER,CLEAR,DRY,DAYLIGHT,NO CONTROLS,NONE DETECTED,NONE DETECTED,A21FE666-CB04-4A45-9097-BF475781289E,PEDESTRIAN,Cross/Enter at Intersection,NO IMPROPER ACTIONS,ON ROADWAY AT CROSSWALK,NO PED. SIGNAL,MIXED CLOTHING,No,POSSIBLE INJURY,39.17523704,-77.24095501,"(39.17523704, -77.24095501)"
MCP1205002D,16051145,Montgomery County Police,Injury Crash,10/05/2016 11:00:00 AM,County,SHEPHERD ST,County,BRENNON LA,,N/A,PEDESTRIAN,OTHER,CLEAR,DRY,DAYLIGHT,NO CONTROLS,NONE DETECTED,NONE DETECTED,DF50943C-8A7B-4057-8EBA-9134C78E98F8,PEDESTRIAN,Standing,N/A,OTHER,NO PED. SIGNAL,REFLECTIVE MATERIAL,Unknown,SUSPECTED MINOR INJURY,38.97957533,-77.0671311,"(38.97957533, -77.0671311)"
MCP2546001V,16047005,Montgomery County Police,Property Damage Crash,09/13/2016 06:38:00 PM,County,DALEWOOD DR,County,GOODHILL RD,,N/A,BICYCLIST,STRAIGHT MOVEMENT ANGLE,CLEAR,DRY,DAYLIGHT,STOP SIGN,NONE DETECTED,NONE DETECTED,E7B69922-919A-4156-95C6-82B9C29F7536,BICYCLIST,Cross/Enter at Intersection,FAILURE TO YIELD RIGHT OF WAY,ON ROADWAY NOT AT CROSSWALK,NO PED. SIGNAL,LIGHT CLOTHING,Yes,NO APPARENT INJURY,39.056985,-77.069705,"(39.056985, -77.069705)"
MCP1575003M,16009252,Montgomery County Police,Injury Crash,02/24/2016 02:59:00 PM,,,,,PARKING LOT 1580 ROCKVILLE PIKE,,PEDESTRIAN,SINGLE VEHICLE,RAINING,,DAYLIGHT,NO CONTROLS,NONE DETECTED,NONE DETECTED,18974F40-4452-4387-BAB3-1B93ADA01229,PEDESTRIAN,Other,OTHER,OTHER,NO PED. SIGNAL,DARK CLOTHING,No,POSSIBLE INJURY,39.06457167,-77.12540667,"(39.06457167, -77.12540667)"
MCP28710034,16031610,Montgomery County Police,Injury Crash,06/22/2016 06:13:00 PM,County,WESTLAKE DR,County,WESTLAKE TERR,,N/A,BICYCLIST,OTHER,CLEAR,DRY,DAYLIGHT,STOP SIGN,NONE DETECTED,NONE DETECTED,0C80022B-DBBE-4944-B706-83F0F81E2A7F,BICYCLIST,Walking/Cycling on Sidewalk,NO IMPROPER ACTIONS,SIDEWALK,N/A,N/A,No,SUSPECTED MINOR INJURY,39.02851,-77.14758667,"(39.02851, -77.14758667)"
MCP2358002P,17005428,Montgomery County Police,Injury Crash,01/31/2017 03:07:00 PM,County,SEVEN LOCKS RD,Other Public Roadway,SCOTLAND DR,,N/A,PEDESTRIAN,OTHER,CLEAR,DRY,DAYLIGHT,N/A,NONE DETECTED,NONE DETECTED,93E74115-6CF6-463D-ADD7-80F742037504,PEDESTRIAN,Cross/Enter at Intersection,NO IMPROPER ACTIONS,ON ROADWAY AT CROSSWALK,OBEYED PED. SIGNAL,MIXED CLOTHING,No,SUSPECTED MINOR INJURY,39.03110833,-77.16127,"(39.03110833, -77.16127)"
DD55930022,16015181,Rockville Police Departme,Injury Crash,03/28/2016 03:23:00 PM,Maryland (State),ROCKVILLE PIKE,Municipality,EDMONSTON DR,,ROCKVILLE,BICYCLIST,ANGLE MEETS RIGHT TURN,SEVERE WINDS,DRY,DAYLIGHT,NO CONTROLS,NONE DETECTED,NONE DETECTED,767519DF-8A12-42C5-886C-AD555FA6430D,BICYCLIST,Cross/Enter at Intersection,NO IMPROPER ACTIONS,SIDEWALK,NO PED. SIGNAL,DARK CLOTHING,No,SUSPECTED MINOR INJURY,39.07397667,-77.13543333,"(39.07397667, -77.13543333)"
MCP2774001M,16009155,MONTGOMERY,Injury Crash,02/23/2016 09:55:00 PM,,,,,PARKING AREA TO THE REAR OF MAIN SERVICE BUILDING AT 11920 BOURNEFIELD WAY,,PEDESTRIAN,OTHER,N/A,,DARK LIGHTS ON,N/A,N/A,N/A,AEF9A97C-DFE7-4332-A000-521161CA508F,PEDESTRIAN,Other Working,NO IMPROPER ACTIONS,OTHER,NO PED. SIGNAL,MIXED CLOTHING,No,SUSPECTED MINOR INJURY,39.05366167,-76.96243833,"(39.05366167, -76.96243833)"
MCP3000000W,16032017,Montgomery County Police,Property Damage Crash,06/24/2016 04:33:00 PM,Maryland (State),GERMANTOWN RD,County,MIDDLEBROOK RD,,N/A,PEDESTRIAN,OTHER,CLEAR,DRY,DAYLIGHT,TRAFFIC SIGNAL,NONE DETECTED,NONE DETECTED,CF49303B-7DF1-4CFF-B299-E1B0DCB918D0,PEDESTRIAN,Cross/Enter at Intersection,INATTENTIVE,ON ROADWAY AT CROSSWALK,DISOBEYED PED. SIGNAL,MIXED CLOTHING,Yes,NO APPARENT INJURY,39.17876167,-77.26707333,"(39.17876167, -77.26707333)"
DD5623000C,170529119,Rockville Police Departme,Injury Crash,09/07/2017 07:49:00 AM,Maryland (State),ROCKVILLE PIKE,Municipality,RICHARD MONTGOMERY DR,,ROCKVILLE,PEDESTRIAN,OTHER,CLEAR,DRY,DAYLIGHT,TRAFFIC SIGNAL,NONE DETECTED,NONE DETECTED,7E3591CB-62F8-491C-A6A9-E34AA61A3084,PEDESTRIAN,Cross/Enter at Intersection,NO IMPROPER ACTIONS,AT INTERSECTION MARKED CROSSWALK,N/A,DARK CLOTHING,No,POSSIBLE INJURY,39.08063033,-77.14393733,"(39.08063033, -77.14393733)"
MCP0704000P,16014748,MONTGOMERY,Injury Crash,03/25/2016 05:04:00 PM,County,WAVERLY ST,Maryland (State),MONTGOMERY AVE,,N/A,PEDESTRIAN,SINGLE VEHICLE,CLEAR,DRY,DAYLIGHT,TRAFFIC SIGNAL,NONE DETECTED,NONE DETECTED,D7BB9408-34FB-4200-909B-81691383A704,PEDESTRIAN,Cross/Enter at Intersection,NO IMPROPER ACTIONS,ON ROADWAY AT CROSSWALK,OBEYED PED. SIGNAL,DARK CLOTHING,No,SUSPECTED MINOR INJURY,38.98379833,-77.093055,"(38.98379833, -77.093055)"
MCP2874001B,16019861,Montgomery County Police,Injury Crash,04/22/2016 04:47:00 PM,Maryland (State),GEORGIA AVE,County,RANDOLPH RD,,N/A,PEDESTRIAN,OTHER,N/A,DRY,DAYLIGHT,TRAFFIC SIGNAL,NONE DETECTED,NONE DETECTED,36396FBE-A778-4904-8D7A-D5728E5CC236,PEDESTRIAN,Cross/Enter at Intersection,DART DASH,ON ROADWAY NOT AT CROSSWALK,DISOBEYED PED. SIGNAL,LIGHT CLOTHING,Yes,SUSPECTED MINOR INJURY,39.05656333,-77.05006667,"(39.05656333, -77.05006667)"
DD56140008,16004277,Rockville Police Departme,Injury Crash,01/26/2016 08:05:00 PM,Maryland (State),ROCKVILLE PIKE,Unknown,CROSSOVER,,N/A,PEDESTRIAN,OTHER,CLEAR,WET,DARK LIGHTS ON,NO CONTROLS,NONE DETECTED,NONE DETECTED,2FA336A0-9EC9-4289-8CC1-D4FC8A4C3454,PEDESTRIAN,Other,IN ROADWAY IMPROPERLY,ON ROADWAY NOT AT CROSSWALK,NO PED. SIGNAL,MIXED CLOTHING,Yes,SUSPECTED MINOR INJURY,39.07353667,-77.13403167,"(39.07353667, -77.13403167)"
MCP2875001B,15049628,MONTGOMERY,Injury Crash,09/30/2015 09:23:00 PM,Maryland (State),GREAT SENECA HWY,Maryland (State),CLOPPER RD,,N/A,PEDESTRIAN,N/A,CLEAR,DRY,DARK LIGHTS ON,TRAFFIC SIGNAL,NONE DETECTED,NONE DETECTED,4AA2C102-88BB-42CE-A0DE-5627890453CE,PEDESTRIAN,Cross/Enter at Intersection,NO IMPROPER ACTIONS,AT INTERSECTION MARKED CROSSWALK,OBEYED PED. SIGNAL,MIXED CLOTHING,No,SUSPECTED MINOR INJURY,39.15913167,-77.27525167,"(39.15913167, -77.27525167)"
EJ7863000N,16066010,Gaithersburg Police Depar,Injury Crash,12/23/2016 04:24:00 PM,Municipality,PROFESSIONAL DR,Maryland (State),FREDERICK RD,,N/A,PEDESTRIAN,N/A,CLEAR,DRY,DAYLIGHT,TRAFFIC SIGNAL,NONE DETECTED,NONE DETECTED,80A78B07-F7FC-4F9A-B9E5-DC7D2F58B471,PEDESTRIAN,Cross/Enter not at Intersection,DART DASH,ON ROADWAY NOT AT CROSSWALK,DISOBEYED PED. SIGNAL,DARK CLOTHING,Yes,SUSPECTED MINOR INJURY,39.16337167,-77.22609,"(39.16337167, -77.22609)"
MCP2422001F,16038233,Montgomery County Police,Injury Crash,07/28/2016 05:42:00 PM,Maryland (State),WOODFIELD RD,County,AIRPARK RD,,N/A,BICYCLIST,OTHER,RAINING,WET,DAYLIGHT,YIELD SIGN,N/A,NONE DETECTED,C9E7C8D3-5EB2-4F34-9AD8-789DBFF3176D,BICYCLIST,Cross/Enter at Intersection,NO IMPROPER ACTIONS,AT INTERSECTION MARKED CROSSWALK,N/A,REFLECTIVE MATERIAL,No,SUSPECTED MINOR INJURY,39.168425,-77.155045,"(39.168425, -77.155045)"
MCP2871003D,16044018,Montgomery County Police,Injury Crash,08/29/2016 03:35:00 PM,County,SEVEN LOCKS RD,County,DWIGHT DR,,N/A,PEDESTRIAN,OTHER,CLEAR,DRY,DAYLIGHT,NO CONTROLS,NONE DETECTED,NONE DETECTED,A6F4579A-A66B-48AD-A8E4-ACDAED53645E,PEDESTRIAN,Walking to/from school,DART DASH,AT INTERSECTION BUT NO CROSSWALK,NO PED. SIGNAL,LIGHT CLOTHING,Yes,POSSIBLE INJURY,39.00399,-77.15926167,"(39.00399, -77.15926167)"
MCP29190028,16065408,Montgomery County Police,Property Damage Crash,12/21/2016 09:52:00 AM,County,MANCHESTER RD,Other Public Roadway,MANCHESTER PL,,N/A,OTHER,SINGLE VEHICLE,CLEAR,DRY,DAYLIGHT,NO CONTROLS,NONE DETECTED,N/A,D62EAF25-2D29-442B-A8AD-D7515D67CE2C,OTHER,N/A,NO IMPROPER ACTIONS,N/A,N/A,N/A,No,NO APPARENT INJURY,39.001695,-77.01072,"(39.001695, -77.01072)"
MCP2087000D,16054878,Montgomery County Police,Injury Crash,10/25/2016 11:11:00 AM,County,RANDOLPH RD,County,BUSHEY DR,,N/A,PEDESTRIAN,SINGLE VEHICLE,CLEAR,DRY,DAYLIGHT,NO CONTROLS,NONE DETECTED,NONE DETECTED,DBB10406-E1A0-4687-A577-6C6A3FE9C8D6,PEDESTRIAN,Cross/Enter at Intersection,NO IMPROPER ACTIONS,AT INTERSECTION MARKED CROSSWALK,NO PED. SIGNAL,MIXED CLOTHING,No,SUSPECTED MINOR INJURY,39.05741713,-77.07781434,"(39.05741713, -77.07781434)"
MCP9321001J,170522720,Montgomery County Police,Injury Crash,08/03/2017 11:09:00 AM,County,RANDOLPH RD,Other Public Roadway,GLENMONT CIR #1,,N/A,PEDESTRIAN,SINGLE VEHICLE,CLEAR,DRY,DAYLIGHT,TRAFFIC SIGNAL,NONE DETECTED,NONE DETECTED,4D55F6AB-9505-416F-BC1B-3535CB32CD74,PEDESTRIAN,Cross/Enter at Intersection,NO IMPROPER ACTIONS,ON ROADWAY AT CROSSWALK,OBEYED PED. SIGNAL,MIXED CLOTHING,No,SUSPECTED SERIOUS INJURY,39.05913833,-77.047445,"(39.05913833, -77.047445)"
MCP2695000W,16047338,Montgomery County Police,Injury Crash,09/15/2016 12:01:00 PM,County,LOCKWOOD DR,Maryland (State),NEW HAMPSHIRE AVE,,N/A,PEDESTRIAN,SINGLE VEHICLE,CLEAR,DRY,DAYLIGHT,NO CONTROLS,N/A,N/A,A68A07D2-1361-49A9-B844-BDD4E03A0C9B,PEDESTRIAN,Cross/Enter at Intersection,IN ROADWAY IMPROPERLY,ON ROADWAY NOT AT CROSSWALK,N/A,MIXED CLOTHING,No,POSSIBLE INJURY,39.0393207,-76.99142575,"(39.0393207, -76.99142575)"
MCP2933000N,15058000,MONTGOMERY,Injury Crash,11/13/2015 04:10:00 PM,Maryland (State),WILSON LA,Other Public Roadway,MERRICK RD,,N/A,PEDESTRIAN,SINGLE VEHICLE,CLEAR,DRY,DAYLIGHT,NO CONTROLS,NONE DETECTED,NONE DETECTED,87CBB804-905E-41FB-A27D-2BB1EFD0034C,PEDESTRIAN,Cross/Enter not at Intersection,DART DASH,ON ROADWAY NOT AT CROSSWALK,NO PED. SIGNAL,LIGHT CLOTHING,Yes,SUSPECTED MINOR INJURY,38.98963612,-77.12262869,"(38.98963612, -77.12262869)"
EJ7826002G,17052,Gaithersburg Police Depar,Injury Crash,08/29/2017 05:30:00 AM,Maryland (State),QUINCE ORCHARD RD,Maryland (State),W DIAMOND AVE,,N/A,BICYCLIST,STRAIGHT MOVEMENT ANGLE,RAINING,WET,DARK LIGHTS ON,TRAFFIC SIGNAL,N/A,N/A,3A1D28AE-D653-452C-88BA-38CB89E9C50A,BICYCLIST,Other,FAILURE TO OBEY TRAFFIC SIGNS SIGNALS OR OFFICER,ON ROADWAY AT CROSSWALK,DISOBEYED PED. SIGNAL,MIXED CLOTHING,Yes,POSSIBLE INJURY,39.14306167,-77.22071333,"(39.14306167, -77.22071333)"
MCP9419000X,16063681,Montgomery County Police,Injury Crash,12/12/2016 06:25:00 AM,County,REDLAND RD,Other Public Roadway,SOMERVILLE DR,,N/A,PEDESTRIAN,N/A,RAINING,WET,DARK LIGHTS ON,TRAFFIC SIGNAL,NONE DETECTED,NONE DETECTED,F3CCC322-0872-4E56-81E4-55D1B68E4B11,PEDESTRIAN,Cross/Enter at Intersection,UNKNOWN,AT INTERSECTION MARKED CROSSWALK,UNKNOWN,DARK CLOTHING,Unknown,SUSPECTED MINOR INJURY,39.11713418,-77.164675,"(39.11713418, -77.164675)"
MCP2991000M,16009802,Montgomery County Police,Injury Crash,02/27/2016 02:38:00 PM,Maryland (State),GEORGIA AVE,Maryland (State),CONNECTICUT AVE,,N/A,PEDESTRIAN,SINGLE VEHICLE,CLEAR,DRY,DAYLIGHT,NO CONTROLS,NONE DETECTED,UNKNOWN,C52B7295-F525-48BF-B928-353E6F71F655,PEDESTRIAN,Cross/Enter not at Intersection,N/A,OTHER,NO PED. SIGNAL,MIXED CLOTHING,Unknown,SUSPECTED MINOR INJURY,39.08438183,-77.07791626,"(39.08438183, -77.07791626)"
MCP2782001C,16007915,Montgomery County Police,Injury Crash,02/17/2016 07:33:00 AM,County,ASPEN HILL RD,Maryland (State),VEIRS MILL RD,,N/A,PEDESTRIAN,STRAIGHT MOVEMENT ANGLE,CLEAR,DRY,DAYLIGHT,TRAFFIC SIGNAL,NONE DETECTED,NONE DETECTED,FE5565BC-F2F2-4E46-BCEB-2A49AF406097,PEDESTRIAN,Cross/Enter at Intersection,NO IMPROPER ACTIONS,AT INTERSECTION MARKED CROSSWALK,OBEYED PED. SIGNAL,MIXED CLOTHING,No,SUSPECTED MINOR INJURY,39.069365,-77.10491833,"(39.069365, -77.10491833)"
MCP27530018,16039020,Montgomery County Police,Injury Crash,08/02/2016 09:15:00 AM,,,,,"PARKING LOT OF 3876 INTERNATIONAL DRIVE, SILVER SPRING MD 20906",,OTHER,OTHER,CLEAR,,DAYLIGHT,NO CONTROLS,NONE DETECTED,NONE DETECTED,E0EDD0A5-0C05-43CB-B008-55D4469CEED6,OTHER,N/A,N/A,OTHER,N/A,N/A,No,NO APPARENT INJURY,39.103295,-77.07598,"(39.103295, -77.07598)"
MCP2969000P,15034213,MONTGOMERY,Injury Crash,07/12/2015 01:55:00 PM,,,,,"Parking Lot rear of 1111 University Blvd, Wheaton MD 20902.",,PEDESTRIAN,OTHER,CLEAR,,DAYLIGHT,NO CONTROLS,NONE DETECTED,NONE DETECTED,E863D339-CF13-4C21-81FB-9B82F2F13870,PEDESTRIAN,Other Working,NO IMPROPER ACTIONS,N/A,NO PED. SIGNAL,MIXED CLOTHING,No,SUSPECTED MINOR INJURY,39.03709152,-77.02691406,"(39.03709152, -77.02691406)"
MCP2829001K,15042332,MONTGOMERY,Injury Crash,08/23/2015 10:02:00 PM,County,LOCKWOOD DR,Maryland (State),NEW HAMPSHIRE AVE,,N/A,PEDESTRIAN,OTHER,CLOUDY,DRY,DARK LIGHTS ON,NO CONTROLS,NONE DETECTED,NONE DETECTED,5FD5C1A0-941B-49B2-9125-9BB56E61A992,PEDESTRIAN,Cross/Enter not at Intersection,IN ROADWAY IMPROPERLY,ON ROADWAY NOT AT CROSSWALK,NO PED. SIGNAL,DARK CLOTHING,Yes,SUSPECTED MINOR INJURY,39.03932833,-76.99142,"(39.03932833, -76.99142)"
MCP2425008Y,17014637,Montgomery County Police,Injury Crash,03/22/2017 12:41:00 PM,,,,,PARKING LOT OF 25 E WAYNE AVE,,PEDESTRIAN,SINGLE VEHICLE,CLEAR,,DAYLIGHT,NO CONTROLS,NONE DETECTED,NONE DETECTED,3201A54E-8723-4229-A6F5-7E428B8FC881,PEDESTRIAN,Other,OTHER,OTHER,N/A,MIXED CLOTHING,Unknown,SUSPECTED MINOR INJURY,38.99928667,-77.00916333,"(38.99928667, -77.00916333)"
MCP2594001X,16045933,Montgomery County Police,Injury Crash,09/08/2016 06:47:00 AM,Maryland (State),NEW HAMPSHIRE AVE,County,NOTLEY RD,,N/A,BICYCLIST,STRAIGHT MOVEMENT ANGLE,CLEAR,N/A,DAYLIGHT,NO CONTROLS,NONE DETECTED,NONE DETECTED,67E73867-C89A-4021-9128-EDAD19D5DE8E,BICYCLIST,Walking/Riding w/Traffic,NO IMPROPER ACTIONS,IN BIKEWAY,OBEYED PED. SIGNAL,REFLECTIVE MATERIAL,No,SUSPECTED MINOR INJURY,39.08048218,-77.00139284,"(39.08048218, -77.00139284)"
MCP3052000F,170529958,Montgomery County Police,Injury Crash,09/11/2017 06:33:00 PM,,,,,PARKING LOT OF LOWES,,BICYCLIST,SINGLE VEHICLE,CLEAR,,DAYLIGHT,N/A,NONE DETECTED,NONE DETECTED,A51FB3FE-AC27-4503-A57D-B32394F39AF8,BICYCLIST,Walking/Riding w/Traffic,NO IMPROPER ACTIONS,ON ROADWAY NOT AT CROSSWALK,N/A,MIXED CLOTHING,No,SUSPECTED MINOR INJURY,39.12475027,-77.23576427,"(39.12475027, -77.23576427)"
MCP3000000M,16012804,MONTGOMERY,Injury Crash,03/15/2016 04:26:00 PM,County,MIDDLEBROOK RD,Maryland (State),GREAT SENECA HWY,,N/A,PEDESTRIAN,STRAIGHT MOVEMENT ANGLE,CLEAR,DRY,DAYLIGHT,TRAFFIC SIGNAL,UNKNOWN,NONE DETECTED,961DADA1-7442-40AF-A4AF-FE527FFD0D1D,PEDESTRIAN,Cross/Enter at Intersection,NO IMPROPER ACTIONS,AT INTERSECTION MARKED CROSSWALK,OBEYED PED. SIGNAL,N/A,No,SUSPECTED MINOR INJURY,39.174895,-77.26154833,"(39.174895, -77.26154833)"
MCP30330010,170508328,Montgomery County Police,Injury Crash,05/17/2017 04:00:00 PM,Maryland (State),UNIVERSITY BLVD E,US (State),COLESVILLE RD,,N/A,PEDESTRIAN,OTHER,CLEAR,DRY,DAYLIGHT,TRAFFIC SIGNAL,NONE DETECTED,NONE DETECTED,4C7617A1-8F9A-4B18-B41A-DBF232ACBE29,PEDESTRIAN,Cross/Enter not at Intersection,FAILURE TO OBEY TRAFFIC SIGNS SIGNALS OR OFFICER,ON ROADWAY AT CROSSWALK,DISOBEYED PED. SIGNAL,MIXED CLOTHING,Yes,POSSIBLE INJURY,39.01971092,-77.01315299,"(39.01971092, -77.01315299)"
MCP21340010,170508547,Montgomery County Police,Fatal Crash,05/18/2017 06:27:00 PM,Maryland (State),WOODFIELD RD,County,EMORY GROVE RD,,N/A,PEDESTRIAN,SINGLE VEHICLE,N/A,N/A,DAYLIGHT,TRAFFIC SIGNAL,NONE DETECTED,UNKNOWN,5F39F32D-3725-4A9F-971A-137D950FC4D6,PEDESTRIAN,Cross/Enter at Intersection,FAILURE TO OBEY TRAFFIC SIGNS SIGNALS OR OFFICER,ON ROADWAY AT CROSSWALK,DISOBEYED PED. SIGNAL,LIGHT CLOTHING,Unknown,FATAL INJURY,39.15204492,-77.17238903,"(39.15204492, -77.17238903)"
MCP2740001C,15058201,MONTGOMERY,Injury Crash,11/15/2015 06:49:00 PM,Maryland (State),PINEY BRANCH RD,County,DALE DR,,N/A,PEDESTRIAN,SINGLE VEHICLE,CLEAR,DRY,DARK LIGHTS ON,TRAFFIC SIGNAL,UNKNOWN,NONE DETECTED,A73E325B-FF18-44ED-BB1A-9167A011786F,PEDESTRIAN,Cross/Enter at Intersection,NO IMPROPER ACTIONS,ON ROADWAY AT CROSSWALK,OBEYED PED. SIGNAL,MIXED CLOTHING,No,SUSPECTED MINOR INJURY,38.99374833,-77.00917167,"(38.99374833, -77.00917167)"