Report Number,Local Case Number,Agency Name,ACRS Report Type,Crash Date/Time,Route Type,Road Name,Cross-Street Type,Cross-Street Name,Off-Road Description,Municipality,Related Non-Motorist,Collision Type,Weather,Surface Condition,Light,Traffic Control,Driver Substance Abuse,Non-Motorist Substance Abuse,Person ID,Pedestrian Type,Pedestrian Movement,Pedestrian Actions,Pedestrian Location,Pedestrian Obeyed Traffic Signal,Pedestrian Visibility,At Fault,Injury Severity,Latitude,Longitude,Location
MCP2871001J,15021807,Montgomery County Police,Injury Crash,05/07/2015 06:45:00 PM,County,SEVEN LOCKS RD,County,ENGLISH WAY,,N/A,PEDESTRIAN,OTHER,CLEAR,DRY,DAYLIGHT,NO CONTROLS,NONE DETECTED,NONE DETECTED,DFC755D0-ACEB-4FA1-8F5B-C8875476BC2A,PEDESTRIAN,Walking/Riding against Traffic,DART DASH,ON ROADWAY NOT AT CROSSWALK,NO PED. SIGNAL,MIXED CLOTHING,,SUSPECTED MINOR INJURY,39.00661167,-77.15979833,"(39.00661167, -77.15979833)"
DD55740004,15031596,Rockville Police Departme,Injury Crash,06/28/2015 04:00:00 PM,Maryland (State),ROCKVILLE PIKE,Unknown,ENT TO WOODMONT COUNTRY CLUB,,N/A,BICYCLIST,STRAIGHT MOVEMENT ANGLE,CLEAR,DRY,DAYLIGHT,TRAFFIC SIGNAL,N/A,N/A,835E6E29-A11F-4B10-9372-17183557D880,BICYCLIST,Walking/Cycling on Sidewalk,NO IMPROPER ACTIONS,DRIVEWAY ACCESS MARKED CROSSWALK,OBEYED PED. SIGNAL,MIXED CLOTHING,,SUSPECTED MINOR INJURY,39.069365,-77.13067,"(39.069365, -77.13067)"
MCP24920009,15020994,Montgomery County Police,Injury Crash,05/03/2015 10:06:00 PM,Maryland (State),FREDERICK RD,Other Public Roadway,MAGNOLIA DR,,N/A,PEDESTRIAN,OTHER,CLEAR,DRY,DARK NO LIGHTS,NO CONTROLS,NONE DETECTED,UNKNOWN,38FD4162-7386-49B3-99B6-D916A01318CE,PEDESTRIAN,Cross/Enter not at Intersection,UNKNOWN,ON ROADWAY NOT AT CROSSWALK,NO PED. SIGNAL,DARK CLOTHING,,SUSPECTED SERIOUS INJURY,39.17761156,-77.23842904,"(39.17761156, -77.23842904)"
MCP0704000J,15018940,Montgomery County Police,Property Damage Crash,04/24/2015 05:45:00 PM,Maryland (State),OLD GEORGETOWN RD,County,CORDELL AVE,,N/A,BICYCLIST,SINGLE VEHICLE,CLEAR,DRY,DAYLIGHT,NO CONTROLS,NONE DETECTED,NONE DETECTED,32AF35D0-4143-42EB-8D02-D82E3B4C23B9,BICYCLIST,Walking/Riding w/Traffic,NO IMPROPER ACTIONS,OTHER,N/A,LIGHT CLOTHING,,NO APPARENT INJURY,38.98662833,-77.09057333,"(38.98662833, -77.09057333)"
MCP2639000T,15021005,Montgomery County Police,Injury Crash,05/03/2015 11:41:00 PM,Maryland (State),GEORGIA AVE,County,REEDIE DR,,N/A,PEDESTRIAN,STRAIGHT MOVEMENT ANGLE,CLEAR,DRY,DARK LIGHTS ON,NO CONTROLS,NONE DETECTED,NONE DETECTED,ACDCCFCE-699A-492C-AFC0-29E0A22F7EF3,PEDESTRIAN,Cross/Enter not at Intersection,FAILURE TO YIELD RIGHT OF WAY,ON ROADWAY NOT AT CROSSWALK,NO PED. SIGNAL,MIXED CLOTHING,,SUSPECTED SERIOUS INJURY,39.03910167,-77.05091,"(39.03910167, -77.05091)"
MCP1397000T,170532168,Montgomery County Police,Injury Crash,09/22/2017 02:05:00 PM,Maryland (State),GERMANTOWN RD,County,MIDDLEBROOK RD,,N/A,PEDESTRIAN,OTHER,CLOUDY,DRY,DAYLIGHT,TRAFFIC SIGNAL,NONE DETECTED,NONE DETECTED,0F078856-AD68-4781-BCE6-8E4C0E921487,PEDESTRIAN,Cross/Enter at Intersection,NO IMPROPER ACTIONS,AT INTERSECTION MARKED CROSSWALK,OBEYED PED. SIGNAL,MIXED CLOTHING,No,SUSPECTED SERIOUS INJURY,39.1787151,-77.26738617,"(39.1787151, -77.26738617)"
MCP1148000T,15028925,Montgomery County Police,Injury Crash,06/14/2015 10:24:00 AM,County,CLARENDON RD,County,BETHESDA AVE,,N/A,PEDESTRIAN,SINGLE VEHICLE,N/A,DRY,DAYLIGHT,STOP SIGN,NONE DETECTED,NONE DETECTED,77614759-64DB-477A-8239-97342879CA7A,PEDESTRIAN,Cross/Enter at Intersection,IN ROADWAY IMPROPERLY,ON ROADWAY NOT AT CROSSWALK,NO PED. SIGNAL,MIXED CLOTHING,,SUSPECTED MINOR INJURY,38.98095833,-77.10093667,"(38.98095833, -77.10093667)"
MCP28000020,15025750,Montgomery County Police,Injury Crash,05/28/2015 03:50:00 PM,Maryland (State),WISCONSIN AVE,County,WOODMONT AVE,,N/A,PEDESTRIAN,OTHER,CLEAR,DRY,DAYLIGHT,NO CONTROLS,NONE DETECTED,NONE DETECTED,710A7903-BD07-482C-B563-197802D1FB65,PEDESTRIAN,Cross/Enter not at Intersection,IMPROPER PASSING,ON ROADWAY NOT AT CROSSWALK,OTHER,MIXED CLOTHING,,SUSPECTED MINOR INJURY,38.98217167,-77.093205,"(38.98217167, -77.093205)"
MCP2796001Y,15031558,Montgomery County Police,Injury Crash,06/28/2015 11:20:00 AM,County,BEAVERWOOD LA,County,BEL PRE RD,,N/A,BICYCLIST,STRAIGHT MOVEMENT ANGLE,CLEAR,DRY,DAYLIGHT,TRAFFIC SIGNAL,NONE DETECTED,NONE DETECTED,66DE60E6-C70C-4031-AA14-0E095AD52ACA,BICYCLIST,Walking/Cycling on Sidewalk,FAILURE TO YIELD RIGHT OF WAY,ON ROADWAY AT CROSSWALK,NO PED. SIGNAL,MIXED CLOTHING,,SUSPECTED MINOR INJURY,39.09046667,-77.05909,"(39.09046667, -77.05909)"
MCP0113001N,170533371,Montgomery County Police,Injury Crash,09/27/2017 09:26:00 AM,County,JONES BRIDGE RD,County,JONES MILL RD,,N/A,PEDESTRIAN,SINGLE VEHICLE,CLEAR,DRY,DAYLIGHT,TRAFFIC SIGNAL,NONE DETECTED,NONE DETECTED,F556ADEF-C1F1-4325-BF1F-A26017DE8677,PEDESTRIAN,Cross/Enter at Intersection,FAILURE TO OBEY TRAFFIC SIGNS SIGNALS OR OFFICER,ON ROADWAY AT CROSSWALK,DISOBEYED PED. SIGNAL,UNKNOWN,Yes,SUSPECTED MINOR INJURY,38.99802833,-77.06607667,"(38.99802833, -77.06607667)"
MCP28000023,15028015,Montgomery County Police,Injury Crash,06/09/2015 05:45:00 PM,Maryland (State),OLD GEORGETOWN RD,County,ALTA VISTA RD,,N/A,BICYCLIST,OTHER,CLEAR,DRY,DAYLIGHT,NO CONTROLS,UNKNOWN,NONE DETECTED,522C1BD4-65E5-488F-BDDF-A8771DCA07FE,BICYCLIST,Cross/Enter at Intersection,NO IMPROPER ACTIONS,ON ROADWAY AT CROSSWALK,NO PED. SIGNAL,MIXED CLOTHING,,SUSPECTED MINOR INJURY,39.00713667,-77.11219,"(39.00713667, -77.11219)"
MCP28640014,15025726,Montgomery County Police,Injury Crash,05/28/2015 03:22:00 PM,Maryland (State),DARNESTOWN RD,County,AMBIANCE DR,,N/A,PEDESTRIAN,STRAIGHT MOVEMENT ANGLE,CLEAR,DRY,DAYLIGHT,NO CONTROLS,NONE DETECTED,NONE DETECTED,AF976D7B-A431-49EE-9341-52A3C596461A,PEDESTRIAN,Cross/Enter at Intersection,DART DASH,ON ROADWAY NOT AT CROSSWALK,NO PED. SIGNAL,MIXED CLOTHING,,SUSPECTED MINOR INJURY,39.11341833,-77.24281833,"(39.11341833, -77.24281833)"
DD55020019,15029309,Rockville Police Departme,Injury Crash,06/16/2015 12:30:00 PM,Municipality,FREDERICK AVE,Municipality,LENMOR AVE,,ROCKVILLE,PEDESTRIAN,OTHER,CLEAR,DRY,DAYLIGHT,NO CONTROLS,NONE DETECTED,NONE DETECTED,1F5125CD-7822-4438-B7F5-4598C674B18E,PEDESTRIAN,Cross/Enter not at Intersection,DART DASH,ON ROADWAY NOT AT CROSSWALK,NO PED. SIGNAL,MIXED CLOTHING,,SUSPECTED MINOR INJURY,39.09484833,-77.14877,"(39.09484833, -77.14877)"
MCP2725000R,15017405,Montgomery County Police,Injury Crash,04/14/2015 10:24:00 PM,Maryland (State),GEORGIA AVE,Maryland (State),CONNECTICUT AVE,,N/A,PEDESTRIAN,SINGLE VEHICLE,RAINING,WET,DARK LIGHTS ON,TRAFFIC SIGNAL,NONE DETECTED,N/A,6A79250F-7477-46C6-9A87-CF9D8490FB22,PEDESTRIAN,Cross/Enter at Intersection,DART DASH,AT INTERSECTION MARKED CROSSWALK,OBEYED PED. SIGNAL,DARK CLOTHING,,SUSPECTED MINOR INJURY,39.08391667,-77.07775833,"(39.08391667, -77.07775833)"
DD56130001,15024434,Rockville Police Departme,Injury Crash,05/21/2015 03:07:00 PM,Municipality,ROLLINS AVE,Municipality,E JEFFERSON ST,,ROCKVILLE,PEDESTRIAN,STRAIGHT MOVEMENT ANGLE,CLOUDY,WET,DAYLIGHT,TRAFFIC SIGNAL,NONE DETECTED,NONE DETECTED,56B49EAB-114D-4594-96E9-32A468511BA4,PEDESTRIAN,Cross/Enter not at Intersection,IN ROADWAY IMPROPERLY,OUTSIDE RIGHT OF WAY,DISOBEYED PED. SIGNAL,N/A,,SUSPECTED MINOR INJURY,39.08372833,-77.153265,"(39.08372833, -77.153265)"
MCP2736002C,15022048,Montgomery County Police,Property Damage Crash,05/08/2015 11:17:00 PM,,,,,Cheltnham Parking Garage,,BICYCLIST,SAME DIRECTION SIDESWIPE,N/A,,DARK LIGHTS ON,N/A,N/A,N/A,E15DDF14-0510-4040-933D-FA86B875E9E5,BICYCLIST,Walking/Riding w/Traffic,OTHER,OTHER,N/A,UNKNOWN,,NO APPARENT INJURY,38.98834354,-77.09422946,"(38.98834354, -77.09422946)"
MCP94120003,170532808,Montgomery County Police,Injury Crash,09/24/2017 10:47:00 AM,Maryland (State),BRADLEY BLVD,County,OLD CHESTER RD,,N/A,OTHER,SINGLE VEHICLE,CLEAR,DRY,DAYLIGHT,N/A,NONE DETECTED,N/A,CD736706-E64A-42C1-AD8A-C092296465F2,OTHER,N/A,N/A,N/A,N/A,N/A,No,NO APPARENT INJURY,38.984815,-77.11512167,"(38.984815, -77.11512167)"
MCP3082000J,170531762,Montgomery County Police,Injury Crash,09/20/2017 01:06:00 PM,,,,,FRONT OF HOSPITAL ROAUNDABOUT,,PEDESTRIAN,SINGLE VEHICLE,CLEAR,,DAYLIGHT,NO CONTROLS,N/A,N/A,DBE1F78E-B2BC-418D-A7CB-AB5043AC358B,PEDESTRIAN,Standing,NO IMPROPER ACTIONS,OTHER,N/A,MIXED CLOTHING,No,SUSPECTED MINOR INJURY,39.01526584,-77.03566074,"(39.01526584, -77.03566074)"
MCP15800035,15021894,Montgomery County Police,Injury Crash,05/08/2015 08:57:00 AM,County,HADLEY FARMS DR,Maryland (State),WOODFIELD RD,,N/A,PEDESTRIAN,OTHER,CLEAR,DRY,DAYLIGHT,TRAFFIC SIGNAL,NONE DETECTED,NONE DETECTED,63608BBA-F97A-484E-83FE-F8082D297CB9,PEDESTRIAN,Cross/Enter at Intersection,NO IMPROPER ACTIONS,AT INTERSECTION MARKED CROSSWALK,OBEYED PED. SIGNAL,MIXED CLOTHING,,SUSPECTED SERIOUS INJURY,39.18016833,-77.15091667,"(39.18016833, -77.15091667)"
MCP2864002V,170532677,Montgomery County Police,Injury Crash,09/23/2017 03:13:00 PM,Maryland (State),ROCKVILLE PIKE,Unknown,HUBBARD DR,,N/A,BICYCLIST,STRAIGHT MOVEMENT ANGLE,CLEAR,DRY,DAYLIGHT,NO CONTROLS,NONE DETECTED,NONE DETECTED,342AD119-F56A-4FDD-810F-D7C2A68C2323,BICYCLIST,Cross/Enter at Intersection,N/A,ON ROADWAY AT CROSSWALK,NO PED. SIGNAL,DARK CLOTHING,No,POSSIBLE INJURY,39.054415,-77.118385,"(39.054415, -77.118385)"
MCP28130016,15031257,Montgomery County Police,Injury Crash,06/26/2015 03:10:00 PM,,,,,DRIVEWAY OF 10820 GEORGIA AVE,,BICYCLIST,SINGLE VEHICLE,CLEAR,,DAYLIGHT,NO CONTROLS,N/A,N/A,DC2D21EB-E9D6-4D88-8630-6386EC4B7705,BICYCLIST,Walking/Riding against Traffic,WRONG WAY RIDING OR WALKING,SHOULDER,NO PED. SIGNAL,LIGHT CLOTHING,,POSSIBLE INJURY,39.03275667,-77.04888667,"(39.03275667, -77.04888667)"
MCP2240000M,15021766,Montgomery County Police,Injury Crash,05/07/2015 03:37:00 PM,County,SHADY GROVE RD,Maryland (State),MUNCASTER MILL RD,,N/A,BICYCLIST,STRAIGHT MOVEMENT ANGLE,CLEAR,DRY,DAYLIGHT,TRAFFIC SIGNAL,NONE DETECTED,NONE DETECTED,A9FC4B96-63C9-463F-8331-3074731B63B7,BICYCLIST,Cross/Enter at Intersection,FAILURE TO YIELD RIGHT OF WAY,ON ROADWAY NOT AT CROSSWALK,DISOBEYED PED. SIGNAL,MIXED CLOTHING,,SUSPECTED MINOR INJURY,39.14884,-77.14724833,"(39.14884, -77.14724833)"
MCP93860025,15018685,Montgomery County Police,Injury Crash,04/21/2015 11:00:00 AM,County,MORGAN DR,County,STRATFORD RD,,N/A,PEDESTRIAN,OTHER,CLEAR,DRY,DAYLIGHT,NO CONTROLS,NONE DETECTED,NONE DETECTED,ABAACFEB-6287-43B1-AEB2-C75CE821567F,PEDESTRIAN,Getting off/on Vehicle,NO IMPROPER ACTIONS,SHOULDER,NO PED. SIGNAL,MIXED CLOTHING,,SUSPECTED MINOR INJURY,39.28264,-77.17787333,"(39.28264, -77.17787333)"
MCP2746000S,15023661,Montgomery County Police,Injury Crash,05/17/2015 05:53:00 PM,County,BEL PRE RD,County,NORTH GATE DR,,N/A,PEDESTRIAN,N/A,CLEAR,DRY,DAYLIGHT,NO CONTROLS,NONE DETECTED,NONE DETECTED,BB058361-E0D4-4F85-BD26-8A95594AEE0D,PEDESTRIAN,Cross/Enter at Intersection,NO IMPROPER ACTIONS,ON ROADWAY AT CROSSWALK,N/A,N/A,,SUSPECTED MINOR INJURY,39.09035062,-77.05115318,"(39.09035062, -77.05115318)"
MCP15630019,15026181,Montgomery County Police,Injury Crash,05/30/2015 08:53:00 PM,Maryland (State),EAST WEST HWY,Other Public Roadway,CAREY LA,,N/A,PEDESTRIAN,OTHER,CLEAR,DRY,DARK LIGHTS ON,OTHER,NONE DETECTED,NONE DETECTED,A7870190-A47C-4077-80E5-FEEFD6CD0848,PEDESTRIAN,Other,NO IMPROPER ACTIONS,MIDBLOCK MARKED CROSSWALK,NO PED. SIGNAL,MIXED CLOTHING,,POSSIBLE INJURY,38.99540653,-77.03855753,"(38.99540653, -77.03855753)"
MCP2848000Y,15026144,Montgomery County Police,Injury Crash,05/30/2015 03:27:00 PM,County,OAKLYN DR,County,POTOMAC STATION LA,,N/A,BICYCLIST,SAME DIR REAR END,CLEAR,DRY,DAYLIGHT,NO CONTROLS,NONE DETECTED,NONE DETECTED,594F8B37-C175-42EE-897A-1A664922F60E,BICYCLIST,Walking/Riding w/Traffic,NO IMPROPER ACTIONS,SHOULDER,N/A,LIGHT CLOTHING,,POSSIBLE INJURY,39.00037833,-77.21034167,"(39.00037833, -77.21034167)"
MCP93810014,15018337,Montgomery County Police,Property Damage Crash,04/19/2015 11:50:00 AM,Government,BEACH DR,Maryland (State),CONNECTICUT AVE,,N/A,BICYCLIST,SAME DIRECTION SIDESWIPE,CLEAR,DRY,DAYLIGHT,NO CONTROLS,NONE DETECTED,NONE DETECTED,C227F2A2-C345-4719-9C9E-47BC92C88D89,BICYCLIST,Walking/Riding w/Traffic,NO IMPROPER ACTIONS,ON ROADWAY NOT AT CROSSWALK,N/A,N/A,,NO APPARENT INJURY,39.00845167,-77.08224833,"(39.00845167, -77.08224833)"
MCP1580003H,15029144,Montgomery County Police,Injury Crash,06/15/2015 03:55:00 PM,County,CLUB HOUSE RD,County,MONTGOMERY VILLAGE AVE,,N/A,PEDESTRIAN,SINGLE VEHICLE,CLEAR,DRY,DAYLIGHT,NO CONTROLS,NONE DETECTED,NONE DETECTED,427011B3-37A4-4B4F-96AE-4B2F686824C1,PEDESTRIAN,Cross/Enter not at Intersection,DART DASH,ON ROADWAY NOT AT CROSSWALK,NO PED. SIGNAL,MIXED CLOTHING,,SUSPECTED MINOR INJURY,39.1746,-77.20453667,"(39.1746, -77.20453667)"
MCP29360009,15024180,Montgomery County Police,Injury Crash,05/20/2015 11:21:00 AM,,,,,"Parking Lot of Bobby's Burger Palace (7101 Democracy Blvd. Bethesda, MD 20817)",,PEDESTRIAN,STRAIGHT MOVEMENT ANGLE,CLEAR,,DAYLIGHT,STOP SIGN,NONE DETECTED,NONE DETECTED,3E8A896C-341E-4BCF-9668-438C785C846D,PEDESTRIAN,Cross/Enter at Intersection,NO IMPROPER ACTIONS,ON ROADWAY AT CROSSWALK,NO PED. SIGNAL,N/A,,SUSPECTED MINOR INJURY,39.02590833,-77.14587833,"(39.02590833, -77.14587833)"
MCP2094004W,15021686,Montgomery County Police,Injury Crash,05/07/2015 10:20:00 AM,,,,,"PARKING LOT OF
 11820 PARKLAWN DR",,OTHER,SINGLE VEHICLE,CLEAR,,DAYLIGHT,N/A,NONE DETECTED,NONE DETECTED,FC0D5857-6BE3-4D08-9B8E-7D839395D0FB,OTHER,N/A,OTHER,INSIDE BUILDING,N/A,N/A,,POSSIBLE INJURY,39.27647167,-77.21262167,"(39.27647167, -77.21262167)"
MCP2717001F,15029647,Montgomery County Police,Injury Crash,06/18/2015 01:18:00 AM,US (State),COLUMBIA PIKE,County,STEWART LA,,N/A,PEDESTRIAN,OTHER,RAINING,WET,DARK NO LIGHTS,NO CONTROLS,NONE DETECTED,ALCOHOL PRESENT,5D1468B5-C307-4909-8A3D-2C5FA5F93C20,PEDESTRIAN,Unknown,UNKNOWN,ON ROADWAY NOT AT CROSSWALK,NO PED. SIGNAL,MIXED CLOTHING,,SUSPECTED MINOR INJURY,39.04839167,-76.98383333,"(39.04839167, -76.98383333)"
EJ78520010,15030791,Gaithersburg Police Depar,Injury Crash,06/24/2015 12:23:00 PM,Maryland (State),S FREDERICK RD,Municipality,CEDAR AVE,,GAITHERSBURG,PEDESTRIAN,SAME DIR REAR END,N/A,DRY,DAYLIGHT,OTHER,UNKNOWN,N/A,F0BBBE0E-D1D8-400F-B753-C3300E5EAA75,PEDESTRIAN,Other Working,NO IMPROPER ACTIONS,OTHER,N/A,REFLECTIVE MATERIAL,,SUSPECTED SERIOUS INJURY,39.13965546,-77.196486,"(39.13965546, -77.196486)"
EJ77470015,15030436,Gaithersburg Police Depar,Injury Crash,06/22/2015 12:45:00 PM,Municipality,CHESTERTOWN ST,Municipality,LITTLE QUARRY RD,,GAITHERSBURG,PEDESTRIAN,HEAD ON LEFT TURN,N/A,DRY,DAYLIGHT,NO CONTROLS,NONE DETECTED,NONE DETECTED,3CB1A0A3-365E-4869-8F36-50239E572364,PEDESTRIAN,Cross/Enter not at Intersection,N/A,ON ROADWAY NOT AT CROSSWALK,NO PED. SIGNAL,LIGHT CLOTHING,,POSSIBLE INJURY,39.123305,-77.24685333,"(39.123305, -77.24685333)"
MCP1128003Y,15024362,Montgomery County Police,Injury Crash,05/21/2015 08:32:00 AM,,,,,PARKING LOT OF 8600 OLD GEORGETOWN RD SUBURBAN HOSPITAL,,PEDESTRIAN,OTHER,CLOUDY,,DAYLIGHT,NO CONTROLS,NONE DETECTED,N/A,0FC83401-D3C2-4C11-B04B-9CCC414E1557,PEDESTRIAN,Standing,NO IMPROPER ACTIONS,OTHER,N/A,LIGHT CLOTHING,,SUSPECTED MINOR INJURY,38.99807167,-77.10923667,"(38.99807167, -77.10923667)"
MCP28810015,15030553,Montgomery County Police,Injury Crash,06/23/2015 07:36:00 AM,County,CENTURY BLVD,County,MIDDLEBROOK RD,,N/A,BICYCLIST,OTHER,CLEAR,DRY,DAYLIGHT,TRAFFIC SIGNAL,NONE DETECTED,UNKNOWN,355F55E4-91C8-4A6C-B602-C8A9B25C3BAB,BICYCLIST,Cross/Enter at Intersection,IN ROADWAY IMPROPERLY,ON ROADWAY AT CROSSWALK,DISOBEYED PED. SIGNAL,OTHER,,POSSIBLE INJURY,39.18019391,-77.26860523,"(39.18019391, -77.26860523)"
DD55670007,15026057,Rockville Police Departme,Injury Crash,05/30/2015 12:10:00 AM,Municipality,CRAWFORD DR,Municipality,HIGHWOOD RD,,ROCKVILLE,PEDESTRIAN,OTHER,CLEAR,DRY,DARK NO LIGHTS,N/A,NONE DETECTED,NONE DETECTED,AF3FD26D-EAB1-43C8-9183-821CB73BAF41,PEDESTRIAN,Standing,NO IMPROPER ACTIONS,ON ROADWAY NOT AT CROSSWALK,N/A,DARK CLOTHING,,SUSPECTED MINOR INJURY,39.07411068,-77.12552547,"(39.07411068, -77.12552547)"
MCP2564000D,15028672,Montgomery County Police,Property Damage Crash,06/12/2015 06:19:00 PM,County,MONTGOMERY VILLAGE AVE,County,CLUB HOUSE RD,,N/A,BICYCLIST,STRAIGHT MOVEMENT ANGLE,CLOUDY,DRY,DAYLIGHT,TRAFFIC SIGNAL,NONE DETECTED,UNKNOWN,3E57E7F7-43F6-4A85-ADA9-E413319AC081,BICYCLIST,Cross/Enter at Intersection,DART DASH,AT INTERSECTION MARKED CROSSWALK,UNKNOWN,UNKNOWN,,NO APPARENT INJURY,39.17453008,-77.2037065,"(39.17453008, -77.2037065)"
MCP2588000W,15028626,Montgomery County Police,Injury Crash,06/12/2015 01:57:00 PM,Maryland (State),GEORGIA AVE,Maryland (State),CONNECTICUT AVE,,N/A,PEDESTRIAN,OTHER,CLEAR,DRY,DAYLIGHT,N/A,N/A,ALCOHOL CONTRIBUTED,38208EA1-52DD-4BAC-940B-9B95E403A71B,PEDESTRIAN,Other,IN ROADWAY IMPROPERLY,OTHER,N/A,OTHER,,SUSPECTED MINOR INJURY,39.08431333,-77.078245,"(39.08431333, -77.078245)"
MCP1379003Y,15021552,Montgomery County Police,Injury Crash,05/06/2015 02:15:00 PM,County,EXECUTIVE BLVD,Maryland (State),OLD GEORGETOWN RD,,N/A,PEDESTRIAN,OTHER,CLEAR,DRY,DAYLIGHT,NO CONTROLS,NONE DETECTED,NONE DETECTED,04158147-305A-49D3-9D0E-5C671AA610F9,PEDESTRIAN,Other Working,NO IMPROPER ACTIONS,ON ROADWAY NOT AT CROSSWALK,N/A,MIXED CLOTHING,,SUSPECTED SERIOUS INJURY,39.04871833,-77.123845,"(39.04871833, -77.123845)"
MCP2675000S,15031652,Montgomery County Police,Injury Crash,06/28/2015 09:19:00 PM,County,RANDOLPH RD,County,BLUHILL RD,,N/A,BICYCLIST,HEAD ON LEFT TURN,CLEAR,DRY,DARK LIGHTS ON,NO CONTROLS,NONE DETECTED,NONE DETECTED,EC72741F-4797-441E-A6F3-8FFAA117D007,BICYCLIST,Cross/Enter not at Intersection,IN ROADWAY IMPROPERLY,ON ROADWAY NOT AT CROSSWALK,NO PED. SIGNAL,DARK CLOTHING,,SUSPECTED MINOR INJURY,39.05903667,-77.06514167,"(39.05903667, -77.06514167)"
MCP2203000N,15022465,Montgomery County Police,Injury Crash,05/11/2015 03:10:00 PM,Maryland (State),CONNECTICUT AVE,County,DENFELD AVE,,N/A,PEDESTRIAN,SINGLE VEHICLE,CLEAR,DRY,DAYLIGHT,TRAFFIC SIGNAL,N/A,N/A,16CF5A0B-FC9A-42F8-958E-D21C1C8B3912,PEDESTRIAN,Walking to/from school,DART DASH,ON ROADWAY AT CROSSWALK,DISOBEYED PED. SIGNAL,LIGHT CLOTHING,,SUSPECTED MINOR INJURY,39.03896333,-77.07703833,"(39.03896333, -77.07703833)"
MCP2094004W,15021686,Montgomery County Police,Injury Crash,05/07/2015 10:20:00 AM,,,,,"PARKING LOT OF
 11820 PARKLAWN DR",,OTHER,SINGLE VEHICLE,CLEAR,,DAYLIGHT,N/A,NONE DETECTED,NONE DETECTED,1E454FC7-5217-4FF3-94E6-9CE8E538C37E,OTHER,Other,OTHER,INSIDE BUILDING,N/A,N/A,,SUSPECTED SERIOUS INJURY,39.27647167,-77.21262167,"(39.27647167, -77.21262167)"
DD56050016,15020623,Rockville Police Departme,Property Damage Crash,05/01/2015 05:33:00 PM,,,,,"PARKING LOT OF 360 HUNGERFORD DR, ROCKVILLE, MD",,PEDESTRIAN,OTHER,CLEAR,,DAYLIGHT,NO CONTROLS,NONE DETECTED,NONE DETECTED,395F561E-1251-4053-8BBC-34FB8D098E2E,PEDESTRIAN,Standing,NO IMPROPER ACTIONS,OTHER,NO PED. SIGNAL,LIGHT CLOTHING,,NO APPARENT INJURY,39.09218667,-77.15235667,"(39.09218667, -77.15235667)"
MCP2766001H,15029383,Montgomery County Police,Injury Crash,06/16/2015 08:00:00 PM,Maryland (State),VEIRS MILL RD,County,TURKEY BRANCH PKWY,,N/A,BICYCLIST,STRAIGHT MOVEMENT ANGLE,CLEAR,DRY,DAYLIGHT,WARNING SIGN,NONE DETECTED,NONE DETECTED,C872722A-C876-4AD2-BD2A-DE51325A6F1B,BICYCLIST,Cross/Enter at Intersection,NO IMPROPER ACTIONS,ON ROADWAY AT CROSSWALK,OBEYED PED. SIGNAL,LIGHT CLOTHING,,SUSPECTED MINOR INJURY,39.06028667,-77.08915833,"(39.06028667, -77.08915833)"
DD5601000V,15027969,Rockville Police Departme,Injury Crash,06/09/2015 02:39:00 PM,Maryland (State),VEIRS MILL RD,Municipality,ATLANTIC AVE,,ROCKVILLE,PEDESTRIAN,N/A,CLEAR,DRY,DAYLIGHT,TRAFFIC SIGNAL,NONE DETECTED,NONE DETECTED,EAC05F33-1EBD-4FEB-BC52-57D17C2709F3,PEDESTRIAN,Cross/Enter at Intersection,NO IMPROPER ACTIONS,ON ROADWAY AT CROSSWALK,OBEYED PED. SIGNAL,LIGHT CLOTHING,,POSSIBLE INJURY,39.07530333,-77.11579167,"(39.07530333, -77.11579167)"
MCP28800011,15020169,Montgomery County Police,Injury Crash,04/29/2015 12:34:00 PM,Maryland (State),QUINCE ORCHARD RD,Municipality,FIRSTFIELD RD,,GAITHERSBURG,PEDESTRIAN,SINGLE VEHICLE,CLEAR,DRY,DAYLIGHT,TRAFFIC SIGNAL,NONE DETECTED,NONE DETECTED,985C25BB-E9D2-4B8B-9D10-7CD2D8E234F9,PEDESTRIAN,Cross/Enter at Intersection,DART DASH,ON ROADWAY NOT AT CROSSWALK,DISOBEYED PED. SIGNAL,MIXED CLOTHING,,POSSIBLE INJURY,39.14534667,-77.21987667,"(39.14534667, -77.21987667)"
MCP1182000J,15028164,Montgomery County Police,Injury Crash,06/10/2015 12:53:00 PM,County,HUNTINGTON PKWY,Maryland (State),OLD GEORGETOWN RD,,N/A,BICYCLIST,OTHER,CLEAR,DRY,DAYLIGHT,TRAFFIC SIGNAL,NONE DETECTED,NONE DETECTED,D764AD8E-1B2D-426C-8FD4-2DBD5A87BEBC,BICYCLIST,Cross/Enter at Intersection,NO IMPROPER ACTIONS,AT INTERSECTION MARKED CROSSWALK,OBEYED PED. SIGNAL,N/A,,SUSPECTED SERIOUS INJURY,39.00436333,-77.11007667,"(39.00436333, -77.11007667)"