Report Number,Local Case Number,Agency Name,ACRS Report Type,Crash Date/Time,Route Type,Road Name,Cross-Street Type,Cross-Street Name,Off-Road Description,Municipality,Related Non-Motorist,Collision Type,Weather,Surface Condition,Light,Traffic Control,Driver Substance Abuse,Non-Motorist Substance Abuse,Person ID,Pedestrian Type,Pedestrian Movement,Pedestrian Actions,Pedestrian Location,Pedestrian Obeyed Traffic Signal,Pedestrian Visibility,At Fault,Injury Severity,Latitude,Longitude,Location
MCP2351001G,170534931,Montgomery County Police,Injury Crash,10/05/2017 02:38:00 PM,County,PARKLAWN DR,County,RANDOLPH RD,,N/A,PEDESTRIAN,OTHER,CLEAR,DRY,DAYLIGHT,TRAFFIC SIGNAL,NONE DETECTED,N/A,56D8D182-0807-42B3-96CD-69B3A9B11A3D,PEDESTRIAN,Cross/Enter at Intersection,N/A,AT INTERSECTION MARKED CROSSWALK,N/A,N/A,No,POSSIBLE INJURY,39.06397,-77.117405,"(39.06397, -77.117405)"
MCP229800FY,170535645,Montgomery County Police,Injury Crash,10/09/2017 01:52:00 PM,,,,,PARKING LOT OF 20906A FREDERICK ROAD,,PEDESTRIAN,OTHER,CLEAR,,DAYLIGHT,NO CONTROLS,NONE DETECTED,NONE DETECTED,6691EB75-8181-4FA7-8D73-2C6DD1F26123,PEDESTRIAN,Other,NO IMPROPER ACTIONS,AT INTERSECTION MARKED CROSSWALK,N/A,LIGHT CLOTHING,No,POSSIBLE INJURY,39.19894667,-77.247715,"(39.19894667, -77.247715)"
MCP2047001W,170535308,Montgomery County Police,Injury Crash,10/07/2017 11:37:00 AM,County,CRABBS BRANCH WAY,County,REDLAND RD,,N/A,BICYCLIST,SINGLE VEHICLE,CLEAR,DRY,DAYLIGHT,TRAFFIC SIGNAL,NONE DETECTED,NONE DETECTED,39DF6ED0-AD52-459D-9080-90E96F94BAC4,BICYCLIST,Cross/Enter at Intersection,NO IMPROPER ACTIONS,ON ROADWAY AT CROSSWALK,N/A,LIGHT CLOTHING,No,SUSPECTED MINOR INJURY,39.12088,-77.158795,"(39.12088, -77.158795)"
MCP0036006Z,170535575,Montgomery County Police,Injury Crash,10/09/2017 07:16:00 AM,County,MIDDLEBROOK RD,County,CRYSTAL ROCK DR,,N/A,PEDESTRIAN,SINGLE VEHICLE,RAINING,WET,DARK LIGHTS ON,TRAFFIC SIGNAL,NONE DETECTED,NONE DETECTED,00CF1254-F4DF-4E5F-92ED-07F2D8FC2EB7,PEDESTRIAN,Cross/Enter at Intersection,DART DASH,AT INTERSECTION MARKED CROSSWALK,UNKNOWN,DARK CLOTHING,Yes,SUSPECTED SERIOUS INJURY,39.17685264,-77.26438813,"(39.17685264, -77.26438813)"
MCP3084000G,170534481,Montgomery County Police,Injury Crash,10/03/2017 09:04:00 AM,,,,,PARKING GARAGE AT 5430 WISCONSIN AVE.,,PEDESTRIAN,OTHER,N/A,,OTHER,N/A,NONE DETECTED,NONE DETECTED,5CFEC3B3-5237-40A9-8EB0-0DF9059409E4,PEDESTRIAN,Other,NO IMPROPER ACTIONS,INSIDE BUILDING,NO PED. SIGNAL,MIXED CLOTHING,No,POSSIBLE INJURY,38.96248633,-77.087057,"(38.96248633, -77.087057)"
MCP12130031,170534377,Montgomery County Police,Injury Crash,10/02/2017 05:45:00 PM,County,TWIG RD,Unknown,ELM GROVE CIR,,N/A,PEDESTRIAN,STRAIGHT MOVEMENT ANGLE,CLEAR,DRY,DAYLIGHT,NO CONTROLS,NONE DETECTED,NONE DETECTED,95CB62E1-6696-432D-B94A-E32E4D581EC3,PEDESTRIAN,Cross/Enter at Intersection,NO IMPROPER ACTIONS,ON ROADWAY AT CROSSWALK,NO PED. SIGNAL,DARK CLOTHING,No,POSSIBLE INJURY,39.09462167,-76.98618667,"(39.09462167, -76.98618667)"
HA24110009,17001331,Maryland-National Capital,Injury Crash,10/04/2017 09:36:00 AM,Maryland (State),LAYHILL RD,County,BAUGHMAN DR,,N/A,PEDESTRIAN,OTHER,CLEAR,DRY,DAYLIGHT,N/A,NONE DETECTED,NONE DETECTED,8E04201F-8C2F-4B53-9BDA-08C439101A2E,PEDESTRIAN,Walking/Riding w/Traffic,UNKNOWN,SHOULDER,N/A,MIXED CLOTHING,No,SUSPECTED MINOR INJURY,39.10446175,-77.03905776,"(39.10446175, -77.03905776)"
MCP2351001G,170534931,Montgomery County Police,Injury Crash,10/05/2017 02:38:00 PM,County,PARKLAWN DR,County,RANDOLPH RD,,N/A,PEDESTRIAN,OTHER,CLEAR,DRY,DAYLIGHT,TRAFFIC SIGNAL,NONE DETECTED,NONE DETECTED,79B4B7F6-31A5-4A30-8558-B0CD619180FA,PEDESTRIAN,Cross/Enter at Intersection,UNKNOWN,AT INTERSECTION MARKED CROSSWALK,UNKNOWN,MIXED CLOTHING,Unknown,POSSIBLE INJURY,39.06397,-77.117405,"(39.06397, -77.117405)"
MCP2917001Z,170534983,Montgomery County Police,Injury Crash,10/05/2017 07:09:00 PM,,,,,PARKING LOT OF 3111 HEWITT AVE,,PEDESTRIAN,OTHER,CLEAR,,DARK NO LIGHTS,NO CONTROLS,NONE DETECTED,NONE DETECTED,07A4251F-98A3-458A-BF72-02D3811BCA58,PEDESTRIAN,Other,DART DASH,ON ROADWAY NOT AT CROSSWALK,N/A,MIXED CLOTHING,Yes,SUSPECTED MINOR INJURY,39.08025523,-77.06376761,"(39.08025523, -77.06376761)"
MCP2177002G,170535701,Montgomery County Police,Injury Crash,10/09/2017 06:33:00 AM,County,TWINBROOK PKWY,County,ARDENNES AVE,,N/A,PEDESTRIAN,SINGLE VEHICLE,RAINING,WET,DARK LIGHTS ON,TRAFFIC SIGNAL,UNKNOWN,N/A,2D9C2A5B-D7DA-4AF1-AECF-6AA389CE2118,PEDESTRIAN,Cross/Enter at Intersection,NO IMPROPER ACTIONS,AT INTERSECTION MARKED CROSSWALK,OBEYED PED. SIGNAL,LIGHT CLOTHING,No,SUSPECTED MINOR INJURY,39.06370527,-77.11604856,"(39.06370527, -77.11604856)"
MCP1580007L,170534879,Montgomery County Police,Injury Crash,10/05/2017 10:24:00 AM,County,SNOUFFERS SCHOOL RD,County,GOSHEN RD,,N/A,PEDESTRIAN,OTHER,CLEAR,DRY,DAYLIGHT,N/A,NONE DETECTED,MEDICATION PRESENT,C0BF6780-A8EF-4EBB-9A89-4AB18E7CD2EC,PEDESTRIAN,Other,DART DASH,ON ROADWAY NOT AT CROSSWALK,N/A,MIXED CLOTHING,Yes,SUSPECTED MINOR INJURY,39.18648667,-77.18759167,"(39.18648667, -77.18759167)"
MCP3050001K,170534971,Montgomery County Police,Injury Crash,10/05/2017 03:45:00 PM,,,,,"IN PARKING LOT IFO 14231 GEORGIA AVE SILVER SPRING, MD 20906.",,PEDESTRIAN,SINGLE VEHICLE,CLEAR,,DAYLIGHT,N/A,NONE DETECTED,NONE DETECTED,0732F410-0983-4FD5-9E49-83F339701475,PEDESTRIAN,Other,DART DASH,OTHER,N/A,LIGHT CLOTHING,Yes,SUSPECTED MINOR INJURY,39.09211,-77.06884,"(39.09211, -77.06884)"
MCP2663000C,170535544,Montgomery County Police,Injury Crash,10/08/2017 10:26:00 PM,Maryland (State),EAST WEST HWY,Other Public Roadway,ROSEMARY HILLS RD,,N/A,PEDESTRIAN,SINGLE VEHICLE,RAINING,WET,DARK LIGHTS ON,TRAFFIC SIGNAL,NONE DETECTED,NONE DETECTED,3185EB49-1650-4291-AC91-E11A06402128,PEDESTRIAN,Walking/Riding w/Traffic,NO IMPROPER ACTIONS,ON ROADWAY AT CROSSWALK,OBEYED PED. SIGNAL,UNKNOWN,No,POSSIBLE INJURY,38.99520167,-77.04244167,"(38.99520167, -77.04244167)"
MCP271700DF,170535162,Montgomery County Police,Injury Crash,10/06/2017 04:20:00 PM,County,ST ELMO AVE,Maryland (State),OLD GEORGETOWN RD,,N/A,BICYCLIST,OTHER,CLEAR,DRY,DAYLIGHT,TRAFFIC SIGNAL,NONE DETECTED,NONE DETECTED,E0D63E65-14B3-43C1-B15C-D418CB168A50,BICYCLIST,Cross/Enter at Intersection,DART DASH,ON ROADWAY AT CROSSWALK,DISOBEYED PED. SIGNAL,MIXED CLOTHING,Yes,SUSPECTED MINOR INJURY,38.98773617,-77.09930067,"(38.98773617, -77.09930067)"
MCP28180034,170536099,Montgomery County Police,Injury Crash,10/11/2017 06:55:00 PM,County,BONIFANT ST,County,CEDAR ST,,N/A,PEDESTRIAN,OTHER,RAINING,WET,DARK LIGHTS ON,STOP SIGN,NONE DETECTED,NONE DETECTED,2F58EA83-F717-44B8-9681-574535FAC451,PEDESTRIAN,Cross/Enter at Intersection,NO IMPROPER ACTIONS,ON ROADWAY AT CROSSWALK,NO PED. SIGNAL,DARK CLOTHING,No,SUSPECTED MINOR INJURY,38.995975,-77.02026,"(38.995975, -77.02026)"
MCP271700DG,170535666,Montgomery County Police,Injury Crash,10/09/2017 04:20:00 PM,County,DECATUR AVE,Maryland (State),UNIVERSITY BLVD W,,N/A,PEDESTRIAN,SINGLE VEHICLE,CLEAR,DRY,DAYLIGHT,NO CONTROLS,NONE DETECTED,NONE DETECTED,6AF615B2-2EE8-405C-92D3-02F4004D3EFB,PEDESTRIAN,Cross/Enter not at Intersection,DART DASH,ON ROADWAY NOT AT CROSSWALK,NO PED. SIGNAL,MIXED CLOTHING,Yes,SUSPECTED MINOR INJURY,39.0338525,-77.07308983,"(39.0338525, -77.07308983)"
DD55080040,170536479,Rockville Police Departme,Injury Crash,10/13/2017 04:22:00 PM,Maryland (State),ROCKVILLE PIKE,Municipality,HALPINE RD,,ROCKVILLE,OTHER CONVEYANCE,OTHER,CLOUDY,DRY,DAYLIGHT,NO CONTROLS,NONE DETECTED,NONE DETECTED,FABBE64A-9DD1-470B-8669-638B2634390B,OTHER CONVEYANCE,Other,FAILURE TO YIELD RIGHT OF WAY,SIDEWALK,OTHER,MIXED CLOTHING,Yes,POSSIBLE INJURY,39.06152833,-77.12358167,"(39.06152833, -77.12358167)"
MCP3086000M,170537350,Montgomery County Police,Injury Crash,10/18/2017 08:00:00 AM,Other Public Roadway,BAY BERRY DR,Maryland (State),CLOPPER RD,,N/A,PEDESTRIAN,SINGLE VEHICLE,CLEAR,DRY,DAYLIGHT,STOP SIGN,UNKNOWN,NONE DETECTED,C7DA580A-F8FC-45A9-8969-AC588F3BB78B,PEDESTRIAN,Cross/Enter at Intersection,NO IMPROPER ACTIONS,AT INTERSECTION BUT NO CROSSWALK,NO PED. SIGNAL,UNKNOWN,No,SUSPECTED MINOR INJURY,39.1581598,-77.27337956,"(39.1581598, -77.27337956)"
MCP3058000W,170536683,Montgomery County Police,Injury Crash,10/15/2017 07:24:00 PM,,,,,"OCCURRED ON DRIVEWAY OF 8405 BUCKHANNON DRIVE, POTOMAC MARYLAND",,PEDESTRIAN,OTHER,CLEAR,,DARK -- UNKNOWN LIGHTING,NO CONTROLS,,N/A,6395C7CA-F0A2-4F66-918E-C220ED824DAF,PEDESTRIAN,Other,OTHER,OTHER,N/A,UNKNOWN,Yes,SUSPECTED SERIOUS INJURY,39.04527767,-77.17388034,"(39.04527767, -77.17388034)"
MCP2757001P,170536392,Montgomery County Police,Property Damage Crash,10/13/2017 05:44:00 AM,County,KINGSWELL DR,County,LIVINGSTON ST,,N/A,PEDESTRIAN,SINGLE VEHICLE,N/A,N/A,DARK LIGHTS ON,NO CONTROLS,NONE DETECTED,NONE DETECTED,7604C228-E3AF-4408-B518-17FA188DC78C,PEDESTRIAN,Standing,OTHER,SHOULDER,N/A,DARK CLOTHING,No,NO APPARENT INJURY,39.05451784,-77.05814302,"(39.05451784, -77.05814302)"
DD5595004X,170537601,Rockville Police Departme,Injury Crash,10/19/2017 03:50:00 PM,Municipality,PARK RD,Municipality,N STONESTREET AVE,,ROCKVILLE,PEDESTRIAN,SINGLE VEHICLE,CLEAR,DRY,DAYLIGHT,TRAFFIC SIGNAL,NONE DETECTED,NONE DETECTED,988116AC-0564-4599-A3B4-ED4415B11667,PEDESTRIAN,Cross/Enter at Intersection,DART DASH,AT INTERSECTION BUT NO CROSSWALK,DISOBEYED PED. SIGNAL,LIGHT CLOTHING,Yes,SUSPECTED MINOR INJURY,39.0851545,-77.146674,"(39.0851545, -77.146674)"
MCP29910021,170536253,Montgomery County Police,Injury Crash,10/12/2017 01:58:00 PM,,,,,PARKING LOT OF 3410 OLNEY LAYTONSVILLE RD (SIDE PARKING LOT EXIT),,PEDESTRIAN,SINGLE VEHICLE,CLEAR,,DAYLIGHT,N/A,NONE DETECTED,NONE DETECTED,5BF81DB6-F0E4-4AB4-96AE-316C6805C64B,PEDESTRIAN,Walking/Cycling on Sidewalk,NO IMPROPER ACTIONS,SIDEWALK,N/A,LIGHT CLOTHING,No,POSSIBLE INJURY,39.15259833,-77.06701167,"(39.15259833, -77.06701167)"
EJ78330040,170536537,Gaithersburg Police Depar,Injury Crash,10/13/2017 08:58:00 PM,Municipality,HILLSTONE RD,Maryland (State),QUINCE ORCHARD RD,,N/A,PEDESTRIAN,OTHER,CLOUDY,DRY,DARK LIGHTS ON,TRAFFIC SIGNAL,NONE DETECTED,NONE DETECTED,68D77B82-F7F4-46C3-9F34-8128D0CFEF70,PEDESTRIAN,Cross/Enter not at Intersection,NOT VISIBLE,ON ROADWAY NOT AT CROSSWALK,UNKNOWN,DARK CLOTHING,Unknown,SUSPECTED MINOR INJURY,39.11969794,-77.25060225,"(39.11969794, -77.25060225)"
MCP2777003Q,170535372,Montgomery County Police,Injury Crash,10/07/2017 07:14:00 PM,County,HAMPDEN LA,County,WOODMONT AVE,,N/A,PEDESTRIAN,SINGLE VEHICLE,CLEAR,DRY,DARK LIGHTS ON,TRAFFIC SIGNAL,NONE DETECTED,ALCOHOL PRESENT,2C54ED8A-D6B9-4F2C-A33F-6D9D80ACEA34,PEDESTRIAN,Cross/Enter at Intersection,NO IMPROPER ACTIONS,AT INTERSECTION MARKED CROSSWALK,OBEYED PED. SIGNAL,LIGHT CLOTHING,No,POSSIBLE INJURY,38.98249667,-77.096145,"(38.98249667, -77.096145)"
MCP3053000J,170537015,Montgomery County Police,Injury Crash,10/16/2017 04:50:00 PM,County,BAUER DR,Other Public Roadway,BURNSIDE DR,,N/A,PEDESTRIAN,OTHER,CLEAR,DRY,DAYLIGHT,TRAFFIC SIGNAL,N/A,N/A,F68E93F1-9450-4FD8-8082-53F8023954ED,PEDESTRIAN,Cross/Enter at Intersection,NO IMPROPER ACTIONS,ON ROADWAY AT CROSSWALK,OBEYED PED. SIGNAL,N/A,No,POSSIBLE INJURY,39.09451983,-77.1092733,"(39.09451983, -77.1092733)"
MCP27880018,170536709,Montgomery County Police,Injury Crash,10/17/2017 11:23:00 PM,Maryland (State),GEORGIA AVE,Maryland (State),UNIVERSITY BLVD W,,N/A,BICYCLIST,SAME DIRECTION RIGHT TURN,CLEAR,DRY,DARK LIGHTS ON,NO CONTROLS,UNKNOWN,NONE DETECTED,1C49A5D9-5810-4E45-9BD2-D566EA5BF6A1,BICYCLIST,Walking/Riding w/Traffic,UNKNOWN,SHOULDER,NO PED. SIGNAL,DARK CLOTHING,No,SUSPECTED MINOR INJURY,39.04193729,-77.05223545,"(39.04193729, -77.05223545)"
MCP3082000N,170537210,Montgomery County Police,Injury Crash,10/17/2017 04:32:00 PM,County,WOODLAND DR,County,COLUMBIA BLVD,,N/A,BICYCLIST,OTHER,CLEAR,DRY,DAYLIGHT,STOP SIGN,N/A,N/A,F242BCEF-3F66-496F-93D2-6CAECEC63736,BICYCLIST,Cross/Enter not at Intersection,IN ROADWAY IMPROPERLY,ON ROADWAY NOT AT CROSSWALK,N/A,LIGHT CLOTHING,Yes,POSSIBLE INJURY,39.00923652,-77.03830004,"(39.00923652, -77.03830004)"
MCP2757001P,170536392,Montgomery County Police,Property Damage Crash,10/13/2017 05:44:00 AM,County,KINGSWELL DR,County,LIVINGSTON ST,,N/A,PEDESTRIAN,SINGLE VEHICLE,N/A,N/A,DARK LIGHTS ON,NO CONTROLS,NONE DETECTED,NONE DETECTED,55BCA61C-5267-41A3-B9A5-B15963311238,PEDESTRIAN,Standing,OTHER,SHOULDER,N/A,DARK CLOTHING,No,NO APPARENT INJURY,39.05451784,-77.05814302,"(39.05451784, -77.05814302)"
EJ7869000M,170537256,Gaithersburg Police Depar,Injury Crash,10/17/2017 08:50:00 PM,Maryland (State),MONTGOMERY VILLAGE AVE,Municipality,RUSSELL AVE,,GAITHERSBURG,PEDESTRIAN,OTHER,N/A,DRY,DARK LIGHTS ON,NO CONTROLS,UNKNOWN,ILLEGAL DRUG PRESENT,185022BE-6CCE-4D1B-B0E1-911B24B69540,PEDESTRIAN,Walking/Riding w/Traffic,IN ROADWAY IMPROPERLY,ON ROADWAY NOT AT CROSSWALK,NO PED. SIGNAL,UNKNOWN,Yes,SUSPECTED SERIOUS INJURY,39.15514766,-77.20848151,"(39.15514766, -77.20848151)"
MCP29600027,170534273,Montgomery County Police,Injury Crash,10/02/2017 07:23:00 AM,County,HOMECREST RD,County,LONGMEAD CROSSING DR,,N/A,PEDESTRIAN,OTHER,N/A,DRY,DAWN,STOP SIGN,N/A,N/A,DC761DAF-6236-4EDE-8B43-E8D5A308F7C5,PEDESTRIAN,Cross/Enter at Intersection,NO IMPROPER ACTIONS,ON ROADWAY AT CROSSWALK,NO PED. SIGNAL,LIGHT CLOTHING,No,POSSIBLE INJURY,39.10357,-77.05400333,"(39.10357, -77.05400333)"
MCP242500BB,170535583,Montgomery County Police,Injury Crash,10/09/2017 07:56:00 AM,County,SCHINDLER DR,County,LA GRANDE RD,,N/A,PEDESTRIAN,SINGLE VEHICLE,N/A,WET,DAYLIGHT,NO CONTROLS,NONE DETECTED,NONE DETECTED,F5066003-F927-4F2F-B5D2-70E7AF21653D,PEDESTRIAN,Cross/Enter not at Intersection,DART DASH,ON ROADWAY NOT AT CROSSWALK,NO PED. SIGNAL,DARK CLOTHING,Yes,POSSIBLE INJURY,39.02773833,-76.99080667,"(39.02773833, -76.99080667)"
MCP29390022,170538862,Montgomery County Police,Injury Crash,10/25/2017 09:10:00 PM,County,BURNT WOODS DR,County,WATERS LANDING DR,,N/A,PEDESTRIAN,SAME DIR REAR END,CLEAR,DRY,DARK LIGHTS ON,STOP SIGN,,N/A,D174BC8C-E29E-4376-AFC2-453AEF390373,PEDESTRIAN,Getting off/on Vehicle,OTHER,ON ROADWAY AT CROSSWALK,NO PED. SIGNAL,N/A,Yes,SUSPECTED MINOR INJURY,39.19633249,-77.27894649,"(39.19633249, -77.27894649)"
MCP3011001W,170538367,Montgomery County Police,Injury Crash,10/23/2017 05:02:00 PM,Maryland (State),BRADLEY BLVD,County,RAYBURN RD,,N/A,BICYCLIST,STRAIGHT MOVEMENT ANGLE,CLEAR,N/A,DAYLIGHT,TRAFFIC SIGNAL,NONE DETECTED,NONE DETECTED,7838D842-AD2B-402D-9EEA-69FA73AFF9B1,BICYCLIST,Cross/Enter at Intersection,NO IMPROPER ACTIONS,SHOULDER,N/A,LIGHT CLOTHING,No,SUSPECTED MINOR INJURY,38.99330333,-77.12057667,"(38.99330333, -77.12057667)"
MCP21210015,170537380,Montgomery County Police,Property Damage Crash,10/19/2017 01:55:00 PM,,,,,"PARKING LOT OF 18911 PEACH TREE RD DICKERSON, MD 20842",,OTHER,OTHER,CLEAR,,DAYLIGHT,N/A,NONE DETECTED,NONE DETECTED,060AA460-5030-4CC7-9BAF-5E9F0AC24576,OTHER,Other,N/A,INSIDE BUILDING,N/A,N/A,No,NO APPARENT INJURY,39.16642236,-77.38878429,"(39.16642236, -77.38878429)"
MCP3007002F,170535765,Montgomery County Police,Injury Crash,10/10/2017 08:15:00 AM,County,BEL PRE RD,Maryland (State),GEORGIA AVE,,N/A,PEDESTRIAN,SINGLE VEHICLE,N/A,DRY,DAYLIGHT,N/A,N/A,N/A,00F23021-79CB-4733-A375-A2D832DE66C1,PEDESTRIAN,Cross/Enter not at Intersection,DART DASH,ON ROADWAY NOT AT CROSSWALK,NO PED. SIGNAL,UNKNOWN,Yes,SUSPECTED MINOR INJURY,39.09347325,-77.07867265,"(39.09347325, -77.07867265)"
MCP29710036,170538587,Montgomery County Police,Injury Crash,10/24/2017 05:52:00 PM,County,FORSYTHIA TERR,County,FORSYTHIA LA,,N/A,PEDESTRIAN,SINGLE VEHICLE,CLEAR,DRY,DAYLIGHT,NO CONTROLS,,NONE DETECTED,079B69DC-DB92-4B06-BE3F-89F6192BCDCD,PEDESTRIAN,Standing,NO IMPROPER ACTIONS,OTHER,N/A,N/A,No,SUSPECTED MINOR INJURY,39.09914777,-76.94162786,"(39.09914777, -76.94162786)"
MCP2829003K,170538120,Montgomery County Police,Injury Crash,10/22/2017 07:55:00 AM,County,SPRING ST,County,ROEDER RD,,N/A,PEDESTRIAN,OTHER,CLEAR,DRY,DAYLIGHT,NO CONTROLS,NONE DETECTED,NONE DETECTED,AE6CB71A-87D8-407B-9D12-76CE8D58B56B,PEDESTRIAN,Cross/Enter not at Intersection,IN ROADWAY IMPROPERLY,ON ROADWAY NOT AT CROSSWALK,N/A,MIXED CLOTHING,Yes,SUSPECTED MINOR INJURY,38.99901697,-77.02503785,"(38.99901697, -77.02503785)"
MCP29710036,170538587,Montgomery County Police,Injury Crash,10/24/2017 05:52:00 PM,County,FORSYTHIA TERR,County,FORSYTHIA LA,,N/A,PEDESTRIAN,SINGLE VEHICLE,CLEAR,DRY,DAYLIGHT,NO CONTROLS,,NONE DETECTED,E770820F-CA3C-4B73-87E2-768234C39E90,PEDESTRIAN,Standing,NO IMPROPER ACTIONS,OTHER,N/A,N/A,No,SUSPECTED MINOR INJURY,39.09914777,-76.94162786,"(39.09914777, -76.94162786)"
MCP29170021,170538180,Montgomery County Police,Injury Crash,10/22/2017 04:38:00 PM,County,LONGMEAD CROSSING DR,County,VILLAGE GATE DR,,N/A,BICYCLIST,STRAIGHT MOVEMENT ANGLE,CLEAR,DRY,DAYLIGHT,NO CONTROLS,NONE DETECTED,NONE DETECTED,86D45BF4-CC4A-4762-AFE7-89D494B3DBA2,BICYCLIST,Cross/Enter at Intersection,FAILURE TO YIELD RIGHT OF WAY,ON ROADWAY NOT AT CROSSWALK,OTHER,UNKNOWN,Unknown,SUSPECTED MINOR INJURY,39.09674333,-77.04594833,"(39.09674333, -77.04594833)"
MCP91130033,170537370,Montgomery County Police,Injury Crash,10/18/2017 01:13:00 PM,County,GRENOBLE DR,County,HALLET PL,,N/A,PEDESTRIAN,OTHER,CLEAR,DRY,DAYLIGHT,NO CONTROLS,,NONE DETECTED,A74F4E30-0191-412B-AD0D-E27303113A8D,PEDESTRIAN,Other,OTHER,OTHER,NO PED. SIGNAL,OTHER,No,POSSIBLE INJURY,39.073068,-77.091561,"(39.073068, -77.091561)"
MCP25120036,170538362,Montgomery County Police,Injury Crash,10/23/2017 04:59:00 PM,Maryland (State),DARNESTOWN RD,County,MUDDY BRANCH RD,,N/A,BICYCLIST,SAME DIRECTION RIGHT TURN,CLOUDY,DRY,DAYLIGHT,TRAFFIC SIGNAL,NONE DETECTED,NONE DETECTED,FFD48116-7BC5-4CFE-B321-4F59B74F07ED,BICYCLIST,Walking/Riding w/Traffic,NO IMPROPER ACTIONS,IN BIKEWAY,OTHER,REFLECTIVE MATERIAL,No,SUSPECTED MINOR INJURY,39.10260833,-77.22000333,"(39.10260833, -77.22000333)"
MCP11210033,170538396,Montgomery County Police,Injury Crash,10/23/2017 07:04:00 PM,County,SNOUFFERS SCHOOL RD,Maryland (State),WOODFIELD RD,,N/A,PEDESTRIAN,SINGLE VEHICLE,CLOUDY,DRY,DARK NO LIGHTS,NO CONTROLS,NONE DETECTED,UNKNOWN,EDAF6FDE-4F16-49CB-AB46-5D344A68E200,PEDESTRIAN,Cross/Enter not at Intersection,IN ROADWAY IMPROPERLY,ON ROADWAY NOT AT CROSSWALK,N/A,DARK CLOTHING,Yes,POSSIBLE INJURY,39.16079333,-77.16329,"(39.16079333, -77.16329)"
MCP2703001S,170537660,Montgomery County Police,Injury Crash,10/19/2017 08:45:00 PM,County,DOWNS DR,County,BUCKLEY DR,,N/A,BICYCLIST,HEAD ON LEFT TURN,CLEAR,DRY,DARK -- UNKNOWN LIGHTING,NO CONTROLS,N/A,N/A,1D019D35-1262-4031-970E-FCAD3263F60D,BICYCLIST,Walking/Riding against Traffic,NO IMPROPER ACTIONS,CURB,N/A,MIXED CLOTHING,No,POSSIBLE INJURY,39.06069,-76.996375,"(39.06069, -76.996375)"
MCP3048001Y,170538125,Montgomery County Police,Injury Crash,10/22/2017 09:35:00 AM,County,SANGAMORE RD,County,MACARTHUR BLVD,,N/A,BICYCLIST,HEAD ON LEFT TURN,CLEAR,DRY,DAYLIGHT,TRAFFIC SIGNAL,NONE DETECTED,NONE DETECTED,B57D8B15-4DFF-405A-B260-571B2B39D5D2,BICYCLIST,Cross/Enter at Intersection,NO IMPROPER ACTIONS,ON ROADWAY NOT AT CROSSWALK,NO PED. SIGNAL,REFLECTIVE MATERIAL,No,SUSPECTED MINOR INJURY,38.94458833,-77.11712333,"(38.94458833, -77.11712333)"
MCP29540045,170537648,Montgomery County Police,Injury Crash,10/19/2017 06:52:00 PM,,,,,1008 QUEBEC TER APT 101,,OTHER,SAME DIRECTION SIDESWIPE,CLEAR,,DARK -- UNKNOWN LIGHTING,NO CONTROLS,ALCOHOL PRESENT,N/A,A14AB852-7D3B-42A4-BC61-399EFBACF86F,OTHER,Other,NO IMPROPER ACTIONS,INSIDE BUILDING,N/A,N/A,No,SUSPECTED MINOR INJURY,38.99984,-76.98938667,"(38.99984, -76.98938667)"
MCP25880039,170539144,Montgomery County Police,Injury Crash,10/27/2017 11:54:00 AM,Maryland (State),CONNECTICUT AVE,County,ASPEN HILL RD,,N/A,PEDESTRIAN,OTHER,CLEAR,DRY,DAYLIGHT,NO CONTROLS,NONE DETECTED,NONE DETECTED,33EF0D58-57E7-464D-A499-C28D89F764AB,PEDESTRIAN,Cross/Enter at Intersection,NO IMPROPER ACTIONS,ON ROADWAY AT CROSSWALK,OBEYED PED. SIGNAL,DARK CLOTHING,No,POSSIBLE INJURY,39.08011,-77.08141333,"(39.08011, -77.08141333)"
MCP2353004H,170539725,Montgomery County Police,Property Damage Crash,10/30/2017 06:43:00 AM,County,EDGEMOOR LA,County,WOODMONT AVE,,N/A,BICYCLIST,SINGLE VEHICLE,CLOUDY,DRY,DARK LIGHTS ON,TRAFFIC SIGNAL,NONE DETECTED,NONE DETECTED,E3715729-95B2-4DE5-A119-26EAED05703B,BICYCLIST,Cross/Enter at Intersection,NO IMPROPER ACTIONS,ON ROADWAY AT CROSSWALK,PED. SIGNAL MALFUNCTION,HEAD LIGHT AND REFLECTORS,No,NO APPARENT INJURY,38.98479302,-77.09673062,"(38.98479302, -77.09673062)"
MCP12130035,170539200,Montgomery County Police,Injury Crash,10/27/2017 03:46:00 PM,,,,,DRIVEWAY OF 2006 LONGMEAD RD,,PEDESTRIAN,STRAIGHT MOVEMENT ANGLE,CLEAR,,DAYLIGHT,N/A,NONE DETECTED,NONE DETECTED,AD7A7C53-FDC0-4E79-B5F3-5B5E2B3DB8FB,PEDESTRIAN,Standing,NO IMPROPER ACTIONS,OTHER,N/A,MIXED CLOTHING,No,SUSPECTED SERIOUS INJURY,39.09699833,-77.04292833,"(39.09699833, -77.04292833)"