Report Number,Local Case Number,Agency Name,ACRS Report Type,Crash Date/Time,Route Type,Road Name,Cross-Street Type,Cross-Street Name,Off-Road Description,Municipality,Related Non-Motorist,Collision Type,Weather,Surface Condition,Light,Traffic Control,Driver Substance Abuse,Non-Motorist Substance Abuse,Person ID,Pedestrian Type,Pedestrian Movement,Pedestrian Actions,Pedestrian Location,Pedestrian Obeyed Traffic Signal,Pedestrian Visibility,At Fault,Injury Severity,Latitude,Longitude,Location
MCP30590012,170539238,Montgomery County Police,Injury Crash,10/27/2017 06:23:00 PM,County,ARCOLA AVE,County,OREBAUGH AVE,,N/A,PEDESTRIAN,OTHER,CLEAR,DRY,DUSK,YIELD SIGN,NONE DETECTED,NONE DETECTED,01C4849A-080C-4415-B6DC-EE98AB4E3D57,PEDESTRIAN,Cross/Enter at Intersection,NO IMPROPER ACTIONS,MIDBLOCK MARKED CROSSWALK,NO PED. SIGNAL,LIGHT CLOTHING,No,POSSIBLE INJURY,39.04705,-77.03664,"(39.04705, -77.03664)"
MCP3029001M,170539828,Montgomery County Police,Injury Crash,10/30/2017 04:45:00 PM,County,CARTERS GROVE DR,Unknown,CARTERS GROVE CT,,N/A,PEDESTRIAN,OTHER,CLEAR,DRY,DAYLIGHT,NO CONTROLS,NONE DETECTED,NONE DETECTED,132B64B4-8BEE-4976-A7EF-E3DCC69BBF24,PEDESTRIAN,Cross/Enter at Intersection,NO IMPROPER ACTIONS,OTHER,NO PED. SIGNAL,LIGHT CLOTHING,No,POSSIBLE INJURY,39.06088695,-76.97171152,"(39.06088695, -76.97171152)"
MCP2992001H,170538604,Montgomery County Police,Injury Crash,10/24/2017 07:15:00 PM,County,HOMECREST RD,County,LONGMEAD CROSSING DR,,N/A,PEDESTRIAN,OTHER,CLEAR,DRY,DARK NO LIGHTS,STOP SIGN,NONE DETECTED,N/A,DAF8B730-5DFC-4A2E-B92E-9FDECF481761,PEDESTRIAN,Cross/Enter at Intersection,UNKNOWN,AT INTERSECTION MARKED CROSSWALK,NO PED. SIGNAL,MIXED CLOTHING,No,SUSPECTED MINOR INJURY,39.10351633,-77.05449033,"(39.10351633, -77.05449033)"
MCP1366006M,170539753,Montgomery County Police,Injury Crash,10/30/2017 09:55:00 AM,,,,,"SHADY GROVE METRO 
15903 SOMMERVILLE DR
 ROCKVILLE, MD 20855",,PEDESTRIAN,SINGLE VEHICLE,CLEAR,,DAYLIGHT,NO CONTROLS,UNKNOWN,N/A,6008042E-D5F3-435C-83F2-4556970F8BBC,PEDESTRIAN,Other,NO IMPROPER ACTIONS,OTHER,N/A,MIXED CLOTHING,No,SUSPECTED MINOR INJURY,39.11896,-77.16729333,"(39.11896, -77.16729333)"
DD55980022,170539245,Rockville Police Departme,Injury Crash,10/27/2017 06:58:00 PM,Maryland (State),VEIRS MILL RD,Municipality,ATLANTIC AVE,,ROCKVILLE,PEDESTRIAN,STRAIGHT MOVEMENT ANGLE,CLEAR,DRY,DARK LIGHTS ON,TRAFFIC SIGNAL,N/A,N/A,3A3851FB-C037-43B6-8B72-DB4F2B3C0BAD,PEDESTRIAN,Cross/Enter at Intersection,N/A,ON ROADWAY AT CROSSWALK,OBEYED PED. SIGNAL,MIXED CLOTHING,No,SUSPECTED MINOR INJURY,39.07521933,-77.11582817,"(39.07521933, -77.11582817)"
MCP10220085,170539119,Montgomery County Police,Injury Crash,10/27/2017 08:52:00 AM,Other Public Roadway,APPLEDOWRE WAY,Unknown,FRUITWOOD WAY,,N/A,PEDESTRIAN,SINGLE VEHICLE,CLEAR,DRY,DAYLIGHT,NO CONTROLS,NONE DETECTED,NONE DETECTED,99275B1A-B9C2-41FB-A193-A7572BC5B2AB,PEDESTRIAN,Other,IN ROADWAY IMPROPERLY,ON ROADWAY NOT AT CROSSWALK,NO PED. SIGNAL,DARK CLOTHING,Yes,SUSPECTED MINOR INJURY,39.1851,-77.23542333,"(39.1851, -77.23542333)"
MCP2420002Q,170538598,Montgomery County Police,Injury Crash,10/24/2017 06:24:00 PM,,,,,PARKING LOT OF 14014  CONNECTICUT AVE,,PEDESTRIAN,SINGLE VEHICLE,CLEAR,,DARK LIGHTS ON,NO CONTROLS,NONE DETECTED,NONE DETECTED,B06AC43D-68BC-43D5-8C72-A60D807EF3F7,PEDESTRIAN,Other,UNKNOWN,UNKNOWN,N/A,MIXED CLOTHING,Unknown,SUSPECTED MINOR INJURY,39.08593706,-77.07625866,"(39.08593706, -77.07625866)"
MCP3061000L,170539614,Montgomery County Police,Property Damage Crash,10/29/2017 10:10:00 AM,County,CLARKSBURG RD,County,BARNES RD,,N/A,OTHER,SINGLE VEHICLE,CLOUDY,WET,DAYLIGHT,NO CONTROLS,NONE DETECTED,N/A,D57108B8-B3A2-421E-A34F-ED15F77E7FEE,OTHER,N/A,N/A,N/A,N/A,N/A,No,NO APPARENT INJURY,39.18431102,-77.3125425,"(39.18431102, -77.3125425)"
HA2433000D,17001328,Maryland-National Capital,Injury Crash,10/03/2017 05:14:00 PM,Government,SLIGO CREEK PKWY,US (State),COLESVILLE RD,,N/A,BICYCLIST,HEAD ON,N/A,N/A,DAYLIGHT,NO CONTROLS,N/A,N/A,8D159699-75D2-4CC3-B07F-7630D1D0B82D,BICYCLIST,Walking/Riding w/Traffic,NO IMPROPER ACTIONS,ON ROADWAY NOT AT CROSSWALK,NO PED. SIGNAL,LIGHT CLOTHING,No,SUSPECTED MINOR INJURY,39.00740449,-77.01970696,"(39.00740449, -77.01970696)"
MCP242500BD,170537705,Montgomery County Police,Injury Crash,10/20/2017 06:51:00 AM,Maryland (State),EAST WEST HWY,Unknown,NOAA,,N/A,PEDESTRIAN,SINGLE VEHICLE,CLEAR,DRY,DARK LIGHTS ON,OTHER,NONE DETECTED,NONE DETECTED,2EB8A18A-73D6-4EC5-A237-6433866E533A,PEDESTRIAN,Walking/Cycling on Sidewalk,DART DASH,ON ROADWAY AT CROSSWALK,NO PED. SIGNAL,DARK CLOTHING,No,SUSPECTED MINOR INJURY,38.99100333,-77.03061333,"(38.99100333, -77.03061333)"
DD5583003D,170539999,Rockville Police Departme,Injury Crash,10/31/2017 02:45:00 PM,Maryland (State),ROCKVILLE PIKE,Municipality,RICHARD MONTGOMERY DR,,ROCKVILLE,PEDESTRIAN,SINGLE VEHICLE,CLEAR,DRY,DAYLIGHT,TRAFFIC SIGNAL,UNKNOWN,NONE DETECTED,2B8EF060-2650-4557-A106-05513B07DFE2,PEDESTRIAN,Cross/Enter at Intersection,NO IMPROPER ACTIONS,AT INTERSECTION MARKED CROSSWALK,OBEYED PED. SIGNAL,LIGHT CLOTHING,No,SUSPECTED MINOR INJURY,39.08033071,-77.14409441,"(39.08033071, -77.14409441)"
MCP21340016,170537943,Montgomery County Police,Fatal Crash,10/21/2017 02:33:00 AM,County,SHADY GROVE RD,County,CRABBS BRANCH WAY,,N/A,PEDESTRIAN,OTHER,CLEAR,DRY,DARK LIGHTS ON,N/A,N/A,UNKNOWN,EFE3A092-9D59-455F-9CCC-A38E2C7E8207,PEDESTRIAN,Other,UNKNOWN,ON ROADWAY NOT AT CROSSWALK,N/A,DARK CLOTHING,No,FATAL INJURY,39.129115,-77.16602167,"(39.129115, -77.16602167)"
MCP2399001F,170539037,Montgomery County Police,Injury Crash,10/26/2017 07:00:00 PM,County,LOST KNIFE RD,Other Public Roadway,ODENDHAL AVE,,N/A,PEDESTRIAN,OTHER,CLEAR,DRY,DARK LIGHTS ON,TRAFFIC SIGNAL,NONE DETECTED,N/A,2133F347-CF2C-4198-B540-5B0D64FF5055,PEDESTRIAN,Cross/Enter at Intersection,DART DASH,AT INTERSECTION MARKED CROSSWALK,OBEYED PED. SIGNAL,DARK CLOTHING,No,POSSIBLE INJURY,39.15250563,-77.19827302,"(39.15250563, -77.19827302)"
DD5603004V,170541834,Rockville Police Departme,Injury Crash,11/09/2017 11:35:00 AM,Municipality,MT VERNON PL,Municipality,BLANDFORD ST,,ROCKVILLE,PEDESTRIAN,OTHER,RAINING,WET,DAYLIGHT,NO CONTROLS,NONE DETECTED,NONE DETECTED,1679AEE1-40D1-44AF-B628-AF00BE578A9D,PEDESTRIAN,Standing,NO IMPROPER ACTIONS,SIDEWALK,OBEYED PED. SIGNAL,MIXED CLOTHING,No,SUSPECTED MINOR INJURY,38.99753833,-77.10968667,"(38.99753833, -77.10968667)"
MCP30050037,170539649,Montgomery County Police,Injury Crash,10/29/2017 01:40:00 PM,,,,,PARKING LOT OF 12389 GEORGIA AVE,,PEDESTRIAN,ANGLE MEETS LEFT TURN,CLOUDY,,DAYLIGHT,NO CONTROLS,NONE DETECTED,NONE DETECTED,82216360-A25A-4921-BDC9-AAA883D759DC,PEDESTRIAN,Other,NO IMPROPER ACTIONS,OTHER,NO PED. SIGNAL,LIGHT CLOTHING,No,POSSIBLE INJURY,39.06081197,-77.04990059,"(39.06081197, -77.04990059)"
MCP30300012,170541923,Montgomery County Police,Injury Crash,11/09/2017 06:27:00 PM,County,BEECH AVE,Maryland (State),OLD GEORGETOWN RD,,N/A,PEDESTRIAN,STRAIGHT MOVEMENT ANGLE,RAINING,WET,DARK LIGHTS ON,TRAFFIC SIGNAL,NONE DETECTED,NONE DETECTED,D763C3ED-3A2B-422D-B9BA-1E81A865BB04,PEDESTRIAN,Cross/Enter at Intersection,NO IMPROPER ACTIONS,ON ROADWAY AT CROSSWALK,OBEYED PED. SIGNAL,MIXED CLOTHING,No,SUSPECTED MINOR INJURY,39.01027333,-77.11488667,"(39.01027333, -77.11488667)"
MCP3021001V,170541477,Montgomery County Police,Injury Crash,11/07/2017 12:50:00 PM,County,GREENCASTLE RD,County,OLD COLUMBIA PIKE,,N/A,BICYCLIST,SINGLE VEHICLE,RAINING,WET,DAYLIGHT,NO CONTROLS,UNKNOWN,N/A,06FE5E99-4506-4ED7-BD08-3917B3F97320,BICYCLIST,Cross/Enter not at Intersection,NO IMPROPER ACTIONS,ON ROADWAY NOT AT CROSSWALK,NO PED. SIGNAL,MIXED CLOTHING,No,SUSPECTED MINOR INJURY,39.09776145,-76.94304943,"(39.09776145, -76.94304943)"
MCP1227000N,170540319,Montgomery County Police,Fatal Crash,11/01/2017 07:49:00 PM,Maryland (State),NEW HAMPSHIRE AVE,Municipality,LARCH AVE,,TAKOMA PARK,PEDESTRIAN,SINGLE VEHICLE,CLEAR,DRY,DARK LIGHTS ON,TRAFFIC SIGNAL,NONE DETECTED,NONE DETECTED,A3F0BD1E-E961-40C8-AE73-3B05DFE48711,PEDESTRIAN,Unknown,UNKNOWN,UNKNOWN,UNKNOWN,DARK CLOTHING,Unknown,FATAL INJURY,38.97771959,-76.99186429,"(38.97771959, -76.99186429)"
DD55080043,170541807,Rockville Police Departme,Injury Crash,11/09/2017 09:57:00 AM,Maryland (State),VEIRS MILL RD,County,TWINBROOK PKWY,,N/A,PEDESTRIAN,OTHER,RAINING,WET,DAYLIGHT,TRAFFIC SIGNAL,NONE DETECTED,UNKNOWN,BEB28B90-AF65-4A9B-B2A3-232FF2D06225,PEDESTRIAN,Cross/Enter at Intersection,IN ROADWAY IMPROPERLY,ON ROADWAY NOT AT CROSSWALK,NO PED. SIGNAL,MIXED CLOTHING,Yes,SUSPECTED SERIOUS INJURY,39.07349901,-77.11182877,"(39.07349901, -77.11182877)"
MCP1309000Z,170540675,Montgomery County Police,Injury Crash,11/03/2017 01:15:00 PM,County,SHAKESPEARE BLVD,Maryland (State),FREDERICK RD,,N/A,PEDESTRIAN,OTHER,CLEAR,DRY,DAYLIGHT,NO CONTROLS,NONE DETECTED,NONE DETECTED,E2B78726-07A4-455B-AA06-06DA61850847,PEDESTRIAN,Cross/Enter not at Intersection,IN ROADWAY IMPROPERLY,ON ROADWAY NOT AT CROSSWALK,NO PED. SIGNAL,LIGHT CLOTHING,Yes,SUSPECTED MINOR INJURY,39.19820167,-77.2457,"(39.19820167, -77.2457)"
MCP3053000P,170541330,Montgomery County Police,Injury Crash,11/06/2017 06:05:00 PM,Maryland (State),LAYHILL RD,County,GLENALLAN AVE,,N/A,PEDESTRIAN,OTHER,CLOUDY,WET,DARK LIGHTS ON,TRAFFIC SIGNAL,NONE DETECTED,N/A,30754038-FC46-4E7B-93E0-DDBBF938B5F2,PEDESTRIAN,Cross/Enter at Intersection,UNKNOWN,AT INTERSECTION MARKED CROSSWALK,UNKNOWN,MIXED CLOTHING,No,SUSPECTED MINOR INJURY,39.06366,-77.04954833,"(39.06366, -77.04954833)"
MCP28660048,170541535,Montgomery County Police,Injury Crash,11/07/2017 06:00:00 PM,County,WOODMONT AVE,County,ELM ST,,N/A,PEDESTRIAN,SINGLE VEHICLE,RAINING,WET,DARK LIGHTS ON,TRAFFIC SIGNAL,NONE DETECTED,NONE DETECTED,4DEDA5E1-F294-4904-B9F8-3A2E03844428,PEDESTRIAN,Cross/Enter at Intersection,NO IMPROPER ACTIONS,AT INTERSECTION MARKED CROSSWALK,OBEYED PED. SIGNAL,DARK CLOTHING,No,SUSPECTED MINOR INJURY,38.98227167,-77.09605167,"(38.98227167, -77.09605167)"
DD5603004V,170541834,Rockville Police Departme,Injury Crash,11/09/2017 11:35:00 AM,Municipality,MT VERNON PL,Municipality,BLANDFORD ST,,ROCKVILLE,PEDESTRIAN,OTHER,RAINING,WET,DAYLIGHT,NO CONTROLS,NONE DETECTED,NONE DETECTED,AAD1CDE3-477E-4BBF-B62B-1486F3889959,PEDESTRIAN,Standing,NO IMPROPER ACTIONS,SIDEWALK,OBEYED PED. SIGNAL,MIXED CLOTHING,No,SUSPECTED MINOR INJURY,38.99753833,-77.10968667,"(38.99753833, -77.10968667)"
MCP21180009,170539100,Montgomery County Police,Property Damage Crash,10/27/2017 04:33:00 AM,County,JOHNSON DR,County,BETHESDA CHURCH RD,,N/A,OTHER,SINGLE VEHICLE,CLEAR,DRY,DARK LIGHTS ON,N/A,NONE DETECTED,N/A,7F57979E-F00F-4B6B-A47C-7BD504FA61AF,OTHER,N/A,NO IMPROPER ACTIONS,N/A,N/A,N/A,No,NO APPARENT INJURY,39.29061167,-77.22294333,"(39.29061167, -77.22294333)"
MCP23390032,170541540,Montgomery County Police,Injury Crash,11/07/2017 06:05:00 PM,Maryland (State),ROCKVILLE PIKE,Municipality,HALPINE RD,,ROCKVILLE,PEDESTRIAN,SINGLE VEHICLE,RAINING,WET,DARK LIGHTS ON,TRAFFIC SIGNAL,NONE DETECTED,NONE DETECTED,053020D5-129A-496E-A750-A0CF5AEEECF5,PEDESTRIAN,Cross/Enter at Intersection,NO IMPROPER ACTIONS,ON ROADWAY AT CROSSWALK,OBEYED PED. SIGNAL,DARK CLOTHING,No,SUSPECTED MINOR INJURY,39.06228167,-77.1241,"(39.06228167, -77.1241)"
MCP3068000L,170541552,Montgomery County Police,Injury Crash,11/07/2017 07:12:00 PM,Maryland (State),BROOKVILLE RD,Municipality,TAYLOR ST,,CHEVY CHASE #3,PEDESTRIAN,OTHER,RAINING,WET,DARK LIGHTS ON,STOP SIGN,N/A,N/A,71E240BD-CF0F-4B23-A727-C1EE9104BB23,PEDESTRIAN,Cross/Enter at Intersection,NO IMPROPER ACTIONS,ON ROADWAY AT CROSSWALK,NO PED. SIGNAL,MIXED CLOTHING,No,SUSPECTED MINOR INJURY,38.98126833,-77.07143333,"(38.98126833, -77.07143333)"
MCP3066000G,170539702,Montgomery County Police,Injury Crash,10/29/2017 09:39:00 PM,County,NORFOLK AVE,County,DEL RAY AVE,,N/A,PEDESTRIAN,OTHER,RAINING,WET,DARK LIGHTS ON,STOP SIGN,N/A,N/A,D4F61C36-F290-4B7B-A5DF-480699E3B8CF,PEDESTRIAN,Cross/Enter at Intersection,IN ROADWAY IMPROPERLY,ON ROADWAY NOT AT CROSSWALK,UNKNOWN,DARK CLOTHING,Yes,SUSPECTED MINOR INJURY,38.98974,-77.09905667,"(38.98974, -77.09905667)"
MCP3068000F,170533903,Montgomery County Police,Injury Crash,09/29/2017 06:23:00 PM,Maryland (State),BRADLEY BLVD,County,FAIRFAX RD,,N/A,PEDESTRIAN,N/A,CLEAR,DRY,DUSK,TRAFFIC SIGNAL,N/A,N/A,79C40CEC-B352-4FF0-A144-4A77D23D4DE1,PEDESTRIAN,Cross/Enter at Intersection,FAILURE TO OBEY TRAFFIC SIGNS SIGNALS OR OFFICER,ON ROADWAY AT CROSSWALK,DISOBEYED PED. SIGNAL,LIGHT CLOTHING,Yes,SUSPECTED MINOR INJURY,38.97778527,-77.10072041,"(38.97778527, -77.10072041)"
MCP3077000N,170540476,Montgomery County Police,Injury Crash,11/02/2017 03:46:00 PM,,,,,"PARKING LOT OF PEP BOYS
20900 FREDERICK ROAD GERMANTOWN MD, 20876",,PEDESTRIAN,SINGLE VEHICLE,CLEAR,,DAYLIGHT,N/A,N/A,N/A,D07E6FE1-ADD1-4C9E-BEDA-26F2326F7179,PEDESTRIAN,Other,NOT VISIBLE,OTHER,N/A,N/A,Yes,SUSPECTED MINOR INJURY,39.19977333,-77.246565,"(39.19977333, -77.246565)"
MCP2563000N,170541530,Montgomery County Police,Injury Crash,11/07/2017 05:26:00 PM,Municipality,N WASHINGTON ST,Municipality,DAWSON AVE,,ROCKVILLE,PEDESTRIAN,SINGLE VEHICLE,RAINING,WET,DARK LIGHTS ON,TRAFFIC SIGNAL,NONE DETECTED,UNKNOWN,0FD4F99F-8384-45E5-868F-F9F8CA3158F5,PEDESTRIAN,Unknown,UNKNOWN,UNKNOWN,UNKNOWN,DARK CLOTHING,Unknown,SUSPECTED SERIOUS INJURY,39.08860969,-77.15370074,"(39.08860969, -77.15370074)"
DD5603004V,170541834,Rockville Police Departme,Injury Crash,11/09/2017 11:35:00 AM,Municipality,MT VERNON PL,Municipality,BLANDFORD ST,,ROCKVILLE,PEDESTRIAN,OTHER,RAINING,WET,DAYLIGHT,NO CONTROLS,NONE DETECTED,NONE DETECTED,73ABBABA-085C-45DA-8C38-0E3515533E46,PEDESTRIAN,Standing,NO IMPROPER ACTIONS,SIDEWALK,OBEYED PED. SIGNAL,MIXED CLOTHING,No,SUSPECTED MINOR INJURY,38.99753833,-77.10968667,"(38.99753833, -77.10968667)"
MCP27360054,170542631,Montgomery County Police,Injury Crash,11/13/2017 09:39:00 PM,County,DORSET AVE,County,KENNEDY DR,,N/A,BICYCLIST,STRAIGHT MOVEMENT ANGLE,CLEAR,DRY,DARK LIGHTS ON,STOP SIGN,NONE DETECTED,NONE DETECTED,878A5ADC-218C-4688-85B9-4F70E4F4EE9F,BICYCLIST,Cross/Enter at Intersection,NO IMPROPER ACTIONS,AT INTERSECTION MARKED CROSSWALK,NO PED. SIGNAL,MIXED CLOTHING,No,POSSIBLE INJURY,38.96882383,-77.10263967,"(38.96882383, -77.10263967)"
MCP26930027,170539688,Montgomery County Police,Injury Crash,10/29/2017 06:25:00 PM,Maryland (State),GEORGIA AVE,County,HEWITT AVE,,N/A,PEDESTRIAN,SINGLE VEHICLE,RAINING,WET,DARK LIGHTS ON,TRAFFIC SIGNAL,NONE DETECTED,NONE DETECTED,17F66616-1EAB-4E9E-918C-BA808236038B,PEDESTRIAN,Cross/Enter at Intersection,NO IMPROPER ACTIONS,ON ROADWAY AT CROSSWALK,OBEYED PED. SIGNAL,DARK CLOTHING,No,POSSIBLE INJURY,39.07737167,-77.07084833,"(39.07737167, -77.07084833)"
MCP2492000V,170541937,Montgomery County Police,Fatal Crash,11/09/2017 06:40:00 PM,US (State),COLUMBIA PIKE,County,HILLWOOD DR,,N/A,PEDESTRIAN,OTHER,RAINING,WET,DARK LIGHTS ON,NO CONTROLS,NONE DETECTED,UNKNOWN,6C326AE8-EF66-4D76-8785-0A8ADB303CD9,PEDESTRIAN,Unknown,UNKNOWN,ON ROADWAY NOT AT CROSSWALK,NO PED. SIGNAL,DARK CLOTHING,Unknown,FATAL INJURY,39.03231522,-77.00382024,"(39.03231522, -77.00382024)"
MCP2411001G,170542300,Montgomery County Police,Injury Crash,11/11/2017 09:06:00 PM,,,,,ON SIDEWALK OFF OF RANDOLPH ROAD INTO THE PRIVATE ENTRANCE TO RANDOLPH SQUARE APARTMENTS,,BICYCLIST,OTHER,CLEAR,,DARK NO LIGHTS,NO CONTROLS,N/A,NONE DETECTED,231F8423-F129-42CD-BF21-2859BA903A69,BICYCLIST,Walking/Cycling on Sidewalk,NOT VISIBLE,SIDEWALK,N/A,DARK CLOTHING,No,POSSIBLE INJURY,39.05364095,-77.10482687,"(39.05364095, -77.10482687)"
MCP2671001L,170541531,Montgomery County Police,Property Damage Crash,11/06/2017 06:10:00 AM,US (State),GEORGIA AVE,County,ELLSWORTH DR,,N/A,PEDESTRIAN,SINGLE VEHICLE,N/A,WET,DARK LIGHTS ON,TRAFFIC SIGNAL,UNKNOWN,NONE DETECTED,01B85228-75E1-449C-AA22-883BD81276C2,PEDESTRIAN,Cross/Enter at Intersection,FAILURE TO OBEY TRAFFIC SIGNS SIGNALS OR OFFICER,AT INTERSECTION MARKED CROSSWALK,DISOBEYED PED. SIGNAL,DARK CLOTHING,Yes,NO APPARENT INJURY,38.99514804,-77.02733517,"(38.99514804, -77.02733517)"
MCP3027001C,170541992,Montgomery County Police,Injury Crash,11/10/2017 07:13:00 AM,,,,,8301 FENTON ST,,OTHER,OTHER,CLEAR,,DAYLIGHT,N/A,N/A,N/A,901E9F88-EADF-4E9A-98C8-FE9BB15BC478,OTHER,Getting off/on Vehicle,NO IMPROPER ACTIONS,OTHER,N/A,MIXED CLOTHING,No,SUSPECTED MINOR INJURY,38.99330667,-77.02398167,"(38.99330667, -77.02398167)"
DD56280002,170543212,Rockville Police Departme,Injury Crash,11/16/2017 02:48:00 PM,Municipality,FLEET ST,Municipality,MONROE ST,,ROCKVILLE,PEDESTRIAN,OTHER,N/A,DRY,DAYLIGHT,N/A,NONE DETECTED,NONE DETECTED,8EF61B81-FCFA-4C4D-8576-2DEE6DF880DB,PEDESTRIAN,Cross/Enter not at Intersection,DART DASH,ON ROADWAY NOT AT CROSSWALK,N/A,DARK CLOTHING,Yes,SUSPECTED MINOR INJURY,39.08069091,-77.14995302,"(39.08069091, -77.14995302)"
MCP9442001B,170542181,Montgomery County Police,Injury Crash,11/11/2017 07:43:00 AM,,,,,PARKING LOT IN 2000 BLOCK OF PRUITT COURT,,PEDESTRIAN,OTHER,CLEAR,,DAYLIGHT,N/A,NONE DETECTED,NONE DETECTED,646EB879-2946-43B0-9FA9-5AF0EC8E5206,PEDESTRIAN,Other,N/A,OTHER,N/A,N/A,No,POSSIBLE INJURY,39.193585,-77.19216667,"(39.193585, -77.19216667)"
MCP23300018,170539513,Montgomery County Police,Injury Crash,10/28/2017 05:12:00 PM,,,,,11171 GEORGIA AVE - BUS TURN AROUND,,PEDESTRIAN,OTHER,CLEAR,,DAYLIGHT,NO CONTROLS,NONE DETECTED,NONE DETECTED,2CCF9EAD-D71A-43E6-A5F4-10F248E1CCD9,PEDESTRIAN,Other,OTHER,OTHER,N/A,MIXED CLOTHING,Yes,SUSPECTED SERIOUS INJURY,39.03757,-77.051335,"(39.03757, -77.051335)"
MCP3019001D,170543446,Montgomery County Police,Injury Crash,11/17/2017 05:15:00 PM,County,SANGAMORE RD,County,MADAWASKA RD,,N/A,BICYCLIST,OTHER,CLEAR,DRY,DUSK,NO CONTROLS,UNKNOWN,NONE DETECTED,6046258E-F858-4594-9B04-BD5D7D065201,BICYCLIST,Walking/Riding w/Traffic,NO IMPROPER ACTIONS,ON ROADWAY NOT AT CROSSWALK,NO PED. SIGNAL,HEAD LIGHT AND REFLECTORS,No,SUSPECTED SERIOUS INJURY,38.99764667,-77.10964,"(38.99764667, -77.10964)"
DD5605004K,170543975,Rockville Police Departme,Property Damage Crash,11/20/2017 07:30:00 PM,,,,,"PARKING LOT OF 1902 VEIRS MILL RD, ROCKVILLE, MD, 20851",,BICYCLIST,OTHER,CLEAR,,DARK NO LIGHTS,NO CONTROLS,NONE DETECTED,NONE DETECTED,F1C922B5-D209-4706-B75E-1769BECD3ECC,BICYCLIST,Walking/Riding w/Traffic,UNKNOWN,AT INTERSECTION BUT NO CROSSWALK,NO PED. SIGNAL,DARK CLOTHING,Unknown,NO APPARENT INJURY,39.07588667,-77.11704167,"(39.07588667, -77.11704167)"
HA2434000C,17001376,Maryland-National Capital,Injury Crash,10/14/2017 07:09:00 PM,Government,SLIGO CREEK PKWY,County,SCHUYLER RD,,N/A,PEDESTRIAN,OTHER,CLEAR,DRY,DUSK,STOP SIGN,N/A,N/A,8C97EBEE-2559-40FD-8B2B-D209B8B00435,PEDESTRIAN,Cross/Enter at Intersection,DART DASH,ON ROADWAY AT CROSSWALK,N/A,UNKNOWN,No,POSSIBLE INJURY,39.00255115,-77.01304972,"(39.00255115, -77.01304972)"
MCP3027001G,170544122,Montgomery County Police,Injury Crash,11/21/2017 01:47:00 PM,County,SLIGO AVE,County,FENTON ST,,N/A,PEDESTRIAN,SINGLE VEHICLE,CLEAR,DRY,DAYLIGHT,TRAFFIC SIGNAL,N/A,N/A,879FE08F-4B87-44FC-8447-FDB331D0C014,PEDESTRIAN,Cross/Enter at Intersection,NO IMPROPER ACTIONS,AT INTERSECTION MARKED CROSSWALK,OBEYED PED. SIGNAL,MIXED CLOTHING,No,POSSIBLE INJURY,38.98998833,-77.02386333,"(38.98998833, -77.02386333)"
MCP10480036,170544153,Montgomery County Police,Injury Crash,11/21/2017 04:26:00 PM,Maryland (State),DARNESTOWN RD,County,MUDDY BRANCH RD,,N/A,BICYCLIST,SAME DIR REAR END,CLEAR,DRY,DUSK,N/A,NONE DETECTED,N/A,2ADA8F3A-FA8E-40FB-A8A8-083804235CD1,BICYCLIST,N/A,INATTENTIVE,IN BIKEWAY,OTHER,MIXED CLOTHING,Yes,SUSPECTED MINOR INJURY,39.10332167,-77.22643167,"(39.10332167, -77.22643167)"
MCP2565004X,170544171,Montgomery County Police,Injury Crash,11/21/2017 06:00:00 PM,Maryland (State),WISCONSIN AVE,Maryland (State),MONTGOMERY AVE,,N/A,PEDESTRIAN,OTHER,CLEAR,DRY,DARK LIGHTS ON,TRAFFIC SIGNAL,N/A,NONE DETECTED,EE1C1B88-99FE-4FDB-8B07-47D72D724110,PEDESTRIAN,Cross/Enter at Intersection,NO IMPROPER ACTIONS,ON ROADWAY AT CROSSWALK,OBEYED PED. SIGNAL,MIXED CLOTHING,No,POSSIBLE INJURY,38.98377833,-77.09380333,"(38.98377833, -77.09380333)"
MCP93900010,170543471,Montgomery County Police,Injury Crash,11/17/2017 07:54:00 PM,Municipality,KENTLANDS BLVD,Maryland (State),GREAT SENECA HWY,,N/A,OTHER CONVEYANCE,HEAD ON LEFT TURN,N/A,DRY,DARK LIGHTS ON,TRAFFIC SIGNAL,"N/A, NONE DETECTED",N/A,B7158FCF-2696-4A96-9846-B253B23FCB4F,OTHER CONVEYANCE,N/A,NO IMPROPER ACTIONS,N/A,N/A,N/A,No,NO APPARENT INJURY,39.12373667,-77.23166167,"(39.12373667, -77.23166167)"
MCP3017000G,170542868,Montgomery County Police,Injury Crash,11/14/2017 11:00:00 PM,Maryland (State),ROCKVILLE PIKE,Municipality,TEMPLETON PL,,ROCKVILLE,PEDESTRIAN,OTHER,CLEAR,DRY,UNKNOWN,UNKNOWN,UNKNOWN,NONE DETECTED,7F4C7327-7DE1-4F2D-BB99-5F67800B11B7,PEDESTRIAN,Cross/Enter at Intersection,UNKNOWN,ON ROADWAY AT CROSSWALK,UNKNOWN,MIXED CLOTHING,Unknown,SUSPECTED MINOR INJURY,39.06699568,-77.12818623,"(39.06699568, -77.12818623)"