Report Number,Local Case Number,Agency Name,ACRS Report Type,Crash Date/Time,Route Type,Road Name,Cross-Street Type,Cross-Street Name,Off-Road Description,Municipality,Related Non-Motorist,Collision Type,Weather,Surface Condition,Light,Traffic Control,Driver Substance Abuse,Non-Motorist Substance Abuse,Person ID,Pedestrian Type,Pedestrian Movement,Pedestrian Actions,Pedestrian Location,Pedestrian Obeyed Traffic Signal,Pedestrian Visibility,At Fault,Injury Severity,Latitude,Longitude,Location
MCP2835001M,170547655,Montgomery County Police,Injury Crash,12/09/2017 10:54:00 PM,Maryland (State),EAST WEST HWY,County,GRUBB RD,,N/A,PEDESTRIAN,OTHER,CLEAR,WET,DARK LIGHTS ON,TRAFFIC SIGNAL,NONE DETECTED,NONE DETECTED,BEE4A793-1EA4-480A-A8FE-E10000FD94F5,PEDESTRIAN,Cross/Enter at Intersection,NO IMPROPER ACTIONS,AT INTERSECTION MARKED CROSSWALK,OBEYED PED. SIGNAL,LIGHT CLOTHING,No,POSSIBLE INJURY,38.99390167,-77.05192833,"(38.99390167, -77.05192833)"
MCP26100014,170547922,Montgomery County Police,Injury Crash,12/11/2017 03:17:00 PM,County,MUDDY BRANCH RD,County,HARMONY HALL RD,,N/A,PEDESTRIAN,OTHER,CLEAR,DRY,DAYLIGHT,NO CONTROLS,NONE DETECTED,NONE DETECTED,D5A607F3-FA72-4E77-BC4C-ADA59367C476,PEDESTRIAN,Cross/Enter not at Intersection,DART DASH,ON ROADWAY NOT AT CROSSWALK,NO PED. SIGNAL,DARK CLOTHING,Yes,SUSPECTED MINOR INJURY,39.13700833,-77.20542833,"(39.13700833, -77.20542833)"
MCP2016002G,170547724,Montgomery County Police,Injury Crash,12/10/2017 01:22:00 PM,,,,,KIELBASA FACTORY BUILDING AND PARKING LOT LOCATED AT 1065 ROCKVILLE PIKE,,PEDESTRIAN,OTHER,CLEAR,,DAYLIGHT,N/A,NONE DETECTED,N/A,3211E150-9986-4E0A-AFD2-E1D20D4ECDF7,PEDESTRIAN,Other,NO IMPROPER ACTIONS,INSIDE BUILDING,N/A,N/A,No,SUSPECTED MINOR INJURY,39.07099833,-77.13331833,"(39.07099833, -77.13331833)"
MCP2059004P,170549514,Montgomery County Police,Injury Crash,12/19/2017 02:01:00 PM,Maryland (State),CONNECTICUT AVE,County,MANOR RD,,N/A,PEDESTRIAN,HEAD ON LEFT TURN,CLEAR,DRY,DAYLIGHT,TRAFFIC SIGNAL,NONE DETECTED,NONE DETECTED,4D240233-CF7D-4807-BCFA-DE0894F8CB66,PEDESTRIAN,Cross/Enter at Intersection,NO IMPROPER ACTIONS,ON ROADWAY AT CROSSWALK,OBEYED PED. SIGNAL,MIXED CLOTHING,No,POSSIBLE INJURY,38.99609445,-77.07726851,"(38.99609445, -77.07726851)"
MCP22030029,170549506,Montgomery County Police,Injury Crash,12/19/2017 01:35:00 PM,County,AMHERST AVE,Maryland (State),UNIVERSITY BLVD W,,N/A,PEDESTRIAN,ANGLE MEETS RIGHT TURN,CLEAR,DRY,DAYLIGHT,TRAFFIC SIGNAL,NONE DETECTED,NONE DETECTED,8121C4DF-8D1F-4E59-B879-5A66EE8A587D,PEDESTRIAN,Cross/Enter at Intersection,NO IMPROPER ACTIONS,ON ROADWAY AT CROSSWALK,OBEYED PED. SIGNAL,DARK CLOTHING,No,SUSPECTED MINOR INJURY,39.04075833,-77.04814833,"(39.04075833, -77.04814833)"
MCP1174002Q,170548958,Montgomery County Police,Injury Crash,12/16/2017 12:49:00 PM,,,,,"6930  ARLINGTON ROAD  BETHESDA, MD. 20814",,PEDESTRIAN,OTHER,CLEAR,,DAYLIGHT,NO CONTROLS,NONE DETECTED,NONE DETECTED,4D0D4DF1-24E8-418E-B668-54DB3E5AD88F,PEDESTRIAN,Other,NO IMPROPER ACTIONS,OTHER,NO PED. SIGNAL,LIGHT CLOTHING,No,POSSIBLE INJURY,38.9786777,-77.09883213,"(38.9786777, -77.09883213)"
MCP9422000X,170549438,Montgomery County Police,Injury Crash,12/19/2017 08:40:00 AM,County,ROBEY RD,County,BRIGGS CHANEY RD,,N/A,PEDESTRIAN,SINGLE VEHICLE,CLEAR,DRY,DAYLIGHT,STOP SIGN,NONE DETECTED,NONE DETECTED,B497AD2F-FD8D-421E-B949-944BEAA903EB,PEDESTRIAN,Cross/Enter at Intersection,NO IMPROPER ACTIONS,AT INTERSECTION MARKED CROSSWALK,NO PED. SIGNAL,MIXED CLOTHING,No,SUSPECTED SERIOUS INJURY,39.079325,-76.94485667,"(39.079325, -76.94485667)"
MCP26860027,170548353,Montgomery County Police,Injury Crash,12/13/2017 03:10:00 PM,County,WARING STATION RD,County,STONEY BOTTOM RD,,N/A,PEDESTRIAN,SINGLE VEHICLE,CLEAR,DRY,DAYLIGHT,OTHER,N/A,N/A,9768BC9D-F4D2-4378-9F0D-00EF1399BE94,PEDESTRIAN,Getting off/on Vehicle,DART DASH,ON ROADWAY AT CROSSWALK,NO PED. SIGNAL,MIXED CLOTHING,No,SUSPECTED MINOR INJURY,39.17321667,-77.253455,"(39.17321667, -77.253455)"
MCP27070014,170549959,Montgomery County Police,Injury Crash,12/21/2017 03:02:00 PM,County,MONTGOMERY VILLAGE AVE,County,WHETSTONE DR,,N/A,PEDESTRIAN,STRAIGHT MOVEMENT ANGLE,CLEAR,DRY,DAYLIGHT,STOP SIGN,NONE DETECTED,NONE DETECTED,DD133C23-CB05-4353-BDCD-AA864D8EBF2F,PEDESTRIAN,Cross/Enter at Intersection,NO IMPROPER ACTIONS,ON ROADWAY AT CROSSWALK,NO PED. SIGNAL,MIXED CLOTHING,No,SUSPECTED MINOR INJURY,39.17114833,-77.205195,"(39.17114833, -77.205195)"
MCP21340019,170548445,Montgomery County Police,Fatal Crash,12/13/2017 11:22:00 PM,Maryland (State),ROCKVILLE PIKE,Municipality,CHURCH ST,,ROCKVILLE,PEDESTRIAN,OTHER,CLEAR,N/A,DARK LIGHTS ON,TRAFFIC SIGNAL,NONE DETECTED,UNKNOWN,1CB56293-D757-4746-A136-0880D061E4EB,PEDESTRIAN,Cross/Enter at Intersection,FAILURE TO OBEY TRAFFIC SIGNS SIGNALS OR OFFICER,ON ROADWAY AT CROSSWALK,DISOBEYED PED. SIGNAL,UNKNOWN,Unknown,FATAL INJURY,39.08351729,-77.14680813,"(39.08351729, -77.14680813)"
MCP2688002S,170548039,Montgomery County Police,Injury Crash,12/12/2017 05:44:00 AM,US (State),COLUMBIA PIKE,County,OAK LEAF DR,,N/A,PEDESTRIAN,SAME DIRECTION SIDESWIPE,CLEAR,DRY,DARK LIGHTS ON,NO CONTROLS,NONE DETECTED,NONE DETECTED,7CE3E55E-2203-48E4-83E7-7A732B58AAA8,PEDESTRIAN,Walking/Riding w/Traffic,NO IMPROPER ACTIONS,SIDEWALK,NO PED. SIGNAL,DARK CLOTHING,No,POSSIBLE INJURY,39.04104833,-76.99609667,"(39.04104833, -76.99609667)"
MCP2848005S,170549495,Montgomery County Police,Injury Crash,12/19/2017 12:39:00 PM,Municipality,FRIENDSHIP BLVD,Municipality,S PARK AVE,,FRIENDSHIP HEIGHTS,PEDESTRIAN,OTHER,CLEAR,DRY,DAYLIGHT,STOP SIGN,NONE DETECTED,NONE DETECTED,5872F59C-D61E-476A-8862-B97A111979A8,PEDESTRIAN,Cross/Enter at Intersection,NO IMPROPER ACTIONS,AT INTERSECTION MARKED CROSSWALK,NO PED. SIGNAL,DARK CLOTHING,No,POSSIBLE INJURY,38.96318,-77.08932167,"(38.96318, -77.08932167)"
DD5595005D,170549956,Rockville Police Departme,Injury Crash,12/21/2017 03:00:00 PM,Municipality,N WASHINGTON ST,Municipality,DAWSON AVE,,ROCKVILLE,"OTHER, PEDESTRIAN",SINGLE VEHICLE,CLEAR,DRY,DAYLIGHT,TRAFFIC SIGNAL,NONE DETECTED,N/A,B7503504-6DC0-438B-A7EB-D0EC65D99554,PEDESTRIAN,Cross/Enter at Intersection,NO IMPROPER ACTIONS,ON ROADWAY AT CROSSWALK,OBEYED PED. SIGNAL,DARK CLOTHING,No,SUSPECTED MINOR INJURY,39.08864917,-77.15325567,"(39.08864917, -77.15325567)"
MCP3086000W,170548544,Montgomery County Police,Injury Crash,12/14/2017 12:45:00 PM,County,WIGHTMAN RD,County,GOSHEN RD,,N/A,PEDESTRIAN,N/A,CLEAR,DRY,DAYLIGHT,NO CONTROLS,NONE DETECTED,NONE DETECTED,69227D70-DF2A-497B-95F8-01B393535E63,PEDESTRIAN,Cross/Enter at Intersection,NO IMPROPER ACTIONS,ON ROADWAY AT CROSSWALK,OBEYED PED. SIGNAL,DARK CLOTHING,No,SUSPECTED MINOR INJURY,39.18797267,-77.18702867,"(39.18797267, -77.18702867)"
MCP2563000P,170548914,Montgomery County Police,Fatal Crash,12/16/2017 01:07:00 AM,Maryland (State),PINEY BRANCH RD,County,GARLAND AVE,,N/A,PEDESTRIAN,SINGLE VEHICLE,CLEAR,WET,DARK LIGHTS ON,NO CONTROLS,NONE DETECTED,UNKNOWN,D901E559-A7A5-4352-8023-841AF70373FA,PEDESTRIAN,Other,UNKNOWN,ON ROADWAY NOT AT CROSSWALK,NO PED. SIGNAL,UNKNOWN,Unknown,FATAL INJURY,38.99854692,-76.99953273,"(38.99854692, -76.99953273)"
DD5606004N,170549667,Rockville Police Departme,Property Damage Crash,12/19/2017 06:56:00 PM,,,,,38 MARYLAND AVE PARKING GARAGE B ROCKVILLE MD 20850,,OTHER,SINGLE VEHICLE,N/A,,DARK LIGHTS ON,NO CONTROLS,UNKNOWN,N/A,8DF01AAC-727B-4C19-8901-2FE90A7F10DA,OTHER,N/A,N/A,MEDIAN,N/A,N/A,No,NO APPARENT INJURY,39.08609833,-77.15098333,"(39.08609833, -77.15098333)"
DD5595005D,170549956,Rockville Police Departme,Injury Crash,12/21/2017 03:00:00 PM,Municipality,N WASHINGTON ST,Municipality,DAWSON AVE,,ROCKVILLE,"OTHER, PEDESTRIAN",SINGLE VEHICLE,CLEAR,DRY,DAYLIGHT,TRAFFIC SIGNAL,NONE DETECTED,N/A,20EA0515-1E47-4934-884F-AA636B10283B,OTHER,Cross/Enter at Intersection,OTHER,AT INTERSECTION MARKED CROSSWALK,OBEYED PED. SIGNAL,N/A,No,NO APPARENT INJURY,39.08864917,-77.15325567,"(39.08864917, -77.15325567)"
MCP30440024,170546801,Montgomery County Police,Injury Crash,12/05/2017 06:24:00 PM,,,,,PARKING LOT OF GIANT,,PEDESTRIAN,OTHER,RAINING,,DARK LIGHTS ON,NO CONTROLS,NONE DETECTED,NONE DETECTED,6260B6DB-BBC4-492F-96A6-2A343726AE7B,PEDESTRIAN,Other,OTHER,OTHER,NO PED. SIGNAL,LIGHT CLOTHING,No,POSSIBLE INJURY,39.04098628,-76.98896885,"(39.04098628, -76.98896885)"
MCP15800083,170548290,Montgomery County Police,Property Damage Crash,12/13/2017 10:02:00 AM,,,,,"600 N FREDERICK AVE
 PARING LOT OF
 TOYS R US",,OTHER,OTHER,N/A,,DAYLIGHT,N/A,NONE DETECTED,NONE DETECTED,1496C300-DD2D-426E-8545-BBB554AD8CCF,OTHER,Other,N/A,OTHER,N/A,DARK CLOTHING,No,NO APPARENT INJURY,39.14987,-77.21113167,"(39.14987, -77.21113167)"
MCP30380015,17055073,Montgomery County Police,Injury Crash,12/24/2017 05:52:00 PM,Maryland (State),CONNECTICUT AVE,Municipality,NEWLANDS ST,,CHEVY CHASE VILLAGE,PEDESTRIAN,OTHER,RAINING,WET,DARK LIGHTS ON,OTHER,N/A,N/A,D024CC40-B355-4BAE-AF63-EF1D4F34D4C3,PEDESTRIAN,Cross/Enter at Intersection,NO IMPROPER ACTIONS,AT INTERSECTION MARKED CROSSWALK,NO PED. SIGNAL,DARK CLOTHING,No,SUSPECTED MINOR INJURY,38.97367,-77.07696,"(38.97367, -77.07696)"
MCP2664003X,170549210,Montgomery County Police,Injury Crash,12/18/2017 07:40:00 AM,County,VALLEYWOOD DR,Maryland (State),VEIRS MILL RD,,N/A,PEDESTRIAN,SINGLE VEHICLE,CLEAR,WET,DAYLIGHT,STOP SIGN,NONE DETECTED,NONE DETECTED,D2DC6816-E25D-43B4-96A5-A97D621C22F2,PEDESTRIAN,Cross/Enter at Intersection,NO IMPROPER ACTIONS,ON ROADWAY AT CROSSWALK,NO PED. SIGNAL,LIGHT CLOTHING,No,POSSIBLE INJURY,39.049585,-77.07058333,"(39.049585, -77.07058333)"
MCP2664003X,170549210,Montgomery County Police,Injury Crash,12/18/2017 07:40:00 AM,County,VALLEYWOOD DR,Maryland (State),VEIRS MILL RD,,N/A,PEDESTRIAN,SINGLE VEHICLE,CLEAR,WET,DAYLIGHT,STOP SIGN,NONE DETECTED,NONE DETECTED,5FB785DC-9B76-4AE3-83D3-961D8AC14FB2,PEDESTRIAN,Cross/Enter at Intersection,NO IMPROPER ACTIONS,ON ROADWAY AT CROSSWALK,NO PED. SIGNAL,LIGHT CLOTHING,No,POSSIBLE INJURY,39.049585,-77.07058333,"(39.049585, -77.07058333)"
MCP2848005V,170549876,Montgomery County Police,Injury Crash,12/21/2017 09:52:00 AM,Maryland (State),EAST WEST HWY,County,SUNDALE DR,,N/A,PEDESTRIAN,OTHER,N/A,DRY,DAYLIGHT,NO CONTROLS,UNKNOWN,NONE DETECTED,0F4151EB-E9CA-47FD-826B-BBFF8179E67C,PEDESTRIAN,Cross/Enter at Intersection,NO IMPROPER ACTIONS,ON ROADWAY AT CROSSWALK,OBEYED PED. SIGNAL,DARK CLOTHING,No,SUSPECTED SERIOUS INJURY,38.99553995,-77.04221606,"(38.99553995, -77.04221606)"
MCP1174002S,170549251,Montgomery County Police,Injury Crash,12/18/2017 11:02:00 AM,County,WOODMONT AVE,County,ELM ST,,N/A,PEDESTRIAN,OTHER,CLOUDY,DRY,DAYLIGHT,TRAFFIC SIGNAL,NONE DETECTED,NONE DETECTED,B3CDF5CA-E82F-4957-B3AE-15A2F7D4646D,PEDESTRIAN,Cross/Enter at Intersection,NO IMPROPER ACTIONS,ON ROADWAY AT CROSSWALK,OBEYED PED. SIGNAL,LIGHT CLOTHING,No,SUSPECTED MINOR INJURY,38.98259757,-77.09844589,"(38.98259757, -77.09844589)"
DD5583003M,170550116,Rockville Police Departme,Injury Crash,12/22/2017 10:37:00 AM,Maryland (State),ROCKVILLE PIKE,Unknown,SPUR TO MONROE PL,,N/A,PEDESTRIAN,SINGLE VEHICLE,CLEAR,DRY,DAYLIGHT,TRAFFIC SIGNAL,NONE DETECTED,N/A,D967854E-A8FA-4BBA-B457-319882FFEE41,PEDESTRIAN,Cross/Enter at Intersection,NO IMPROPER ACTIONS,AT INTERSECTION MARKED CROSSWALK,OBEYED PED. SIGNAL,MIXED CLOTHING,No,SUSPECTED MINOR INJURY,39.0835152,-77.14699253,"(39.0835152, -77.14699253)"
MCP30110021,170550221,Montgomery County Police,Injury Crash,12/22/2017 05:49:00 PM,Maryland (State),OLD GEORGETOWN RD,County,BEECH AVE,,N/A,PEDESTRIAN,SINGLE VEHICLE,RAINING,WET,DARK LIGHTS ON,TRAFFIC SIGNAL,NONE DETECTED,NONE DETECTED,E847391A-5087-485E-BE33-1D227D6CB979,PEDESTRIAN,Cross/Enter at Intersection,FAILURE TO OBEY TRAFFIC SIGNS SIGNALS OR OFFICER,ON ROADWAY AT CROSSWALK,DISOBEYED PED. SIGNAL,MIXED CLOTHING,Yes,SUSPECTED MINOR INJURY,39.00971833,-77.11476667,"(39.00971833, -77.11476667)"
MCP2612002L,170550218,Montgomery County Police,Injury Crash,12/22/2017 06:10:00 PM,County,CONNECTICUT AVE,County,GRAND PRE RD,,N/A,PEDESTRIAN,SINGLE VEHICLE,RAINING,WET,DARK LIGHTS ON,NO CONTROLS,NONE DETECTED,NONE DETECTED,36392CD9-257E-48A1-947C-8E99E4C2ABBA,PEDESTRIAN,Walking/Riding against Traffic,NO IMPROPER ACTIONS,ON ROADWAY AT CROSSWALK,OBEYED PED. SIGNAL,MIXED CLOTHING,No,SUSPECTED MINOR INJURY,39.08701333,-77.07411667,"(39.08701333, -77.07411667)"
DD5623000Q,170550182,Rockville Police Departme,Injury Crash,12/22/2017 02:40:00 PM,Municipality,BURGUNDY DR,Municipality,PINEWOOD RD,,ROCKVILLE,BICYCLIST,STRAIGHT MOVEMENT ANGLE,CLEAR,DRY,DAYLIGHT,STOP SIGN,NONE DETECTED,ALCOHOL PRESENT,9F83C7AB-991C-40F7-8A15-D25E8238A930,BICYCLIST,Walking/Riding w/Traffic,NO IMPROPER ACTIONS,ON ROADWAY NOT AT CROSSWALK,N/A,MIXED CLOTHING,No,SUSPECTED MINOR INJURY,39.09032283,-77.14256267,"(39.09032283, -77.14256267)"
MCP2722002S,170550433,Montgomery County Police,Injury Crash,12/23/2017 08:08:00 PM,Maryland (State),GEORGIA AVE,Unknown,ENT TO APTS,,N/A,PEDESTRIAN,SINGLE VEHICLE,N/A,WET,DARK LIGHTS ON,STOP SIGN,N/A,N/A,04D3E27F-2A9F-4A12-9B9A-2E1DF1C1BB34,PEDESTRIAN,Cross/Enter at Intersection,NO IMPROPER ACTIONS,AT INTERSECTION BUT NO CROSSWALK,NO PED. SIGNAL,LIGHT CLOTHING,No,POSSIBLE INJURY,39.09050167,-77.07965,"(39.09050167, -77.07965)"
MCP1512001C,170550918,Montgomery County Police,Injury Crash,12/27/2017 05:46:00 PM,Maryland (State),CLOPPER RD,Municipality,METROPOLITAN GROVE RD,,GAITHERSBURG,PEDESTRIAN,SINGLE VEHICLE,CLEAR,DRY,DARK LIGHTS ON,NO CONTROLS,NONE DETECTED,NONE DETECTED,5524EE95-046C-493B-9130-132A1E0E1E67,PEDESTRIAN,Cross/Enter not at Intersection,FAILURE TO YIELD RIGHT OF WAY,ON ROADWAY NOT AT CROSSWALK,NO PED. SIGNAL,LIGHT CLOTHING,Yes,SUSPECTED MINOR INJURY,39.14486,-77.22616167,"(39.14486, -77.22616167)"
MCP2848005W,170550147,Montgomery County Police,Injury Crash,12/22/2017 01:03:00 PM,,,,,NORDSTORM PARKING GARAGE-7111 DEMOCRACY BLVD,,PEDESTRIAN,OTHER,CLEAR,,DAYLIGHT,NO CONTROLS,NONE DETECTED,NONE DETECTED,150D3CCB-B772-420B-AC69-D563B65446E2,PEDESTRIAN,Cross/Enter at Intersection,NO IMPROPER ACTIONS,OTHER,NO PED. SIGNAL,MIXED CLOTHING,No,POSSIBLE INJURY,39.02394667,-77.14436667,"(39.02394667, -77.14436667)"
MCP25520028,180000091,Montgomery County Police,Injury Crash,01/01/2018 03:25:00 PM,,,,,"PARKING LOT OF 12051 ROCKVILLE PIKE, ROCKVILLE, MD 20851.",,PEDESTRIAN,OTHER,CLEAR,,DAYLIGHT,N/A,N/A,N/A,C4345F08-F201-4AAF-BA22-1B3482F5B76C,PEDESTRIAN,Cross/Enter not at Intersection,NO IMPROPER ACTIONS,ON ROADWAY AT CROSSWALK,N/A,N/A,No,SUSPECTED MINOR INJURY,39.05494275,-77.11521506,"(39.05494275, -77.11521506)"
MCP2727001X,170551332,Montgomery County Police,Injury Crash,12/30/2017 11:42:00 AM,County,KINGSVIEW VILLAGE AVE,Maryland (State),CLOPPER RD,,N/A,PEDESTRIAN,OTHER,N/A,SNOW,DAYLIGHT,TRAFFIC SIGNAL,NONE DETECTED,N/A,6E701576-F87F-4ED1-8334-7CBDC62A7243,PEDESTRIAN,Cross/Enter at Intersection,NO IMPROPER ACTIONS,ON ROADWAY AT CROSSWALK,OBEYED PED. SIGNAL,DARK CLOTHING,No,SUSPECTED MINOR INJURY,39.16058833,-77.27899,"(39.16058833, -77.27899)"
DD5595005F,180000288,Rockville Police Departme,Injury Crash,01/02/2018 07:23:00 PM,Other Public Roadway,ELMCROFT BLVD,Other Public Roadway,MARSH HOLLOW PL,,N/A,PEDESTRIAN,SINGLE VEHICLE,CLEAR,DRY,DARK LIGHTS ON,NO CONTROLS,NONE DETECTED,NONE DETECTED,AB5560A5-4451-41F4-96D9-4825F133B8FE,PEDESTRIAN,Cross/Enter at Intersection,DART DASH,ON ROADWAY NOT AT CROSSWALK,NO PED. SIGNAL,MIXED CLOTHING,Yes,POSSIBLE INJURY,39.112825,-77.16445933,"(39.112825, -77.16445933)"
MCP1121003J,170551486,Montgomery County Police,Injury Crash,12/31/2017 04:59:00 PM,Municipality,ODENDHAL AVE,Maryland (State),FREDERICK RD,,N/A,PEDESTRIAN,OTHER,CLEAR,DRY,DARK LIGHTS ON,TRAFFIC SIGNAL,UNKNOWN,NONE DETECTED,616491BA-C21E-4B11-8D37-27802B30029C,PEDESTRIAN,Cross/Enter at Intersection,NO IMPROPER ACTIONS,AT INTERSECTION MARKED CROSSWALK,OBEYED PED. SIGNAL,MIXED CLOTHING,No,SUSPECTED MINOR INJURY,39.14855,-77.20680833,"(39.14855, -77.20680833)"
MCP3080000F,170550933,Montgomery County Police,Injury Crash,12/27/2017 07:14:00 PM,Other Public Roadway,CRYSTAL ROCK DR,Unknown,BLACK SADDLE LA,,N/A,PEDESTRIAN,OTHER,CLEAR,DRY,DUSK,N/A,NONE DETECTED,NONE DETECTED,96C2CD7F-A002-4CA3-82F4-26D6E054898F,PEDESTRIAN,Cross/Enter not at Intersection,N/A,ON ROADWAY AT CROSSWALK,OBEYED PED. SIGNAL,UNKNOWN,No,SUSPECTED MINOR INJURY,39.17730019,-77.26318918,"(39.17730019, -77.26318918)"
MCP2728004X,180000764,Montgomery County Police,Injury Crash,01/05/2018 05:07:00 PM,,,,,PARKING LOT OF 7996 GEORGIA AVE,,PEDESTRIAN,OTHER,N/A,,DARK LIGHTS ON,PERSON,UNKNOWN,NONE DETECTED,3620A268-60B3-47A5-A01C-B9DBAD6A33C7,PEDESTRIAN,Other,NO IMPROPER ACTIONS,OTHER,N/A,MIXED CLOTHING,No,SUSPECTED MINOR INJURY,38.9871677,-77.02673435,"(38.9871677, -77.02673435)"
MCP1301000T,170514720,Montgomery County Police,Fatal Crash,06/20/2017 10:44:00 AM,County,MIDDLEBROOK RD,Maryland (State),GREAT SENECA HWY,,N/A,PEDESTRIAN,STRAIGHT MOVEMENT ANGLE,CLEAR,DRY,DAYLIGHT,TRAFFIC SIGNAL,"NONE DETECTED, UNKNOWN",UNKNOWN,DEE50186-51C2-489F-B613-5AA3966B8C5B,PEDESTRIAN,Other,NO IMPROPER ACTIONS,MEDIAN,N/A,MIXED CLOTHING,No,FATAL INJURY,39.17493347,-77.26046741,"(39.17493347, -77.26046741)"
MCP2818003F,180004247,Montgomery County Police,Injury Crash,01/25/2018 12:40:00 PM,County,FENTON ST,County,CAMERON ST,,N/A,BICYCLIST,OTHER,CLEAR,DRY,DAYLIGHT,N/A,NONE DETECTED,NONE DETECTED,25215552-59BB-4434-A407-945FE0EB9473,BICYCLIST,Other,NO IMPROPER ACTIONS,SIDEWALK,OBEYED PED. SIGNAL,MIXED CLOTHING,No,POSSIBLE INJURY,38.99934333,-77.03268,"(38.99934333, -77.03268)"
MCP2952005H,170551030,Montgomery County Police,Injury Crash,12/28/2017 11:25:00 AM,County,FENTON ST,County,SILVER SPRING AVE,,N/A,PEDESTRIAN,OTHER,CLEAR,DRY,DAYLIGHT,NO CONTROLS,NONE DETECTED,NONE DETECTED,B7AB03EB-C456-4C50-A174-7F4706B6A96A,PEDESTRIAN,Cross/Enter not at Intersection,IN ROADWAY IMPROPERLY,ON ROADWAY NOT AT CROSSWALK,NO PED. SIGNAL,DARK CLOTHING,Yes,POSSIBLE INJURY,38.99180667,-77.02403,"(38.99180667, -77.02403)"
MCP26800027,180001167,Montgomery County Police,Injury Crash,01/08/2018 06:13:00 PM,Maryland (State),GEORGIA AVE,County,FENWICK LA,,N/A,PEDESTRIAN,STRAIGHT MOVEMENT ANGLE,SLEET,WET,DARK LIGHTS ON,OTHER,NONE DETECTED,NONE DETECTED,2DC8E4D5-B083-4D0C-B0B0-8E6CDB993541,PEDESTRIAN,Cross/Enter at Intersection,NO IMPROPER ACTIONS,AT INTERSECTION MARKED CROSSWALK,NO PED. SIGNAL,LIGHT CLOTHING,No,SUSPECTED MINOR INJURY,38.99821548,-77.03073889,"(38.99821548, -77.03073889)"
MCP27550015,180000043,Montgomery County Police,Injury Crash,01/05/2018 05:26:00 AM,County,ARCOLA AVE,County,NAIRN RD,,N/A,PEDESTRIAN,SINGLE VEHICLE,N/A,DRY,DARK -- UNKNOWN LIGHTING,N/A,UNKNOWN,UNKNOWN,38A814BB-1425-49C4-9B46-48CE617C9561,PEDESTRIAN,Unknown,IN ROADWAY IMPROPERLY,ON ROADWAY NOT AT CROSSWALK,NO PED. SIGNAL,OTHER,Yes,POSSIBLE INJURY,39.04717746,-77.04195857,"(39.04717746, -77.04195857)"
MCP271700FB,170549278,Montgomery County Police,Injury Crash,12/18/2017 01:00:00 PM,County,JONES BRIDGE RD,County,GLENBROOK PKWY,,N/A,PEDESTRIAN,OTHER,CLEAR,DRY,DAYLIGHT,TRAFFIC SIGNAL,NONE DETECTED,NONE DETECTED,8448EBC1-B649-4441-91D0-6DFED6E0F30B,PEDESTRIAN,Cross/Enter at Intersection,UNKNOWN,ON ROADWAY AT CROSSWALK,UNKNOWN,MIXED CLOTHING,Unknown,SUSPECTED MINOR INJURY,38.99687533,-77.093677,"(38.99687533, -77.093677)"
MCP2116007V,180000627,Montgomery County Police,Injury Crash,01/04/2018 06:27:00 PM,Municipality,DUNDEE RD,Municipality,GUY CT,,ROCKVILLE,PEDESTRIAN,STRAIGHT MOVEMENT ANGLE,CLEAR,DRY,DARK LIGHTS ON,NO CONTROLS,NONE DETECTED,NONE DETECTED,E7014161-D4A9-4475-928E-F03BC3E391EA,PEDESTRIAN,Cross/Enter at Intersection,NO IMPROPER ACTIONS,ON ROADWAY AT CROSSWALK,NO PED. SIGNAL,DARK CLOTHING,No,SUSPECTED MINOR INJURY,39.08753167,-77.18211167,"(39.08753167, -77.18211167)"
DD55080046,180001084,Rockville Police Departme,Injury Crash,01/08/2018 08:56:00 AM,,,,,PARKING LOT OF 1514 DUNSTER RD,,PEDESTRIAN,OTHER,CLOUDY,,DAYLIGHT,N/A,NONE DETECTED,NONE DETECTED,7FEEB997-092F-413E-8FDD-6DD20501B724,PEDESTRIAN,Standing,NO IMPROPER ACTIONS,OTHER,N/A,MIXED CLOTHING,No,SUSPECTED MINOR INJURY,39.06250667,-77.17491,"(39.06250667, -77.17491)"
MCP11480023,180006406,Montgomery County Police,Injury Crash,01/12/2018 07:00:00 AM,County,WAVERLY ST,Maryland (State),EAST WEST HWY (W/B COUPLET),,N/A,PEDESTRIAN,SINGLE VEHICLE,RAINING,WET,DARK LIGHTS ON,TRAFFIC SIGNAL,NONE DETECTED,NONE DETECTED,261C4681-5B7D-4DEA-B513-075167C53861,PEDESTRIAN,Cross/Enter at Intersection,NO IMPROPER ACTIONS,ON ROADWAY AT CROSSWALK,OBEYED PED. SIGNAL,MIXED CLOTHING,No,SUSPECTED MINOR INJURY,38.98368833,-77.09304667,"(38.98368833, -77.09304667)"