Report Number,Local Case Number,Agency Name,ACRS Report Type,Crash Date/Time,Route Type,Road Name,Cross-Street Type,Cross-Street Name,Off-Road Description,Municipality,Related Non-Motorist,Collision Type,Weather,Surface Condition,Light,Traffic Control,Driver Substance Abuse,Non-Motorist Substance Abuse,Person ID,Pedestrian Type,Pedestrian Movement,Pedestrian Actions,Pedestrian Location,Pedestrian Obeyed Traffic Signal,Pedestrian Visibility,At Fault,Injury Severity,Latitude,Longitude,Location
EJ78260034,180011319,Gaithersburg Police Depar,Injury Crash,03/06/2018 07:20:00 AM,,TEACHERS WAY,,N SUMMIT AVE,,N/A,PEDESTRIAN,OTHER,CLOUDY,DRY,DAYLIGHT,STOP SIGN,N/A,N/A,AB9F4CD6-8A11-49D9-B805-C2C5429574A8,PEDESTRIAN,Cross/Enter at Intersection,NO IMPROPER ACTIONS,AT INTERSECTION MARKED CROSSWALK,NO PED. SIGNAL,MIXED CLOTHING,No,POSSIBLE INJURY,39.14313995,-77.19301924,"(39.14313995, -77.19301924)"
MCP23530052,180007295,Montgomery County Police,Injury Crash,02/12/2018 06:28:00 AM,Maryland (State),BRADLEY BLVD,County,ARLINGTON RD,,N/A,PEDESTRIAN,SINGLE VEHICLE,RAINING,WET,DARK LIGHTS ON,PERSON,NONE DETECTED,NONE DETECTED,0ACE1C62-7F1F-4E5D-AC99-D6A1EC72A4FD,PEDESTRIAN,Cross/Enter at Intersection,NO IMPROPER ACTIONS,ON ROADWAY AT CROSSWALK,OBEYED PED. SIGNAL,DARK CLOTHING,No,SUSPECTED SERIOUS INJURY,38.97819333,-77.09876833,"(38.97819333, -77.09876833)"
MCP2722002Y,180008000,Montgomery County Police,Injury Crash,02/15/2018 04:32:00 PM,,,,,PARKING LOT OF 5566 NORBECK RD,,PEDESTRIAN,SINGLE VEHICLE,CLEAR,,DAYLIGHT,NO CONTROLS,N/A,N/A,3E5A492E-A47F-401F-BBEB-0FF852549FD3,PEDESTRIAN,Cross/Enter not at Intersection,NO IMPROPER ACTIONS,ON ROADWAY NOT AT CROSSWALK,NO PED. SIGNAL,MIXED CLOTHING,No,SUSPECTED MINOR INJURY,39.095125,-77.11114167,"(39.095125, -77.11114167)"
MCP30760018,180006535,Montgomery County Police,Injury Crash,02/07/2018 02:25:00 PM,Maryland (State),GEORGIA AVE,County,FENWICK LA,,N/A,BICYCLIST,STRAIGHT MOVEMENT ANGLE,RAINING,WET,DAYLIGHT,NO CONTROLS,NONE DETECTED,NONE DETECTED,63DCCDF7-4C19-4625-A50C-29E8A1B43E89,BICYCLIST,Cross/Enter at Intersection,FAILURE TO YIELD RIGHT OF WAY,ON ROADWAY NOT AT CROSSWALK,NO PED. SIGNAL,LIGHT CLOTHING,Yes,POSSIBLE INJURY,38.99823833,-77.0304035,"(38.99823833, -77.0304035)"
MCP2046007X,180006823,Montgomery County Police,Injury Crash,02/09/2018 08:59:00 AM,County,CAMERON ST,County,SECOND AVE,,N/A,PEDESTRIAN,SAME DIRECTION SIDESWIPE,CLEAR,DRY,DAYLIGHT,TRAFFIC SIGNAL,NONE DETECTED,NONE DETECTED,51515A9D-6D81-4479-B754-903FE177A431,PEDESTRIAN,Standing,OTHER,ON ROADWAY NOT AT CROSSWALK,N/A,REFLECTIVE MATERIAL,No,SUSPECTED SERIOUS INJURY,38.996235,-77.03155,"(38.996235, -77.03155)"
MCP2348003H,180003730,Montgomery County Police,Injury Crash,01/22/2018 05:36:00 PM,County,RANDOLPH RD,County,LIVINGSTON ST,,N/A,PEDESTRIAN,SINGLE VEHICLE,CLEAR,DRY,DARK LIGHTS ON,NO CONTROLS,NONE DETECTED,UNKNOWN,D491837F-4066-46AC-822C-29DE03673908,PEDESTRIAN,Cross/Enter at Intersection,NO IMPROPER ACTIONS,ON ROADWAY AT CROSSWALK,NO PED. SIGNAL,DARK CLOTHING,No,SUSPECTED SERIOUS INJURY,39.05841833,-77.05581167,"(39.05841833, -77.05581167)"
MCP2986002D,180007293,Montgomery County Police,Injury Crash,02/12/2018 04:56:00 AM,Maryland (State),16TH ST,County,SECOND AVE,,N/A,PEDESTRIAN,SINGLE VEHICLE,CLEAR,DRY,DARK LIGHTS ON,TRAFFIC SIGNAL,NONE DETECTED,NONE DETECTED,005E5857-5951-4599-AC12-AE7C78D18820,PEDESTRIAN,Cross/Enter at Intersection,NO IMPROPER ACTIONS,AT INTERSECTION MARKED CROSSWALK,OBEYED PED. SIGNAL,DARK CLOTHING,No,SUSPECTED MINOR INJURY,39.00330167,-77.040185,"(39.00330167, -77.040185)"
HA23990016,18000178,Maryland-National Capital,Injury Crash,02/19/2018 01:34:00 PM,Government,LITTLE FALLS PKWY,County,ARLINGTON RD,,N/A,BICYCLIST,STRAIGHT MOVEMENT ANGLE,RAINING,WET,DAYLIGHT,WARNING SIGN,N/A,N/A,284C0FF4-C0A0-4DC3-8CE8-2BFC11F9A6A7,BICYCLIST,Cross/Enter not at Intersection,NO IMPROPER ACTIONS,ON ROADWAY AT CROSSWALK,NO PED. SIGNAL,UNKNOWN,Unknown,SUSPECTED MINOR INJURY,38.9733751,-77.10132524,"(38.9733751, -77.10132524)"
MCP2923003Z,180008625,Montgomery County Police,Injury Crash,02/19/2018 02:18:00 PM,County,RANDOLPH RD,Maryland (State),GEORGIA AVE,,N/A,PEDESTRIAN,OTHER,RAINING,WET,DAYLIGHT,TRAFFIC SIGNAL,NONE DETECTED,N/A,184E3239-24E8-4164-B59D-D2D62124049C,PEDESTRIAN,Cross/Enter at Intersection,FAILURE TO OBEY TRAFFIC SIGNS SIGNALS OR OFFICER,AT INTERSECTION MARKED CROSSWALK,DISOBEYED PED. SIGNAL,MIXED CLOTHING,Yes,SUSPECTED MINOR INJURY,39.05820167,-77.04986667,"(39.05820167, -77.04986667)"
MCP2959003X,180008331,Montgomery County Police,Injury Crash,02/17/2018 05:59:00 AM,,,,,DRIVEWAY OF 2305 SHOREFIELD ROAD,,PEDESTRIAN,STRAIGHT MOVEMENT ANGLE,CLEAR,,DARK LIGHTS ON,NO CONTROLS,NONE DETECTED,NONE DETECTED,504C9C76-F58B-4874-8B64-52E4C2AAB74A,PEDESTRIAN,Walking/Cycling on Sidewalk,NO IMPROPER ACTIONS,SIDEWALK,NO PED. SIGNAL,DARK CLOTHING,No,POSSIBLE INJURY,39.05302858,-77.05005616,"(39.05302858, -77.05005616)"
MCP2951002H,180007798,Montgomery County Police,Injury Crash,02/14/2018 05:16:00 PM,,,,,PARKING LOT OF 13671 GEORGIA AVE SILVER SPRING MD 20906,,PEDESTRIAN,OTHER,CLEAR,,DAYLIGHT,NO CONTROLS,NONE DETECTED,NONE DETECTED,1C488BE5-7957-495A-915E-A51B07CB4D35,PEDESTRIAN,Other,NO IMPROPER ACTIONS,OTHER,NO PED. SIGNAL,MIXED CLOTHING,No,POSSIBLE INJURY,39.079834,-77.07288167,"(39.079834, -77.07288167)"
MCP20820017,180008905,Montgomery County Police,Injury Crash,02/20/2018 09:57:00 PM,Maryland (State),GEORGIA AVE,County,REEDIE DR,,N/A,PEDESTRIAN,SINGLE VEHICLE,CLEAR,DRY,DARK LIGHTS ON,TRAFFIC SIGNAL,NONE DETECTED,N/A,028A7CE9-04CF-41B2-942A-E5558377EE9F,PEDESTRIAN,Cross/Enter at Intersection,FAILURE TO OBEY TRAFFIC SIGNS SIGNALS OR OFFICER,ON ROADWAY AT CROSSWALK,DISOBEYED PED. SIGNAL,DARK CLOTHING,Yes,POSSIBLE INJURY,39.039455,-77.05244167,"(39.039455, -77.05244167)"
MCP2818003G,180008483,Montgomery County Police,Injury Crash,02/18/2018 11:03:00 AM,Maryland (State),GEORGIA AVE,County,FENWICK LA,,N/A,PEDESTRIAN,OTHER,CLEAR,WET,DAYLIGHT,N/A,NONE DETECTED,NONE DETECTED,203F7458-08C9-4988-BF6C-0D88CB22C7E5,PEDESTRIAN,Cross/Enter at Intersection,NO IMPROPER ACTIONS,ON ROADWAY AT CROSSWALK,OBEYED PED. SIGNAL,LIGHT CLOTHING,No,POSSIBLE INJURY,38.99825821,-77.03059673,"(38.99825821, -77.03059673)"
MCP25310012,180008862,Montgomery County Police,Injury Crash,02/20/2018 06:08:00 PM,,,,,PARKING LOT OF 15 SCHOOL DR,,PEDESTRIAN,SINGLE VEHICLE,N/A,,DARK LIGHTS ON,N/A,N/A,N/A,A5660A69-82EB-4508-A8A3-5AD3D535B886,PEDESTRIAN,Playing,IN ROADWAY IMPROPERLY,OTHER,N/A,MIXED CLOTHING,Yes,SUSPECTED SERIOUS INJURY,39.11929167,-77.21424667,"(39.11929167, -77.21424667)"
MCP29840010,180009366,Montgomery County Police,Injury Crash,02/23/2018 07:24:00 AM,Maryland (State),GREAT SENECA HWY,Unknown,COTTAGE GARDEN DR,,N/A,PEDESTRIAN,OTHER,RAINING,WET,DAYLIGHT,TRAFFIC SIGNAL,UNKNOWN,NONE DETECTED,42BE50B7-B5CC-4107-9947-38FC5491123B,PEDESTRIAN,Cross/Enter at Intersection,NO IMPROPER ACTIONS,AT INTERSECTION MARKED CROSSWALK,OBEYED PED. SIGNAL,MIXED CLOTHING,Unknown,SUSPECTED MINOR INJURY,39.15330833,-77.27789,"(39.15330833, -77.27789)"
EJ78640018,180008060,Gaithersburg Police Depar,Injury Crash,02/15/2018 08:42:00 PM,Municipality,MARKET ST E,Municipality,LEANING OAK ST,,GAITHERSBURG,BICYCLIST,SINGLE VEHICLE,N/A,N/A,DARK LIGHTS ON,STOP SIGN,N/A,N/A,3C4B6754-69D6-4321-95C8-75C780C0BE27,BICYCLIST,Cross/Enter at Intersection,FAILURE TO OBEY TRAFFIC SIGNS SIGNALS OR OFFICER,ON ROADWAY NOT AT CROSSWALK,DISOBEYED PED. SIGNAL,MIXED CLOTHING,Yes,SUSPECTED MINOR INJURY,38.99778,-77.10976667,"(38.99778, -77.10976667)"
MCP0942001M,180005987,Montgomery County Police,Injury Crash,02/04/2018 08:35:00 AM,,,,,"PARKING LOT-BETHESDA ELEMENTARY
7600 ARLINGTON RD.",,PEDESTRIAN,OTHER,CLOUDY,,DAYLIGHT,N/A,NONE DETECTED,NONE DETECTED,E868156F-9C6A-450C-85F5-380287134677,PEDESTRIAN,Other Working,NO IMPROPER ACTIONS,OTHER,N/A,DARK CLOTHING,No,SUSPECTED MINOR INJURY,38.9860995,-77.09893583,"(38.9860995, -77.09893583)"
MCP3022001M,180007098,Montgomery County Police,Injury Crash,02/10/2018 07:33:00 PM,Maryland (State),MAIN ST,Maryland (State),WOODFIELD RD,,N/A,PEDESTRIAN,OTHER,FOGGY,WET,DARK LIGHTS ON,STOP SIGN,N/A,N/A,C812B247-5342-4441-A89C-3BD6F4DEE7E3,PEDESTRIAN,Unknown,NO IMPROPER ACTIONS,AT INTERSECTION MARKED CROSSWALK,OBEYED PED. SIGNAL,DARK CLOTHING,No,SUSPECTED MINOR INJURY,39.28802667,-77.20246333,"(39.28802667, -77.20246333)"
MCP31500001,180009460,Montgomery County Police,Injury Crash,02/22/2018 04:30:00 PM,Maryland (State),16TH ST,County,SECOND AVE,,N/A,PEDESTRIAN,OTHER,CLEAR,DRY,DAYLIGHT,OTHER,UNKNOWN,NONE DETECTED,ED8D07EA-2271-400C-9141-B394978A6743,PEDESTRIAN,Cross/Enter at Intersection,UNKNOWN,AT INTERSECTION MARKED CROSSWALK,OBEYED PED. SIGNAL,UNKNOWN,No,SUSPECTED MINOR INJURY,39.0031452,-77.04001933,"(39.0031452, -77.04001933)"
MCP3064000V,180006809,Montgomery County Police,Injury Crash,02/09/2018 06:25:00 AM,County,NEWPORT MILL RD,Maryland (State),VEIRS MILL RD,,N/A,PEDESTRIAN,OTHER,CLEAR,DRY,DUSK,TRAFFIC SIGNAL,NONE DETECTED,NONE DETECTED,9FC2BAFB-9C18-43FD-B9E5-806F4A753DBB,PEDESTRIAN,Cross/Enter at Intersection,UNKNOWN,AT INTERSECTION MARKED CROSSWALK,OBEYED PED. SIGNAL,MIXED CLOTHING,No,SUSPECTED SERIOUS INJURY,39.04501728,-77.06502289,"(39.04501728, -77.06502289)"
MCP27610020,180010217,Montgomery County Police,Injury Crash,02/27/2018 05:25:00 PM,,,,,"PARKING LOT OF
19718 GERMANTOWN ROAD (SAFEWAY)",,PEDESTRIAN,OTHER,CLEAR,,DAYLIGHT,NO CONTROLS,NONE DETECTED,NONE DETECTED,99E747E8-217B-4FA4-8BF2-067B385D1F4A,PEDESTRIAN,Other,NO IMPROPER ACTIONS,MIDBLOCK MARKED CROSSWALK,NO PED. SIGNAL,DARK CLOTHING,No,POSSIBLE INJURY,39.18079894,-77.26593375,"(39.18079894, -77.26593375)"
MCP28120032,180008824,Montgomery County Police,Injury Crash,02/20/2018 03:30:00 PM,,,,,GARAGE OF 1200 EAST WEST HWY,,PEDESTRIAN,OTHER,CLEAR,,DAYLIGHT,NO CONTROLS,N/A,N/A,625518B4-396E-4D33-BEDA-30FDE0F5E34A,PEDESTRIAN,Standing,NO IMPROPER ACTIONS,OTHER,N/A,UNKNOWN,No,POSSIBLE INJURY,38.99043833,-77.02949,"(38.99043833, -77.02949)"
MCP22600020,180009993,Montgomery County Police,Injury Crash,02/26/2018 07:34:00 AM,Municipality,W EDMONSTON DR,Municipality,WOOTTON PKWY,,ROCKVILLE,PEDESTRIAN,OTHER,N/A,DRY,DARK LIGHTS ON,OTHER,N/A,N/A,E433CC09-8F0B-48CF-BDFB-11410FC193B5,PEDESTRIAN,Cross/Enter at Intersection,NO IMPROPER ACTIONS,ON ROADWAY AT CROSSWALK,OBEYED PED. SIGNAL,MIXED CLOTHING,No,SUSPECTED MINOR INJURY,39.0736,-77.13734167,"(39.0736, -77.13734167)"
MCP23140014,180009646,Montgomery County Police,Injury Crash,02/24/2018 08:16:00 PM,County,S GLEN RD,County,DEEP GLEN DR,,N/A,PEDESTRIAN,OTHER,RAINING,WET,DARK NO LIGHTS,N/A,NONE DETECTED,NONE DETECTED,3269E4C8-91A3-491E-BB34-A610234567D1,PEDESTRIAN,Other,NO IMPROPER ACTIONS,OTHER,N/A,REFLECTIVE MATERIAL,No,SUSPECTED MINOR INJURY,39.0358,-77.21754833,"(39.0358, -77.21754833)"
MCP10200031,180009851,Montgomery County Police,Injury Crash,02/26/2018 09:04:00 AM,County,BOLAND FARM RD,Maryland (State),FREDERICK RD,,N/A,BICYCLIST,OTHER,CLEAR,DRY,DAYLIGHT,OTHER,NONE DETECTED,NONE DETECTED,431C6187-045B-45A6-9A44-E8243F9A54BD,BICYCLIST,Cross/Enter at Intersection,NO IMPROPER ACTIONS,ON ROADWAY AT CROSSWALK,NO PED. SIGNAL,DARK CLOTHING,No,SUSPECTED SERIOUS INJURY,39.195328,-77.2446005,"(39.195328, -77.2446005)"
DD5611004L,180011267,Rockville Police Departme,Property Damage Crash,03/05/2018 05:50:00 PM,Municipality,TOWER OAKS BLVD,Municipality,WOOTTON PKWY,,ROCKVILLE,BICYCLIST,OTHER,CLEAR,DRY,DUSK,NO CONTROLS,NONE DETECTED,NONE DETECTED,D47345D4-E13F-494D-B4EC-5F5A0411E438,BICYCLIST,Walking/Riding w/Traffic,NO IMPROPER ACTIONS,IN BIKEWAY,N/A,LIGHT CLOTHING,No,NO APPARENT INJURY,39.06582,-77.15411167,"(39.06582, -77.15411167)"
MCP2917002H,180010939,Montgomery County Police,Injury Crash,03/03/2018 04:00:00 PM,County,GRAND PRE RD,County,BEL PRE RD,,N/A,PEDESTRIAN,OTHER,CLEAR,DRY,DAYLIGHT,NO CONTROLS,NONE DETECTED,NONE DETECTED,E78E761F-2FF7-4606-9E64-C65B56D3F435,PEDESTRIAN,Other,NO IMPROPER ACTIONS,SIDEWALK,NO PED. SIGNAL,DARK CLOTHING,No,POSSIBLE INJURY,39.09123833,-77.07625667,"(39.09123833, -77.07625667)"
MCP2680002C,180010844,Montgomery County Police,Injury Crash,03/02/2018 08:38:00 PM,Maryland (State),EAST WEST HWY,Other Public Roadway,W FALKLAND LA,,N/A,PEDESTRIAN,SAME DIRECTION SIDESWIPE,SEVERE WINDS,DRY,DARK LIGHTS ON,NO CONTROLS,NONE DETECTED,NONE DETECTED,510BFEE9-006E-41B8-A0D9-9DAD55175D33,PEDESTRIAN,Other,FAILURE TO YIELD RIGHT OF WAY,SHOULDER,NO PED. SIGNAL,DARK CLOTHING,Yes,SUSPECTED MINOR INJURY,38.99265167,-77.031735,"(38.99265167, -77.031735)"
MCP29480029,180009623,Montgomery County Police,Injury Crash,02/24/2018 05:10:00 PM,Maryland (State),GEORGIA AVE,County,PRICE AVE,,N/A,PEDESTRIAN,OTHER,RAINING,WET,DAYLIGHT,N/A,NONE DETECTED,NONE DETECTED,833B8594-1005-4A97-93F2-BCF2E1BFCB06,PEDESTRIAN,Cross/Enter at Intersection,NO IMPROPER ACTIONS,AT INTERSECTION MARKED CROSSWALK,NO PED. SIGNAL,N/A,No,SUSPECTED MINOR INJURY,39.04027,-77.05134167,"(39.04027, -77.05134167)"
MCP2954004Y,180011396,Montgomery County Police,Injury Crash,03/06/2018 03:34:00 PM,Maryland (State),PINEY BRANCH RD,County,ARLISS ST,,N/A,PEDESTRIAN,N/A,CLOUDY,WET,DAYLIGHT,NO CONTROLS,NONE DETECTED,NONE DETECTED,24977CF6-9A19-42DD-8AE1-657819924F20,PEDESTRIAN,Other,INATTENTIVE,N/A,NO PED. SIGNAL,MIXED CLOTHING,Yes,SUSPECTED MINOR INJURY,38.99864593,-76.99937582,"(38.99864593, -76.99937582)"
DD5624000G,180011754,Rockville Police Departme,Injury Crash,03/08/2018 01:25:00 PM,Municipality,KING FARM BLVD,Municipality,PICCARD DR,,ROCKVILLE,PEDESTRIAN,OTHER,CLEAR,DRY,DAYLIGHT,STOP SIGN,ALCOHOL PRESENT,NONE DETECTED,66E4D4DF-9C97-48C5-9E53-DC30CEC8DFBD,PEDESTRIAN,Cross/Enter at Intersection,NO IMPROPER ACTIONS,AT INTERSECTION MARKED CROSSWALK,N/A,MIXED CLOTHING,No,SUSPECTED MINOR INJURY,39.11058284,-77.18243122,"(39.11058284, -77.18243122)"
MCP21160086,180011693,Montgomery County Police,Injury Crash,03/08/2018 07:34:00 AM,County,GAINSBOROUGH RD,County,ENID DR,,N/A,PEDESTRIAN,STRAIGHT MOVEMENT ANGLE,CLEAR,DRY,DAYLIGHT,NO CONTROLS,NONE DETECTED,NONE DETECTED,E5B2A777-D274-40F8-8F3E-04B9B0F380DC,PEDESTRIAN,Walking to/from school,DART DASH,ON ROADWAY NOT AT CROSSWALK,NO PED. SIGNAL,LIGHT CLOTHING,Yes,POSSIBLE INJURY,39.04629167,-77.16886333,"(39.04629167, -77.16886333)"
MCP3122000C,180012110,Montgomery County Police,Injury Crash,03/10/2018 11:50:00 AM,,,,,13884 GEORGIA AVE (ROY ROGERS PARKING LOT ENTRANCE),,PEDESTRIAN,OTHER,CLEAR,,DAYLIGHT,STOP SIGN,NONE DETECTED,NONE DETECTED,19CB16A9-192D-47A7-B825-90E9AA10F7C9,PEDESTRIAN,Cross/Enter not at Intersection,NO IMPROPER ACTIONS,DRIVEWAY ACCESS MARKED CROSSWALK,NO PED. SIGNAL,DARK CLOTHING,No,SUSPECTED MINOR INJURY,39.08201133,-77.0771855,"(39.08201133, -77.0771855)"
MCP2046007Z,180012779,Montgomery County Police,Injury Crash,03/14/2018 09:13:00 AM,Maryland (State),COLESVILLE RD,County,SECOND AVE,,N/A,BICYCLIST,SAME DIRECTION SIDESWIPE,CLEAR,DRY,DAYLIGHT,TRAFFIC SIGNAL,NONE DETECTED,N/A,913E355F-B4D7-4C49-ACF5-86777AA962E3,BICYCLIST,Walking/Riding w/Traffic,OTHER,OTHER,N/A,DARK CLOTHING,No,POSSIBLE INJURY,38.99514387,-77.02976525,"(38.99514387, -77.02976525)"
MCP27840028,16004095,Montgomery County Police,Injury Crash,01/24/2016 06:34:00 PM,,REDSPIRE DRIVE,,DEER HIGHLANDS WAY,,N/A,PEDESTRIAN,SINGLE VEHICLE,SNOW,N/A,DARK LIGHTS ON,NO CONTROLS,UNKNOWN,NONE DETECTED,6D109FD5-78B7-4AE7-B96F-A7C0CA728AFA,PEDESTRIAN,Standing,IN ROADWAY IMPROPERLY,ON ROADWAY NOT AT CROSSWALK,N/A,N/A,Yes,POSSIBLE INJURY,39.0039,-77.036485,"(39.0039, -77.036485)"
MCP31500006,180012483,Montgomery County Police,Injury Crash,03/12/2018 06:08:00 PM,County,WAYNE AVE,County,CEDAR ST,,N/A,PEDESTRIAN,N/A,CLEAR,DRY,DAYLIGHT,NO CONTROLS,NONE DETECTED,NONE DETECTED,563E2646-6FA0-4FAE-BD5B-58F56A582213,PEDESTRIAN,Other,UNKNOWN,ON ROADWAY AT CROSSWALK,DISOBEYED PED. SIGNAL,MIXED CLOTHING,No,SUSPECTED MINOR INJURY,38.99688,-77.022125,"(38.99688, -77.022125)"
MCP23530053,180011153,Montgomery County Police,Injury Crash,03/05/2018 08:12:00 AM,County,NEWPORT MILL RD,Maryland (State),UNIVERSITY BLVD W,,N/A,PEDESTRIAN,SINGLE VEHICLE,CLEAR,DRY,DAYLIGHT,PERSON,NONE DETECTED,NONE DETECTED,A1321944-CFBF-4285-8BEC-63AC04DD3CCB,PEDESTRIAN,Cross/Enter at Intersection,NO IMPROPER ACTIONS,ON ROADWAY AT CROSSWALK,OBEYED PED. SIGNAL,DARK CLOTHING,No,POSSIBLE INJURY,39.03391951,-77.07243919,"(39.03391951, -77.07243919)"
MCP21160088,180012621,Montgomery County Police,Injury Crash,03/13/2018 02:23:00 PM,County,SENECA RD,County,RIVER RD,,N/A,OTHER,SINGLE VEHICLE,CLEAR,DRY,DAYLIGHT,NO CONTROLS,NONE DETECTED,N/A,3B056425-16AD-4B03-8DBD-B7FB1158481A,OTHER,N/A,N/A,N/A,N/A,N/A,No,NO APPARENT INJURY,39.07867167,-77.33052833,"(39.07867167, -77.33052833)"
MCP3096000G,180011751,Montgomery County Police,Injury Crash,03/08/2018 01:07:00 PM,Ramp,RAMP 9 FR IS 370 EB TO SHADY GROVE RD,County,MT PLEASANT AVE (AHEAD),,N/A,PEDESTRIAN,SINGLE VEHICLE,CLEAR,DRY,DAYLIGHT,TRAFFIC SIGNAL,NONE DETECTED,NONE DETECTED,643EEB08-98D9-411B-B485-442593CAE645,PEDESTRIAN,Cross/Enter at Intersection,NO IMPROPER ACTIONS,ON ROADWAY AT CROSSWALK,OBEYED PED. SIGNAL,DARK CLOTHING,No,SUSPECTED MINOR INJURY,39.12055788,-77.18029618,"(39.12055788, -77.18029618)"
MCP2254001K,180010389,Montgomery County Police,Injury Crash,03/22/2018 10:13:00 AM,,LIMPKIN AVE,,DOVEKIE AVE,,N/A,PEDESTRIAN,SINGLE VEHICLE,CLEAR,WET,DAYLIGHT,NO CONTROLS,NONE DETECTED,NONE DETECTED,88EDBFBE-434D-44F8-AB8D-E13A6473B20C,PEDESTRIAN,Standing,NO IMPROPER ACTIONS,OTHER,N/A,DARK CLOTHING,No,SUSPECTED MINOR INJURY,39.227115,-77.28964667,"(39.227115, -77.28964667)"
MCP1564002Z,180011748,Montgomery County Police,Injury Crash,03/21/2018 09:45:00 AM,,,,,"PKG LOT OF SHOPPERS FOOD WAREHOUSE LOCATED AT 18140 VILLAGE MART DRIVE, OLNEY, MD 20832",,PEDESTRIAN,OTHER,CLEAR,,DAYLIGHT,OTHER,UNKNOWN,NONE DETECTED,B22F3232-C44E-45EB-95B8-45DA029F4791,PEDESTRIAN,Cross/Enter at Intersection,NO IMPROPER ACTIONS,ON ROADWAY AT CROSSWALK,NO PED. SIGNAL,MIXED CLOTHING,No,POSSIBLE INJURY,39.15323882,-77.06484854,"(39.15323882, -77.06484854)"
MCP2675001N,180011131,Montgomery County Police,Injury Crash,03/05/2018 05:34:00 AM,Maryland (State),UNIVERSITY BLVD W,County,AMHERST AVE,,N/A,PEDESTRIAN,STRAIGHT MOVEMENT ANGLE,N/A,DRY,DARK LIGHTS ON,FLASHING TRAFFIC SIGNAL,NONE DETECTED,NONE DETECTED,26F28AE7-2B58-4FA8-B741-D05E7EEC807C,PEDESTRIAN,Cross/Enter at Intersection,DART DASH,ON ROADWAY AT CROSSWALK,DISOBEYED PED. SIGNAL,DARK CLOTHING,Yes,SUSPECTED SERIOUS INJURY,39.04130667,-77.04821833,"(39.04130667, -77.04821833)"
MCP2586003S,180013749,Montgomery County Police,Injury Crash,03/19/2018 07:55:00 PM,US (State),COLUMBIA PIKE,County,MUSGROVE RD,,N/A,PEDESTRIAN,OTHER,CLEAR,DRY,DARK LIGHTS ON,TRAFFIC SIGNAL,NONE DETECTED,NONE DETECTED,9B80A27C-2F8F-4610-A0E6-1DB1C1091348,PEDESTRIAN,Cross/Enter at Intersection,NO IMPROPER ACTIONS,ON ROADWAY AT CROSSWALK,OBEYED PED. SIGNAL,MIXED CLOTHING,No,SUSPECTED MINOR INJURY,39.06757,-76.95975,"(39.06757, -76.95975)"
MCP3090000F,180013744,Montgomery County Police,Injury Crash,03/19/2018 06:40:00 PM,Maryland (State),S FREDERICK RD,Municipality,EDUCATION BLVD,,GAITHERSBURG,BICYCLIST,STRAIGHT MOVEMENT ANGLE,CLEAR,DRY,DAYLIGHT,TRAFFIC SIGNAL,N/A,NONE DETECTED,6A39D90A-D362-4E2D-A986-13467BF5A52D,BICYCLIST,Walking/Cycling on Sidewalk,NO IMPROPER ACTIONS,SIDEWALK,NO PED. SIGNAL,LIGHT CLOTHING,No,POSSIBLE INJURY,39.13530167,-77.19155167,"(39.13530167, -77.19155167)"
MCP28820027,180010216,Montgomery County Police,Injury Crash,02/27/2018 03:30:00 PM,,WONDERLAND WAY,,CHALET DRIVE,,N/A,OTHER,SINGLE VEHICLE,CLEAR,DRY,DAYLIGHT,NO CONTROLS,NONE DETECTED,N/A,6F0BCEBC-AD0F-4FFE-8D06-5F295ED47110,OTHER,Cross/Enter at Intersection,INATTENTIVE,ON ROADWAY NOT AT CROSSWALK,NO PED. SIGNAL,DARK CLOTHING,Yes,SUSPECTED MINOR INJURY,39.1552345,-77.27295712,"(39.1552345, -77.27295712)"
MCP2805002K,170545411,Montgomery County Police,Injury Crash,11/28/2017 04:45:00 PM,County,CONTOUR RD,County,LOST KNIFE RD,,N/A,PEDESTRIAN,OTHER,N/A,DRY,DUSK,NO CONTROLS,NONE DETECTED,NONE DETECTED,CD8F9766-9D41-4333-A423-44FD9116FF19,PEDESTRIAN,Cross/Enter not at Intersection,NO IMPROPER ACTIONS,ON ROADWAY NOT AT CROSSWALK,NO PED. SIGNAL,MIXED CLOTHING,No,POSSIBLE INJURY,39.15446493,-77.1992071,"(39.15446493, -77.1992071)"
MCP1323000G,180005089,Montgomery County Police,Property Damage Crash,01/29/2018 06:00:00 PM,County,FENTON ST,County,PHILADELPHIA AVE,,N/A,BICYCLIST,HEAD ON LEFT TURN,CLEAR,DRY,DUSK,TRAFFIC SIGNAL,UNKNOWN,N/A,60D59A0C-473F-42F2-A55A-CFAEB43FE739,BICYCLIST,Cross/Enter at Intersection,N/A,IN BIKEWAY,OBEYED PED. SIGNAL,MIXED CLOTHING,No,NO APPARENT INJURY,38.98800789,-77.02359349,"(38.98800789, -77.02359349)"
MCP1221004S,180013625,Montgomery County Police,Injury Crash,03/19/2018 08:48:00 AM,,,,,PARKING LOT OF 100 TSCHIFFELY SQUARE RD,,PEDESTRIAN,SINGLE VEHICLE,CLEAR,,DAYLIGHT,NO CONTROLS,NONE DETECTED,NONE DETECTED,C6EBDEAA-6365-4BF8-82DB-C73A9E3EEFF7,PEDESTRIAN,Walking to/from school,NO IMPROPER ACTIONS,OTHER,NO PED. SIGNAL,MIXED CLOTHING,No,SUSPECTED MINOR INJURY,39.11766833,-77.24671667,"(39.11766833, -77.24671667)"