Report Number,Local Case Number,Agency Name,ACRS Report Type,Crash Date/Time,Route Type,Road Name,Cross-Street Type,Cross-Street Name,Off-Road Description,Municipality,Related Non-Motorist,Collision Type,Weather,Surface Condition,Light,Traffic Control,Driver Substance Abuse,Non-Motorist Substance Abuse,Person ID,Pedestrian Type,Pedestrian Movement,Pedestrian Actions,Pedestrian Location,Pedestrian Obeyed Traffic Signal,Pedestrian Visibility,At Fault,Injury Severity,Latitude,Longitude,Location
MCP3099000C,180015076,Montgomery County Police,Injury Crash,03/27/2018 08:45:00 PM,,,,,PARKING LOT IN FRONT OF GIANT FOOD LOCATED AT 20944 FREDERICK RD GERMANTOWN MD 20876,,PEDESTRIAN,OTHER,CLEAR,,OTHER,NO CONTROLS,,NONE DETECTED,F3B88AAE-F3D6-4496-BF36-9901F1BFE23B,PEDESTRIAN,Standing,NO IMPROPER ACTIONS,OTHER,N/A,N/A,No,SUSPECTED MINOR INJURY,39.20291222,-77.24689543,"(39.20291222, -77.24689543)"
MCP1389001K,180015217,Montgomery County Police,Injury Crash,03/28/2018 07:55:00 PM,,,,,PARKING LOT OF 7200 MUNCASTER MILL RD (MCDONALD'S),,PEDESTRIAN,SINGLE VEHICLE,RAINING,,DARK LIGHTS ON,N/A,N/A,NONE DETECTED,67BA1FEC-CE1F-48A8-9BA8-70738C361A44,PEDESTRIAN,Other Working,NO IMPROPER ACTIONS,OTHER,N/A,OTHER,No,SUSPECTED MINOR INJURY,39.14563667,-77.14467333,"(39.14563667, -77.14467333)"
MCP30570010,180013496,Montgomery County Police,Injury Crash,03/18/2018 11:39:00 AM,County,BARNESVILLE RD,County,PEACH TREE RD,,N/A,BICYCLIST,STRAIGHT MOVEMENT ANGLE,CLEAR,DRY,DAYLIGHT,STOP SIGN,NONE DETECTED,NONE DETECTED,7DC7116E-A28E-4B80-A22C-67CD06D82378,BICYCLIST,Cross/Enter at Intersection,FAILURE TO OBEY TRAFFIC SIGNS SIGNALS OR OFFICER,AT INTERSECTION BUT NO CROSSWALK,OTHER,MIXED CLOTHING,Yes,POSSIBLE INJURY,39.21530833,-77.35591833,"(39.21530833, -77.35591833)"
DD5612002B,180014384,Rockville Police Departme,Injury Crash,03/23/2018 03:04:00 PM,,,,,PARKING LOT OF 625 HUNGERFORD DR,,PEDESTRIAN,OTHER,CLEAR,,DAYLIGHT,NO CONTROLS,NONE DETECTED,NONE DETECTED,CE184A02-ABA8-4CC4-A75D-216FE7AA9224,PEDESTRIAN,Standing,NO IMPROPER ACTIONS,OTHER,N/A,LIGHT CLOTHING,No,POSSIBLE INJURY,39.09222667,-77.15240333,"(39.09222667, -77.15240333)"
MCP14380061,180013635,Montgomery County Police,Injury Crash,03/19/2018 10:05:00 AM,Maryland (State),WOODFIELD RD,County,FLOWER HILL WAY,,N/A,PEDESTRIAN,OTHER,CLEAR,DRY,DAYLIGHT,TRAFFIC SIGNAL,NONE DETECTED,NONE DETECTED,43E3BF8A-96A7-411E-9972-6F65347B223E,PEDESTRIAN,Walking/Riding against Traffic,FAILURE TO OBEY TRAFFIC SIGNS SIGNALS OR OFFICER,AT INTERSECTION MARKED CROSSWALK,DISOBEYED PED. SIGNAL,LIGHT CLOTHING,Yes,POSSIBLE INJURY,39.156185,-77.16531333,"(39.156185, -77.16531333)"
MCP271700GQ,180013953,Montgomery County Police,Injury Crash,03/20/2018 05:30:00 PM,,,,,5144 NICHOLSON LANE (COMMERCIAL PARKING LOT),,PEDESTRIAN,OTHER,RAINING,,DAYLIGHT,NO CONTROLS,NONE DETECTED,NONE DETECTED,3C2A41BB-F4C8-47E0-B3D8-7191AC82B685,PEDESTRIAN,Other,NO IMPROPER ACTIONS,OTHER,N/A,MIXED CLOTHING,No,SUSPECTED MINOR INJURY,39.04385167,-77.105115,"(39.04385167, -77.105115)"
MCP3048002Z,180016053,Montgomery County Police,Injury Crash,04/03/2018 08:15:00 AM,,,,,PARKING LOT IN FRONT OF 6920 ARLINGTON RD,,PEDESTRIAN,OTHER,CLEAR,,DAYLIGHT,NO CONTROLS,NONE DETECTED,NONE DETECTED,86956F6D-6596-401E-A8F1-501C3D9114B5,PEDESTRIAN,Other,NO IMPROPER ACTIONS,OTHER,NO PED. SIGNAL,MIXED CLOTHING,No,POSSIBLE INJURY,38.97707667,-77.09704667,"(38.97707667, -77.09704667)"
MCP3022001N,180015324,Montgomery County Police,Injury Crash,03/22/2018 12:30:00 PM,,,,,"PARKING LOT OF 7ELEVEN LOCATED AT 13001 WISTERIA DRIVE, GERMANTOWN, MD 20874",,PEDESTRIAN,OPPOSITE DIR BOTH LEFT TURN,CLEAR,,DAYLIGHT,STOP SIGN,UNKNOWN,UNKNOWN,FA9A83C1-92ED-4AB6-A0EC-F198348119E8,PEDESTRIAN,Cross/Enter at Intersection,N/A,AT INTERSECTION BUT NO CROSSWALK,UNKNOWN,MIXED CLOTHING,No,SUSPECTED MINOR INJURY,39.17844221,-77.27031916,"(39.17844221, -77.27031916)"
MCP2693002G,180015547,Montgomery County Police,Injury Crash,03/30/2018 07:54:00 PM,County,ASPEN HILL RD,County,FRANKFORT DR,,N/A,PEDESTRIAN,SINGLE VEHICLE,CLEAR,DRY,DARK LIGHTS ON,NO CONTROLS,NONE DETECTED,NONE DETECTED,6BC79343-D2B1-420B-88BB-EA9ED47498FB,PEDESTRIAN,Cross/Enter at Intersection,NO IMPROPER ACTIONS,ON ROADWAY AT CROSSWALK,NO PED. SIGNAL,DARK CLOTHING,No,SUSPECTED MINOR INJURY,39.07955,-77.08385333,"(39.07955, -77.08385333)"
DD5603005P,180015684,Rockville Police Departme,Injury Crash,03/31/2018 06:00:00 PM,,,,,1643B ROCKVILLE PIKE (PARKING LOT/STORE),,PEDESTRIAN,SINGLE VEHICLE,CLEAR,,DAYLIGHT,NO CONTROLS,NONE DETECTED,NONE DETECTED,0D61A38D-32E9-48CD-AAF0-24BD4C7C062F,PEDESTRIAN,Walking/Cycling on Sidewalk,NO IMPROPER ACTIONS,SIDEWALK,N/A,DARK CLOTHING,No,SUSPECTED MINOR INJURY,39.06219902,-77.12715626,"(39.06219902, -77.12715626)"
MCP29540053,180014875,Montgomery County Police,Property Damage Crash,03/26/2018 06:05:00 PM,County,WABASH AVE,County,GARLAND AVE,,N/A,BICYCLIST,SAME DIRECTION SIDESWIPE,CLEAR,DRY,DAYLIGHT,NO CONTROLS,NONE DETECTED,UNKNOWN,24CC242C-D3FE-40EA-90B7-CD6D185EF9EC,BICYCLIST,Other,WRONG WAY RIDING OR WALKING,ON ROADWAY NOT AT CROSSWALK,N/A,UNKNOWN,Yes,NO APPARENT INJURY,38.99400833,-77.00075667,"(38.99400833, -77.00075667)"
MCP20460085,180015862,Montgomery County Police,Injury Crash,04/02/2018 06:12:00 AM,Maryland (State),EAST WEST HWY,County,BLAIR MILL RD,,N/A,PEDESTRIAN,STRAIGHT MOVEMENT ANGLE,RAINING,WET,DARK LIGHTS ON,N/A,NONE DETECTED,NONE DETECTED,9F2CE912-9E6B-4A55-AFFC-8A0DBED68AAA,PEDESTRIAN,Other,NO IMPROPER ACTIONS,SIDEWALK,NO PED. SIGNAL,DARK CLOTHING,No,SUSPECTED MINOR INJURY,38.99097,-77.02962833,"(38.99097, -77.02962833)"
MCP30840018,180015790,Montgomery County Police,Injury Crash,04/01/2018 02:29:00 PM,Maryland (State),OLD GEORGETOWN RD,County,BEECH AVE,,N/A,PEDESTRIAN,OTHER,CLEAR,DRY,DAYLIGHT,N/A,NONE DETECTED,NONE DETECTED,340DEE90-79E9-4AE6-9EF9-E69452B4681B,PEDESTRIAN,Other,IN ROADWAY IMPROPERLY,ON ROADWAY NOT AT CROSSWALK,NO PED. SIGNAL,MIXED CLOTHING,Yes,POSSIBLE INJURY,39.01048417,-77.11502183,"(39.01048417, -77.11502183)"
DD5603005P,180015684,Rockville Police Departme,Injury Crash,03/31/2018 06:00:00 PM,,,,,1643B ROCKVILLE PIKE (PARKING LOT/STORE),,PEDESTRIAN,SINGLE VEHICLE,CLEAR,,DAYLIGHT,NO CONTROLS,NONE DETECTED,NONE DETECTED,B2DB1C33-2312-47B7-A458-3D2A4B6B51B4,PEDESTRIAN,Standing,NO IMPROPER ACTIONS,INSIDE BUILDING,N/A,DARK CLOTHING,No,SUSPECTED MINOR INJURY,39.06219902,-77.12715626,"(39.06219902, -77.12715626)"
MCP30390024,180015700,Montgomery County Police,Injury Crash,03/31/2018 08:35:00 PM,Municipality,DUPONT AVE,Maryland (State),CONNECTICUT AVE,,N/A,PEDESTRIAN,OTHER,CLEAR,DRY,DARK LIGHTS ON,STOP SIGN,UNKNOWN,NONE DETECTED,93627E00-87A0-4A44-882C-0DD7709663FA,PEDESTRIAN,Cross/Enter at Intersection,NO IMPROPER ACTIONS,ON ROADWAY AT CROSSWALK,NO PED. SIGNAL,LIGHT CLOTHING,No,POSSIBLE INJURY,39.02793667,-77.07792,"(39.02793667, -77.07792)"
MCP1148002C,180016886,Montgomery County Police,Injury Crash,04/07/2018 11:35:00 AM,County,BATTERY LA,County,KEYSTONE AVE,,N/A,BICYCLIST,SINGLE VEHICLE,CLOUDY,DRY,DAYLIGHT,NO CONTROLS,UNKNOWN,NONE DETECTED,7064F412-0FEC-481E-8F7C-ACC2F526EBC0,BICYCLIST,Cross/Enter at Intersection,NO IMPROPER ACTIONS,ON ROADWAY AT CROSSWALK,NO PED. SIGNAL,MIXED CLOTHING,No,SUSPECTED MINOR INJURY,38.99263167,-77.09844,"(38.99263167, -77.09844)"
MCP3076001G,180014777,Montgomery County Police,Injury Crash,03/26/2018 06:35:00 AM,Maryland (State),COLESVILLE RD,Maryland (State),EAST WEST HWY,,N/A,PEDESTRIAN,HEAD ON LEFT TURN,CLEAR,DRY,DUSK,TRAFFIC SIGNAL,NONE DETECTED,NONE DETECTED,8D345FFD-05AD-499E-9DF3-F708E04D424C,PEDESTRIAN,Cross/Enter at Intersection,IN ROADWAY IMPROPERLY,ON ROADWAY AT CROSSWALK,DISOBEYED PED. SIGNAL,DARK CLOTHING,Yes,POSSIBLE INJURY,38.9932395,-77.03198333,"(38.9932395, -77.03198333)"
MCP27980040,180016957,Montgomery County Police,Injury Crash,04/08/2018 12:32:00 AM,Maryland (State),S FREDERICK RD,Municipality,W DEER PARK RD,,GAITHERSBURG,PEDESTRIAN,OTHER,CLEAR,DRY,DARK LIGHTS ON,TRAFFIC SIGNAL,NONE DETECTED,NONE DETECTED,F523F66D-43BE-4449-AF8C-72EC485BF5E9,PEDESTRIAN,Cross/Enter not at Intersection,DART DASH,ON ROADWAY NOT AT CROSSWALK,NO PED. SIGNAL,MIXED CLOTHING,Yes,POSSIBLE INJURY,39.132195,-77.18935333,"(39.132195, -77.18935333)"
EJ7852001X,180016641,Gaithersburg Police Depar,Injury Crash,04/05/2018 11:20:00 PM,Maryland (State),QUINCE ORCHARD RD,Municipality,FIRSTFIELD RD,,GAITHERSBURG,PEDESTRIAN,N/A,CLEAR,DRY,DARK LIGHTS ON,N/A,NONE DETECTED,NONE DETECTED,AB684A85-0DF5-4498-9605-FBFD361B6EF0,PEDESTRIAN,Unknown,UNKNOWN,N/A,UNKNOWN,DARK CLOTHING,Unknown,POSSIBLE INJURY,39.14602935,-77.21957445,"(39.14602935, -77.21957445)"
MCP1213003P,180015705,Montgomery County Police,Injury Crash,03/31/2018 09:00:00 PM,Maryland (State),NEW HAMPSHIRE AVE,County,TREE LAWN DR,,N/A,PEDESTRIAN,SAME DIR REAR END,CLEAR,DRY,DARK LIGHTS ON,NO CONTROLS,NONE DETECTED,NONE DETECTED,B7661987-D701-4BDD-9A04-35EFE2AF35E4,PEDESTRIAN,Standing,NO IMPROPER ACTIONS,ON ROADWAY NOT AT CROSSWALK,N/A,REFLECTIVE MATERIAL,No,SUSPECTED SERIOUS INJURY,39.14524833,-77.00562,"(39.14524833, -77.00562)"
MCP2686002L,180017451,Montgomery County Police,Injury Crash,04/10/2018 03:04:00 PM,County,RIDGE RD,County,OBSERVATION DR,,N/A,PEDESTRIAN,SINGLE VEHICLE,CLEAR,DRY,DAYLIGHT,TRAFFIC SIGNAL,N/A,UNKNOWN,CA7C085C-E3F3-41B1-B287-FD4E51CE205C,PEDESTRIAN,Cross/Enter at Intersection,IN ROADWAY IMPROPERLY,ON ROADWAY AT CROSSWALK,DISOBEYED PED. SIGNAL,MIXED CLOTHING,Yes,SUSPECTED SERIOUS INJURY,39.201955,-77.253035,"(39.201955, -77.253035)"
MCP2981001Y,180018990,Montgomery County Police,Injury Crash,04/18/2018 05:43:00 PM,,,,,"PARKING LOT OF 13420 NEW HAMPSHIRE AVE, EXXON GAS STATION",,PEDESTRIAN,OTHER,CLEAR,,DAYLIGHT,NO CONTROLS,UNKNOWN,NONE DETECTED,6F362331-C5BA-4346-B87C-4EAE3D2B3BD1,PEDESTRIAN,Other,UNKNOWN,OTHER,NO PED. SIGNAL,MIXED CLOTHING,No,POSSIBLE INJURY,39.076035,-77.00257833,"(39.076035, -77.00257833)"
EJ7864001G,180018143,Gaithersburg Police Depar,Injury Crash,04/13/2018 09:06:00 PM,County,MONTGOMERY VILLAGE AVE,Maryland (State),MIDCOUNTY HWY,,N/A,PEDESTRIAN,SINGLE VEHICLE,N/A,N/A,DARK LIGHTS ON,N/A,NONE DETECTED,N/A,F85B5A6E-2C3E-4E43-90A4-F67B0E49B6B1,PEDESTRIAN,Cross/Enter at Intersection,DART DASH,ON ROADWAY NOT AT CROSSWALK,N/A,LIGHT CLOTHING,Yes,SUSPECTED SERIOUS INJURY,39.15709333,-77.20544667,"(39.15709333, -77.20544667)"
MCP29160025,180018910,Montgomery County Police,Injury Crash,04/18/2018 11:30:00 AM,County,OLD COLUMBIA PIKE,County,BRIGGS CHANEY RD,,N/A,PEDESTRIAN,OTHER,CLEAR,DRY,DAYLIGHT,NO CONTROLS,NONE DETECTED,NONE DETECTED,4F9B9A0E-7E74-4C3A-A9FC-955757C59108,PEDESTRIAN,Cross/Enter not at Intersection,INATTENTIVE,ON ROADWAY NOT AT CROSSWALK,N/A,MIXED CLOTHING,Yes,SUSPECTED MINOR INJURY,39.08642319,-76.95042282,"(39.08642319, -76.95042282)"
MCP30770012,180018081,Montgomery County Police,Injury Crash,04/13/2018 04:25:00 PM,Maryland (State),GREAT SENECA HWY,Unknown,COTTAGE GARDEN DR,,N/A,BICYCLIST,N/A,CLEAR,DRY,DAYLIGHT,TRAFFIC SIGNAL,N/A,N/A,431208FB-5DDA-4D53-BEF9-527A19B3A3D0,BICYCLIST,Cross/Enter at Intersection,NO IMPROPER ACTIONS,AT INTERSECTION MARKED CROSSWALK,OBEYED PED. SIGNAL,LIGHT CLOTHING,No,SUSPECTED MINOR INJURY,39.15335167,-77.27774833,"(39.15335167, -77.27774833)"
MCP3109000K,180018300,Montgomery County Police,Injury Crash,04/14/2018 08:15:00 PM,County,FAIRLAND RD,County,BEETHOVEN BLVD,,N/A,PEDESTRIAN,OTHER,CLEAR,DRY,DARK NO LIGHTS,OTHER,NONE DETECTED,NONE DETECTED,B8EB10F1-7EAB-4265-A4B5-803A518ACCEE,PEDESTRIAN,Cross/Enter at Intersection,NO IMPROPER ACTIONS,ON ROADWAY AT CROSSWALK,OBEYED PED. SIGNAL,LIGHT CLOTHING,No,POSSIBLE INJURY,39.06682333,-76.94696667,"(39.06682333, -76.94696667)"
MCP3121000R,180018114,Montgomery County Police,Injury Crash,04/13/2018 06:34:00 PM,County,CONTOUR RD,County,LOST KNIFE RD,,N/A,PEDESTRIAN,OTHER,CLEAR,DRY,DAYLIGHT,NO CONTROLS,NONE DETECTED,NONE DETECTED,BFFB6424-E8D2-4C98-8F32-9973FF730F3A,PEDESTRIAN,Cross/Enter not at Intersection,IN ROADWAY IMPROPERLY,ON ROADWAY NOT AT CROSSWALK,N/A,LIGHT CLOTHING,Yes,SUSPECTED MINOR INJURY,39.155415,-77.20033333,"(39.155415, -77.20033333)"
MCP2330001L,180017910,Montgomery County Police,Injury Crash,04/12/2018 06:16:00 PM,,,,,PARKING LOT OF 11931 VEIRS MILL RD,,BICYCLIST,OTHER,CLEAR,,DAYLIGHT,NO CONTROLS,N/A,NONE DETECTED,54E87288-AD24-4864-861C-665BEF144C24,BICYCLIST,Playing,OTHER,ON ROADWAY NOT AT CROSSWALK,NO PED. SIGNAL,LIGHT CLOTHING,No,POSSIBLE INJURY,39.05358472,-77.07627475,"(39.05358472, -77.07627475)"
MCP3084001B,180018220,Montgomery County Police,Injury Crash,04/14/2018 09:11:00 AM,County,TUCKERMAN LA,County,MARCLIFF RD,,N/A,BICYCLIST,HEAD ON LEFT TURN,CLEAR,DRY,DAYLIGHT,NO CONTROLS,NONE DETECTED,NONE DETECTED,503A4237-F3D8-46C2-BB1B-1EF8C28B4858,BICYCLIST,Cross/Enter at Intersection,FAILURE TO YIELD RIGHT OF WAY,SHOULDER,NO PED. SIGNAL,MIXED CLOTHING,No,SUSPECTED MINOR INJURY,39.03628533,-77.13234633,"(39.03628533, -77.13234633)"
MCP2358004N,180018877,Montgomery County Police,Property Damage Crash,04/18/2018 08:36:00 AM,County,WINSTON DR,Maryland (State),RIVER RD,,N/A,BICYCLIST,OTHER,CLEAR,DRY,DAYLIGHT,TRAFFIC SIGNAL,NONE DETECTED,NONE DETECTED,8162FCCF-CAE7-41AF-B95E-FB5B240A9746,BICYCLIST,Walking/Riding w/Traffic,NO IMPROPER ACTIONS,OTHER,N/A,LIGHT CLOTHING,Unknown,NO APPARENT INJURY,38.975546,-77.126119,"(38.975546, -77.126119)"
MCP3099000H,180018105,Montgomery County Police,Injury Crash,04/13/2018 05:48:00 PM,County,WYNNFIELD DR,County,FATHER HURLEY BLVD,,N/A,BICYCLIST,SINGLE VEHICLE,CLEAR,DRY,DAYLIGHT,TRAFFIC SIGNAL,NONE DETECTED,NONE DETECTED,0B9A66E1-8DDA-407C-B06F-7023F00AB912,BICYCLIST,Cross/Enter at Intersection,NO IMPROPER ACTIONS,AT INTERSECTION MARKED CROSSWALK,OBEYED PED. SIGNAL,MIXED CLOTHING,No,SUSPECTED SERIOUS INJURY,39.18627,-77.27413833,"(39.18627, -77.27413833)"
MCP209400B9,180017399,Montgomery County Police,Injury Crash,04/10/2018 11:57:00 AM,,,,,"PARKING LOT OF
10215 FERNWOOD RD",,PEDESTRIAN,OTHER,CLEAR,,DAYLIGHT,N/A,NONE DETECTED,NONE DETECTED,811BE290-D9A6-4769-B2EC-EAAFF1753E95,PEDESTRIAN,Other,INATTENTIVE,OTHER,NO PED. SIGNAL,MIXED CLOTHING,Yes,SUSPECTED MINOR INJURY,39.023845,-77.135055,"(39.023845, -77.135055)"
MCP30390027,180020086,Montgomery County Police,Injury Crash,04/24/2018 03:40:00 PM,Municipality,KENSINGTON PKWY,Municipality,WASHINGTON ST,,KENSINGTON,BICYCLIST,OTHER,RAINING,WET,DAYLIGHT,STOP SIGN,NONE DETECTED,NONE DETECTED,9BC1E8B7-BC67-4292-B802-1451AA7D29D5,BICYCLIST,Cross/Enter at Intersection,NO IMPROPER ACTIONS,AT INTERSECTION BUT NO CROSSWALK,N/A,LIGHT CLOTHING,No,SUSPECTED MINOR INJURY,39.02185667,-77.07288833,"(39.02185667, -77.07288833)"
MCP30750014,180019184,Montgomery County Police,Injury Crash,04/19/2018 04:55:00 PM,Maryland (State),FREDERICK RD,County,GERMANTOWN RD,,N/A,BICYCLIST,OTHER,CLEAR,DRY,DAYLIGHT,TRAFFIC SIGNAL,UNKNOWN,N/A,DFB598CF-5696-48AA-98F6-C472AFE508BE,BICYCLIST,Cross/Enter at Intersection,NO IMPROPER ACTIONS,AT INTERSECTION MARKED CROSSWALK,N/A,LIGHT CLOTHING,No,SUSPECTED MINOR INJURY,39.19225194,-77.24285603,"(39.19225194, -77.24285603)"
EJ78260039,180019484,Gaithersburg Police Depar,Injury Crash,04/21/2018 09:38:00 AM,County,SAM EIG HWY,Maryland (State),GREAT SENECA HWY,,N/A,OTHER,SAME DIR REAR END,CLEAR,DRY,DAYLIGHT,N/A,N/A,N/A,5213F62A-606B-4816-8D0E-A73617D2F1FE,OTHER,Other Working,NO IMPROPER ACTIONS,ON ROADWAY NOT AT CROSSWALK,N/A,REFLECTIVE MATERIAL,No,POSSIBLE INJURY,39.10968,-77.211745,"(39.10968, -77.211745)"
MCP3005003R,180019538,Montgomery County Police,Injury Crash,04/21/2018 02:45:00 PM,Maryland (State),GEORGIA AVE,County,REEDIE DR,,N/A,PEDESTRIAN,SINGLE VEHICLE,CLEAR,DRY,DAYLIGHT,TRAFFIC SIGNAL,NONE DETECTED,NONE DETECTED,A5894409-B5BC-4E5B-A443-B89B37D787B3,PEDESTRIAN,Cross/Enter at Intersection,NO IMPROPER ACTIONS,AT INTERSECTION MARKED CROSSWALK,OBEYED PED. SIGNAL,MIXED CLOTHING,No,POSSIBLE INJURY,39.03816667,-77.050815,"(39.03816667, -77.050815)"
MCP0942001N,180020364,Montgomery County Police,Injury Crash,04/26/2018 07:30:00 AM,County,BATTERY LA,County,WOODMONT AVE,,N/A,BICYCLIST,HEAD ON LEFT TURN,CLEAR,DRY,DAYLIGHT,NO CONTROLS,NONE DETECTED,NONE DETECTED,E83C04C8-648B-459D-8CF3-5E147CC7A6A9,BICYCLIST,Walking/Riding w/Traffic,NO IMPROPER ACTIONS,SHOULDER,NO PED. SIGNAL,MIXED CLOTHING,No,SUSPECTED MINOR INJURY,38.99264217,-77.099658,"(38.99264217, -77.099658)"
MCP2892004R,180019384,Montgomery County Police,Injury Crash,04/20/2018 05:18:00 PM,County,FOREST GLEN RD,County,DAMERON DR,,N/A,PEDESTRIAN,SINGLE VEHICLE,CLEAR,DRY,DAYLIGHT,TRAFFIC SIGNAL,NONE DETECTED,NONE DETECTED,9F259BC0-A3BD-43BE-805C-D1A06C87DC5A,PEDESTRIAN,Cross/Enter at Intersection,UNKNOWN,AT INTERSECTION MARKED CROSSWALK,OBEYED PED. SIGNAL,DARK CLOTHING,No,POSSIBLE INJURY,39.01592333,-77.03641667,"(39.01592333, -77.03641667)"
MCP1443000N,180020172,Montgomery County Police,Injury Crash,04/25/2018 12:05:00 AM,,,,,PARKING LOT NEAR 19388 MONTGOMERY VILLAGE AVENUE,,PEDESTRIAN,SINGLE VEHICLE,RAINING,,DARK LIGHTS ON,STOP SIGN,NONE DETECTED,NONE DETECTED,C9E50A3A-7B61-4613-B8BF-902394D29502,PEDESTRIAN,Cross/Enter at Intersection,NO IMPROPER ACTIONS,AT INTERSECTION BUT NO CROSSWALK,NO PED. SIGNAL,DARK CLOTHING,No,POSSIBLE INJURY,39.17360833,-77.20497333,"(39.17360833, -77.20497333)"
MCP2919004Q,180020640,Montgomery County Police,Injury Crash,04/27/2018 03:18:00 PM,Maryland (State),UNIVERSITY BLVD E,County,SEEK LA,,N/A,PEDESTRIAN,OTHER,CLOUDY,DRY,DAYLIGHT,N/A,NONE DETECTED,NONE DETECTED,7F9A3661-11AA-4393-95C2-706B328A8586,PEDESTRIAN,Cross/Enter at Intersection,NO IMPROPER ACTIONS,ON ROADWAY NOT AT CROSSWALK,N/A,N/A,No,POSSIBLE INJURY,38.99724667,-76.99616167,"(38.99724667, -76.99616167)"
MCP3053001X,180020607,Montgomery County Police,Injury Crash,04/27/2018 12:44:00 PM,County,INDEPENDENCE ST,County,PARKLAND DR,,N/A,PEDESTRIAN,OTHER,CLOUDY,DRY,DAYLIGHT,NO CONTROLS,N/A,N/A,0BD058F5-F8CE-486C-A3D3-2CB77BA0DDAE,PEDESTRIAN,Walking/Riding against Traffic,DART DASH,ON ROADWAY NOT AT CROSSWALK,NO PED. SIGNAL,LIGHT CLOTHING,Yes,POSSIBLE INJURY,39.07285333,-77.08617667,"(39.07285333, -77.08617667)"
MCP0973000S,180020154,Montgomery County Police,Injury Crash,04/24/2018 08:49:00 PM,Other Public Roadway,WAVERLY ST,Maryland (State),WISCONSIN AVE,,N/A,PEDESTRIAN,SINGLE VEHICLE,RAINING,WET,DARK NO LIGHTS,NO CONTROLS,NONE DETECTED,NONE DETECTED,0387DF02-341C-48FA-AA38-30F2F1A20B6D,PEDESTRIAN,Cross/Enter not at Intersection,IN ROADWAY IMPROPERLY,ON ROADWAY NOT AT CROSSWALK,DISOBEYED PED. SIGNAL,DARK CLOTHING,Yes,SUSPECTED MINOR INJURY,38.9828436,-77.09319949,"(38.9828436, -77.09319949)"
MCP3111000G,180021653,Montgomery County Police,Injury Crash,05/01/2018 11:45:00 PM,,,,,"PARKING LOT IN FRONT OF 1923 ROSEMARY HILLS DR, SILVER SPRING, MD 20910",,PEDESTRIAN,OTHER,CLEAR,,DARK LIGHTS ON,N/A,,NONE DETECTED,33E1B0A1-FE46-4292-8F74-4FC91B095329,PEDESTRIAN,Getting off/on Vehicle,NO IMPROPER ACTIONS,OTHER,N/A,DARK CLOTHING,No,POSSIBLE INJURY,38.99896333,-77.04298,"(38.99896333, -77.04298)"
MCP1048003N,180021141,Montgomery County Police,Injury Crash,04/30/2018 04:21:00 PM,County,E GUDE DR,County,CECIL ST,,N/A,BICYCLIST,SAME DIRECTION RIGHT TURN,CLEAR,DRY,DAYLIGHT,TRAFFIC SIGNAL,N/A,NONE DETECTED,934EF8FF-DE08-4F00-97BA-2D53376D8597,BICYCLIST,Cross/Enter at Intersection,NO IMPROPER ACTIONS,AT INTERSECTION MARKED CROSSWALK,OBEYED PED. SIGNAL,MIXED CLOTHING,No,SUSPECTED MINOR INJURY,39.10631936,-77.15231538,"(39.10631936, -77.15231538)"
MCP3112000F,180020794,Montgomery County Police,Injury Crash,04/28/2018 02:07:00 PM,County,CORDELL AVE,County,WOODMONT AVE,,N/A,PEDESTRIAN,STRAIGHT MOVEMENT ANGLE,CLEAR,DRY,DAYLIGHT,TRAFFIC SIGNAL,N/A,UNKNOWN,3E87B20D-ABB0-4CDA-8C48-8E308EFC1307,PEDESTRIAN,Cross/Enter not at Intersection,DART DASH,ON ROADWAY NOT AT CROSSWALK,UNKNOWN,MIXED CLOTHING,Yes,SUSPECTED MINOR INJURY,38.99080879,-77.09667027,"(38.99080879, -77.09667027)"
MCP3078001B,180021519,Montgomery County Police,Injury Crash,05/02/2018 02:49:00 PM,County,REEDIE DR,County,FERN ST,,N/A,PEDESTRIAN,N/A,CLEAR,DRY,DAYLIGHT,TRAFFIC SIGNAL,N/A,NONE DETECTED,B331610E-3538-481A-A6C3-79FFF4C64F99,PEDESTRIAN,Cross/Enter at Intersection,NO IMPROPER ACTIONS,ON ROADWAY AT CROSSWALK,OBEYED PED. SIGNAL,LIGHT CLOTHING,No,SUSPECTED MINOR INJURY,39.03896333,-77.04931,"(39.03896333, -77.04931)"
MCP26660028,180022518,Montgomery County Police,Injury Crash,05/06/2018 06:45:00 PM,,,,,PARKING LOT OF 13838 OUTLET DRIVE,,PEDESTRIAN,SINGLE VEHICLE,CLEAR,,DAYLIGHT,NO CONTROLS,UNKNOWN,UNKNOWN,F2A26B6B-0130-4BE6-9CF0-20EA23515B26,PEDESTRIAN,Other,NO IMPROPER ACTIONS,OTHER,NO PED. SIGNAL,MIXED CLOTHING,No,SUSPECTED MINOR INJURY,39.08344702,-76.94571018,"(39.08344702, -76.94571018)"