Report Number,Local Case Number,Agency Name,ACRS Report Type,Crash Date/Time,Route Type,Road Name,Cross-Street Type,Cross-Street Name,Off-Road Description,Municipality,Related Non-Motorist,Collision Type,Weather,Surface Condition,Light,Traffic Control,Driver Substance Abuse,Non-Motorist Substance Abuse,Person ID,Pedestrian Type,Pedestrian Movement,Pedestrian Actions,Pedestrian Location,Pedestrian Obeyed Traffic Signal,Pedestrian Visibility,At Fault,Injury Severity,Latitude,Longitude,Location
MCP1309001K,180022062,Montgomery County Police,Injury Crash,05/05/2018 09:18:00 AM,County,STRINGTOWN RD,County,KINGSLEY RD,,N/A,PEDESTRIAN,OTHER,CLOUDY,DRY,DAYLIGHT,NO CONTROLS,UNKNOWN,NONE DETECTED,5F53FA2F-36B1-480B-9E74-51E40AEF773E,PEDESTRIAN,Walking/Riding w/Traffic,NO IMPROPER ACTIONS,SHOULDER,NO PED. SIGNAL,LIGHT CLOTHING,No,SUSPECTED SERIOUS INJURY,39.25179656,-77.25371361,"(39.25179656, -77.25371361)"
MCP3090000P,180021951,Montgomery County Police,Injury Crash,05/04/2018 05:05:00 PM,County,MONTGOMERY VILLAGE AVE,County,WHETSTONE DR,,N/A,PEDESTRIAN,SINGLE VEHICLE,CLEAR,DRY,DAYLIGHT,STOP SIGN,NONE DETECTED,NONE DETECTED,7587154F-A422-4267-9785-C55171463515,PEDESTRIAN,Cross/Enter at Intersection,NO IMPROPER ACTIONS,ON ROADWAY AT CROSSWALK,NO PED. SIGNAL,DARK CLOTHING,No,POSSIBLE INJURY,39.171165,-77.20352667,"(39.171165, -77.20352667)"
MCP2450001V,180021979,Montgomery County Police,Injury Crash,05/04/2018 07:25:00 PM,County,E WAYNE AVE,County,FLOWER AVE,,N/A,PEDESTRIAN,OTHER,N/A,N/A,N/A,TRAFFIC SIGNAL,NONE DETECTED,NONE DETECTED,476057D2-31F5-4594-88F1-3A87231BC64E,PEDESTRIAN,Cross/Enter at Intersection,INATTENTIVE,ON ROADWAY AT CROSSWALK,DISOBEYED PED. SIGNAL,N/A,Yes,POSSIBLE INJURY,39.00291904,-77.00545907,"(39.00291904, -77.00545907)"
MCP3031002D,180021142,Montgomery County Police,Property Damage Crash,04/30/2018 12:00:00 AM,County,TIVOLI LAKE BLVD,Unknown,TIVOLI LAKE CT,,N/A,OTHER,HEAD ON LEFT TURN,CLEAR,DRY,UNKNOWN,NO CONTROLS,UNKNOWN,N/A,68C64E06-4E80-4DCB-806F-B234C0E61B82,OTHER,N/A,NO IMPROPER ACTIONS,OTHER,N/A,N/A,No,NO APPARENT INJURY,39.06948833,-77.03499167,"(39.06948833, -77.03499167)"
MCP2766003P,180021755,Montgomery County Police,Injury Crash,05/03/2018 04:48:00 PM,,,,,PRIVATE PASSAGEWAY WITHIN THE PRIVATE PROPERTY OF LEISURE WORLD.,,PEDESTRIAN,SINGLE VEHICLE,CLEAR,,DAYLIGHT,STOP SIGN,NONE DETECTED,NONE DETECTED,03EC2751-87C2-4D38-81A1-7131E2E04798,PEDESTRIAN,Cross/Enter at Intersection,NO IMPROPER ACTIONS,AT INTERSECTION MARKED CROSSWALK,N/A,MIXED CLOTHING,No,POSSIBLE INJURY,39.104905,-77.07269833,"(39.104905, -77.07269833)"
MCP2563000Q,180022210,Montgomery County Police,Fatal Crash,05/06/2018 03:03:00 AM,US (State),COLUMBIA PIKE,County,FAIRLAND RD,,N/A,PEDESTRIAN,OTHER,RAINING,WET,DARK LIGHTS ON,TRAFFIC SIGNAL,"ALCOHOL PRESENT, NONE DETECTED",UNKNOWN,88FA7D26-FE25-4AA9-813C-086634081255,PEDESTRIAN,Standing,UNKNOWN,ON ROADWAY NOT AT CROSSWALK,NO PED. SIGNAL,LIGHT CLOTHING,Unknown,FATAL INJURY,39.07364508,-76.95570409,"(39.07364508, -76.95570409)"
EJ7837002N,180021966,Gaithersburg Police Depar,Injury Crash,05/04/2018 06:00:00 PM,County,S WESTLAND DR,Maryland (State),FREDERICK RD,,N/A,BICYCLIST,OTHER,CLOUDY,DRY,DAYLIGHT,TRAFFIC SIGNAL,N/A,N/A,59C00868-AE1D-49D2-A7AB-DA3DE528D6D3,BICYCLIST,Cross/Enter at Intersection,NO IMPROPER ACTIONS,AT INTERSECTION MARKED CROSSWALK,OBEYED PED. SIGNAL,LIGHT CLOTHING,No,SUSPECTED MINOR INJURY,39.12594047,-77.18291,"(39.12594047, -77.18291)"
MCP3099000M,180022296,Montgomery County Police,Injury Crash,05/06/2018 05:30:00 PM,County,STALEYBRIDGE RD,County,ST JOHNSBURY LA,,N/A,PEDESTRIAN,HEAD ON,CLEAR,DRY,DAYLIGHT,NO CONTROLS,NONE DETECTED,N/A,0F3A4713-BC79-4AAB-888F-71D51B703418,PEDESTRIAN,Other,NO IMPROPER ACTIONS,OTHER,N/A,MIXED CLOTHING,No,SUSPECTED SERIOUS INJURY,39.16911833,-77.24176167,"(39.16911833, -77.24176167)"
MCP3100000B,180023767,Montgomery County Police,Injury Crash,05/14/2018 09:00:00 PM,,,,,PARKING LOT OF 245 KENTLANDS BLVD,,PEDESTRIAN,N/A,RAINING,,DARK LIGHTS ON,STOP SIGN,NONE DETECTED,NONE DETECTED,7F9B8F89-4977-4999-91F9-4A627D7C7850,PEDESTRIAN,Cross/Enter not at Intersection,FAILURE TO YIELD RIGHT OF WAY,ON ROADWAY NOT AT CROSSWALK,NO PED. SIGNAL,MIXED CLOTHING,Yes,SUSPECTED MINOR INJURY,39.12499127,-77.23936379,"(39.12499127, -77.23936379)"
MCP2818003M,180024177,Montgomery County Police,Injury Crash,05/17/2018 08:52:00 AM,US (State),GEORGIA AVE,County,BONIFANT ST,,N/A,PEDESTRIAN,OTHER,RAINING,WET,DAYLIGHT,TRAFFIC SIGNAL,NONE DETECTED,NONE DETECTED,F3741C78-8828-420E-A090-6D396490B794,PEDESTRIAN,Other,FAILURE TO YIELD RIGHT OF WAY,ON ROADWAY NOT AT CROSSWALK,DISOBEYED PED. SIGNAL,DARK CLOTHING,Yes,POSSIBLE INJURY,38.991615,-77.02630167,"(38.991615, -77.02630167)"
MCP271700H3,180020211,Montgomery County Police,Injury Crash,04/25/2018 10:35:00 AM,Maryland (State),OLD GEORGETOWN RD,County,OAKMONT AVE,,N/A,PEDESTRIAN,OTHER,RAINING,WET,DAYLIGHT,TRAFFIC SIGNAL,NONE DETECTED,NONE DETECTED,AC1F60AA-589D-4FF3-AC1B-93D2676063EB,PEDESTRIAN,Cross/Enter at Intersection,NO IMPROPER ACTIONS,ON ROADWAY AT CROSSWALK,OBEYED PED. SIGNAL,LIGHT CLOTHING,No,SUSPECTED MINOR INJURY,39.00462417,-77.1108275,"(39.00462417, -77.1108275)"
MCP3094000N,180023448,Montgomery County Police,Injury Crash,05/12/2018 09:48:00 PM,Maryland (State),S FREDERICK RD,Municipality,ROSEMONT DR,,GAITHERSBURG,PEDESTRIAN,OTHER,CLEAR,DRY,DARK LIGHTS ON,NO CONTROLS,N/A,ALCOHOL CONTRIBUTED,E26B2767-2865-4023-ABB8-B3355FCBB2A4,PEDESTRIAN,Cross/Enter not at Intersection,IN ROADWAY IMPROPERLY,MEDIAN,N/A,MIXED CLOTHING,Yes,POSSIBLE INJURY,39.12851224,-77.1858108,"(39.12851224, -77.1858108)"
MCP27080038,180025168,Montgomery County Police,Injury Crash,05/22/2018 07:19:00 PM,Maryland (State),PINEY BRANCH RD,County,GREENWOOD AVE,,N/A,PEDESTRIAN,STRAIGHT MOVEMENT ANGLE,CLOUDY,WET,DAYLIGHT,TRAFFIC SIGNAL,NONE DETECTED,NONE DETECTED,C3D28BDC-6029-4E79-952A-701FFB10EE0B,PEDESTRIAN,Cross/Enter at Intersection,DART DASH,ON ROADWAY AT CROSSWALK,DISOBEYED PED. SIGNAL,MIXED CLOTHING,Yes,POSSIBLE INJURY,38.99812,-77.00241833,"(38.99812, -77.00241833)"
MCP13970015,180025254,Montgomery County Police,Injury Crash,05/23/2018 07:59:00 AM,County,WATKINS MILL RD,County,GREENRIVER TERR,,N/A,PEDESTRIAN,OTHER,CLEAR,DRY,DAYLIGHT,PERSON,N/A,NONE DETECTED,5978E481-B408-4BB5-B52C-FF4F132BB2B8,PEDESTRIAN,Standing,NO IMPROPER ACTIONS,OTHER,N/A,REFLECTIVE MATERIAL,No,SUSPECTED MINOR INJURY,39.19040595,-77.22419858,"(39.19040595, -77.22419858)"
MCP2853004V,180024617,Montgomery County Police,Injury Crash,05/19/2018 05:20:00 PM,Maryland (State),NEW HAMPSHIRE AVE,County,OAKVIEW DR,,N/A,PEDESTRIAN,N/A,RAINING,WET,DAYLIGHT,TRAFFIC SIGNAL,N/A,N/A,C5DD71BA-B2A5-415D-A902-EE6E2101321C,PEDESTRIAN,Cross/Enter at Intersection,NO IMPROPER ACTIONS,AT INTERSECTION MARKED CROSSWALK,OBEYED PED. SIGNAL,MIXED CLOTHING,No,POSSIBLE INJURY,39.01529919,-76.97792888,"(39.01529919, -76.97792888)"
MCP23570035,180024363,Montgomery County Police,Injury Crash,05/18/2018 07:41:00 AM,,,,,8357 COLESVILLE ROAD,,PEDESTRIAN,UNKNOWN,RAINING,,DAYLIGHT,N/A,NONE DETECTED,NONE DETECTED,50142628-08BE-4F73-A7CE-533654775806,PEDESTRIAN,Standing,OTHER,OTHER,N/A,MIXED CLOTHING,Yes,POSSIBLE INJURY,38.99398,-77.03235167,"(38.99398, -77.03235167)"
MCP3003001Z,180025530,Montgomery County Police,Injury Crash,05/24/2018 04:35:00 PM,County,BARNESVILLE RD,Maryland (State),OLD HUNDRED RD (BACK),,N/A,BICYCLIST,HEAD ON LEFT TURN,CLEAR,DRY,DAYLIGHT,STOP SIGN,NONE DETECTED,NONE DETECTED,EC5083E0-0F55-41E9-9527-2477A79F9053,BICYCLIST,Cross/Enter at Intersection,NO IMPROPER ACTIONS,UNKNOWN,NO PED. SIGNAL,REFLECTIVE MATERIAL,No,SUSPECTED MINOR INJURY,39.22072562,-77.37552881,"(39.22072562, -77.37552881)"
MCP3002002J,180022566,Montgomery County Police,Injury Crash,05/08/2018 10:06:00 AM,,,,,12277 NEBEL STREET,,PEDESTRIAN,OTHER,CLEAR,,DAYLIGHT,N/A,NONE DETECTED,NONE DETECTED,FB9D7E2E-5647-49EC-83B0-BBB99BF6150F,PEDESTRIAN,Standing,OTHER,OTHER,N/A,MIXED CLOTHING,No,POSSIBLE INJURY,39.05222833,-77.10930833,"(39.05222833, -77.10930833)"
MCP23570035,180024363,Montgomery County Police,Injury Crash,05/18/2018 07:41:00 AM,,,,,8357 COLESVILLE ROAD,,PEDESTRIAN,UNKNOWN,RAINING,,DAYLIGHT,N/A,NONE DETECTED,NONE DETECTED,67A02A4A-5193-431B-BFDF-37D48B531E8C,PEDESTRIAN,Standing,OTHER,N/A,N/A,MIXED CLOTHING,Yes,NO APPARENT INJURY,38.99398,-77.03235167,"(38.99398, -77.03235167)"
MCP30400029,180025149,Montgomery County Police,Injury Crash,05/22/2018 06:00:00 PM,Maryland (State),NEW HAMPSHIRE AVE,County,SAPLING RIDGE LA,,N/A,PEDESTRIAN,SINGLE VEHICLE,RAINING,WET,DAYLIGHT,N/A,N/A,N/A,F915ADB7-8748-4201-8C8E-EB93DB4F1DB1,PEDESTRIAN,Cross/Enter at Intersection,DART DASH,AT INTERSECTION BUT NO CROSSWALK,NO PED. SIGNAL,MIXED CLOTHING,Yes,SUSPECTED MINOR INJURY,39.217985,-77.054195,"(39.217985, -77.054195)"
MCP10990021,180023188,Montgomery County Police,Injury Crash,05/11/2018 02:05:00 PM,Maryland (State),WOODFIELD RD,County,BRENISH DR,,N/A,BICYCLIST,STRAIGHT MOVEMENT ANGLE,CLEAR,DRY,DAYLIGHT,NO CONTROLS,NONE DETECTED,NONE DETECTED,4E5EA2DD-791A-4CF6-94CC-A1005BC69DA3,BICYCLIST,Walking/Riding w/Traffic,NO IMPROPER ACTIONS,IN BIKEWAY,NO PED. SIGNAL,LIGHT CLOTHING,No,SUSPECTED MINOR INJURY,39.14673667,-77.145855,"(39.14673667, -77.145855)"
EJ7863001W,180025921,Gaithersburg Police Depar,Property Damage Crash,05/26/2018 08:49:00 PM,,NORTH SUMMIT DRIVE,,N/A,,N/A,PEDESTRIAN,OTHER,CLEAR,DRY,DARK LIGHTS ON,N/A,NONE DETECTED,NONE DETECTED,CB42FBEC-8AAA-4CF3-AEB9-BD36F3D3CAD8,PEDESTRIAN,Other,NOT VISIBLE,OTHER,NO PED. SIGNAL,LIGHT CLOTHING,No,NO APPARENT INJURY,39.14554676,-77.19064951,"(39.14554676, -77.19064951)"
MCP29230045,180024852,Montgomery County Police,Injury Crash,05/21/2018 08:27:00 AM,County,HILLSDALE DR,County,MIDVAIL AVE,,N/A,PEDESTRIAN,OTHER,CLEAR,DRY,DAYLIGHT,NO CONTROLS,NONE DETECTED,NONE DETECTED,185217E2-51CC-4C41-B246-F56DD520695F,PEDESTRIAN,Standing,NO IMPROPER ACTIONS,CURB,N/A,UNKNOWN,No,SUSPECTED SERIOUS INJURY,39.03928333,-77.06077,"(39.03928333, -77.06077)"
MCP2830003S,180025632,Montgomery County Police,Injury Crash,05/26/2018 05:54:00 AM,County,OAK HILL RD,County,SAHALEA TERR,,N/A,PEDESTRIAN,OTHER,CLEAR,DRY,DAYLIGHT,NO CONTROLS,UNKNOWN,NONE DETECTED,AF78BAD8-BE03-4290-A35B-BFB5CA25340D,PEDESTRIAN,Standing,N/A,OUTSIDE RIGHT OF WAY,NO PED. SIGNAL,LIGHT CLOTHING,No,SUSPECTED MINOR INJURY,39.12623802,-76.97171688,"(39.12623802, -76.97171688)"
MCP2708003C,180025911,Montgomery County Police,Injury Crash,05/26/2018 06:54:00 PM,,,,,PARKING LOT FOR 649 UNIVERSITY BOULEVARD EAST.,,PEDESTRIAN,OTHER,CLEAR,,DAYLIGHT,NO CONTROLS,NONE DETECTED,NONE DETECTED,8D659320-DE64-47B7-BCAF-9AE67A1C170F,PEDESTRIAN,Standing,INATTENTIVE,OTHER,NO PED. SIGNAL,MIXED CLOTHING,No,POSSIBLE INJURY,38.99969,-76.996085,"(38.99969, -76.996085)"
MCP2936002F,180026043,Montgomery County Police,Injury Crash,05/27/2018 03:58:00 PM,,,,,"DRIVEWAY/SIDEWALK AT 11700 PARKLAWN DR ROCKVILLE, MD 20852",,BICYCLIST,STRAIGHT MOVEMENT ANGLE,CLEAR,,DAYLIGHT,NO CONTROLS,NONE DETECTED,NONE DETECTED,E88FD6CB-FC03-4305-9F43-0D4598E431DF,BICYCLIST,Cross/Enter at Intersection,INATTENTIVE,SIDEWALK,N/A,MIXED CLOTHING,Yes,POSSIBLE INJURY,39.04661086,-77.10318401,"(39.04661086, -77.10318401)"
MCP3019001T,180026189,Montgomery County Police,Injury Crash,05/28/2018 03:30:00 PM,,,,,PARKING LOT OF 10134 RIVER ROAD,,PEDESTRIAN,OTHER,CLEAR,,DAYLIGHT,NO CONTROLS,NONE DETECTED,NONE DETECTED,FDB5395A-B252-489F-A2A4-A475D8AB6CA5,PEDESTRIAN,Cross/Enter not at Intersection,N/A,ON ROADWAY NOT AT CROSSWALK,NO PED. SIGNAL,N/A,No,POSSIBLE INJURY,39.01708,-77.20920167,"(39.01708, -77.20920167)"
EJ7837002R,180025925,Gaithersburg Police Depar,Injury Crash,05/26/2018 09:18:00 PM,,,,,PARKING LOT OF 353 WEST SIDE DRIVE,,PEDESTRIAN,SINGLE VEHICLE,CLEAR,,DARK NO LIGHTS,NO CONTROLS,N/A,ALCOHOL PRESENT,60140A1D-6EB6-44D8-B27B-7110979C64BB,PEDESTRIAN,Walking/Riding w/Traffic,IN ROADWAY IMPROPERLY,ON ROADWAY NOT AT CROSSWALK,NO PED. SIGNAL,DARK CLOTHING,Yes,POSSIBLE INJURY,39.12655533,-77.20543385,"(39.12655533, -77.20543385)"
MCP2971003X,180025399,Montgomery County Police,Injury Crash,05/23/2018 10:24:00 PM,County,BRIGGS CHANEY RD,County,ASTON MANOR DR,,N/A,BICYCLIST,SAME DIR REAR END,CLEAR,DRY,DARK LIGHTS ON,N/A,ALCOHOL PRESENT,NONE DETECTED,689D924C-B5CD-4F15-AEA4-22919CB5D5C4,BICYCLIST,Walking/Riding w/Traffic,NO IMPROPER ACTIONS,ON ROADWAY NOT AT CROSSWALK,N/A,DARK CLOTHING,No,SUSPECTED SERIOUS INJURY,39.07495167,-76.940635,"(39.07495167, -76.940635)"
MCP3044002N,180026578,Montgomery County Police,Injury Crash,05/30/2018 05:20:00 PM,County,BROADBIRCH DR,County,BOURNEFIELD WAY,,N/A,BICYCLIST,OTHER,CLEAR,DRY,DAYLIGHT,STOP SIGN,UNKNOWN,NONE DETECTED,FC9670F6-A5E3-4269-8F7E-C5309A3BE419,BICYCLIST,Other,NO IMPROPER ACTIONS,OTHER,N/A,UNKNOWN,No,SUSPECTED MINOR INJURY,39.05560197,-76.96185574,"(39.05560197, -76.96185574)"
MCP27370032,180025601,Montgomery County Police,Injury Crash,05/24/2018 09:15:00 PM,County,BRIGHTWOOD RD,County,BOWIE MILL RD,,N/A,PEDESTRIAN,SINGLE VEHICLE,CLEAR,DRY,DARK LIGHTS ON,NO CONTROLS,NONE DETECTED,NONE DETECTED,936C9D41-EB4C-4B61-93D5-9A3763353318,PEDESTRIAN,Other,DART DASH,ON ROADWAY NOT AT CROSSWALK,NO PED. SIGNAL,UNKNOWN,Yes,SUSPECTED MINOR INJURY,39.156335,-77.09096333,"(39.156335, -77.09096333)"
MCP2288000J,180026145,Montgomery County Police,Injury Crash,05/28/2018 10:10:00 AM,Maryland (State),OLD GEORGETOWN RD,County,ARLINGTON RD,,N/A,BICYCLIST,SAME DIRECTION RIGHT TURN,CLOUDY,DRY,DAYLIGHT,TRAFFIC SIGNAL,NONE DETECTED,NONE DETECTED,2498DA32-177A-4F75-90FC-6F8A21370D8F,BICYCLIST,Walking/Riding w/Traffic,NO IMPROPER ACTIONS,CURB,N/A,MIXED CLOTHING,No,POSSIBLE INJURY,38.98750649,-77.0988214,"(38.98750649, -77.0988214)"
DD5631000F,180023444,Rockville Police Departme,Injury Crash,05/24/2018 09:26:00 AM,Municipality,W GUDE DR,Maryland (State),FREDERICK RD,,N/A,PEDESTRIAN,N/A,N/A,DRY,DAYLIGHT,TRAFFIC SIGNAL,NONE DETECTED,NONE DETECTED,FF584BBA-AD6E-4F4D-A3A5-8F3B85E40325,PEDESTRIAN,Cross/Enter not at Intersection,FAILURE TO OBEY TRAFFIC SIGNS SIGNALS OR OFFICER,ON ROADWAY NOT AT CROSSWALK,DISOBEYED PED. SIGNAL,LIGHT CLOTHING,Yes,POSSIBLE INJURY,39.10668667,-77.15902333,"(39.10668667, -77.15902333)"
MCP271700HL,180025508,Montgomery County Police,Injury Crash,05/24/2018 02:20:00 PM,County,LOCKWOOD DR,Unknown,ENT TO SHOPPING CENTER,,N/A,PEDESTRIAN,OTHER,CLEAR,DRY,DAYLIGHT,NO CONTROLS,NONE DETECTED,NONE DETECTED,634EAB85-443E-4CC1-AB9D-55D819F8D437,PEDESTRIAN,Unknown,UNKNOWN,SHOULDER,NO PED. SIGNAL,MIXED CLOTHING,No,SUSPECTED SERIOUS INJURY,39.04137567,-76.98476633,"(39.04137567, -76.98476633)"
MCP3075001C,180026815,Montgomery County Police,Injury Crash,05/31/2018 06:00:00 PM,County,STRINGTOWN RD,Maryland (State),FREDERICK RD,,N/A,PEDESTRIAN,SINGLE VEHICLE,RAINING,WET,DAYLIGHT,TRAFFIC SIGNAL,UNKNOWN,N/A,BF1BAC3D-4E80-4AF1-B3ED-C8C14D6E9EE7,PEDESTRIAN,Cross/Enter at Intersection,NO IMPROPER ACTIONS,ON ROADWAY AT CROSSWALK,OBEYED PED. SIGNAL,UNKNOWN,No,SUSPECTED MINOR INJURY,39.23751864,-77.27794737,"(39.23751864, -77.27794737)"
MCP9422001H,180025275,Montgomery County Police,Injury Crash,05/23/2018 10:30:00 AM,County,PLUM ORCHARD DR,County,CHERRY HILL RD,,N/A,PEDESTRIAN,STRAIGHT MOVEMENT ANGLE,CLEAR,DRY,DAYLIGHT,TRAFFIC SIGNAL,NONE DETECTED,NONE DETECTED,DD7C0E17-B122-4EB7-B8CE-ACB3341B9240,PEDESTRIAN,Cross/Enter at Intersection,NO IMPROPER ACTIONS,AT INTERSECTION MARKED CROSSWALK,OBEYED PED. SIGNAL,MIXED CLOTHING,No,POSSIBLE INJURY,39.052505,-76.953375,"(39.052505, -76.953375)"
MCP28910061,180027143,Montgomery County Police,Injury Crash,06/02/2018 12:35:00 PM,Maryland (State),FOREST GLEN RD,County,CANEY PL,,N/A,BICYCLIST,SINGLE VEHICLE,CLEAR,DRY,DAYLIGHT,N/A,NONE DETECTED,NONE DETECTED,AE9B82C6-1B29-43DA-8616-EDD526EF0BF0,BICYCLIST,Walking/Riding w/Traffic,NO IMPROPER ACTIONS,OTHER,N/A,MIXED CLOTHING,No,SUSPECTED MINOR INJURY,39.01533117,-77.04850317,"(39.01533117, -77.04850317)"
MCP26830030,180027780,Montgomery County Police,Property Damage Crash,06/05/2018 11:19:00 PM,,,,,"9864 HELLINGLY PL
GAITHERSBURG, MD 20886",,OTHER,SINGLE VEHICLE,CLEAR,,DARK LIGHTS ON,N/A,NONE DETECTED,NONE DETECTED,D6BCA1D0-DEF4-4251-A8F0-632894774FA0,OTHER,N/A,UNKNOWN,INSIDE BUILDING,N/A,N/A,No,NO APPARENT INJURY,39.15987167,-77.203125,"(39.15987167, -77.203125)"
MCP9422001H,180025275,Montgomery County Police,Injury Crash,05/23/2018 10:30:00 AM,County,PLUM ORCHARD DR,County,CHERRY HILL RD,,N/A,PEDESTRIAN,STRAIGHT MOVEMENT ANGLE,CLEAR,DRY,DAYLIGHT,TRAFFIC SIGNAL,NONE DETECTED,NONE DETECTED,502A6611-C22F-4BA8-9CD8-EED8BF07761E,PEDESTRIAN,Cross/Enter at Intersection,NO IMPROPER ACTIONS,AT INTERSECTION MARKED CROSSWALK,OBEYED PED. SIGNAL,MIXED CLOTHING,No,POSSIBLE INJURY,39.052505,-76.953375,"(39.052505, -76.953375)"
MCP26990012,180027240,Montgomery County Police,Injury Crash,06/03/2018 12:13:00 AM,County,TWINBROOK PKWY,Maryland (State),VEIRS MILL RD,,N/A,PEDESTRIAN,SINGLE VEHICLE,RAINING,WET,DARK LIGHTS ON,TRAFFIC SIGNAL,NONE DETECTED,N/A,1EC6C722-80A2-40AC-A4C2-62E7748A7809,PEDESTRIAN,Cross/Enter at Intersection,FAILURE TO YIELD RIGHT OF WAY,ON ROADWAY AT CROSSWALK,DISOBEYED PED. SIGNAL,UNKNOWN,Yes,POSSIBLE INJURY,39.07319,-77.11212,"(39.07319, -77.11212)"
DD5617001M,180027101,Rockville Police Departme,Injury Crash,06/02/2018 03:13:00 AM,Municipality,FALLSGROVE DR,Maryland (State),W MONTGOMERY AVE,,N/A,OTHER,SAME DIRECTION SIDESWIPE,RAINING,WET,DARK LIGHTS ON,NO CONTROLS,UNKNOWN,N/A,E0D3A0BA-39EF-43C0-A7F0-D52678573841,OTHER,N/A,N/A,N/A,N/A,N/A,No,NO APPARENT INJURY,39.09979305,-77.18738794,"(39.09979305, -77.18738794)"
MCP2348003S,180025738,Montgomery County Police,Injury Crash,05/25/2018 04:33:00 PM,Maryland (State),VEIRS MILL RD,Unknown,SPUR TO MD 193,,N/A,PEDESTRIAN,SINGLE VEHICLE,CLEAR,DRY,DAYLIGHT,NO CONTROLS,NONE DETECTED,NONE DETECTED,AC2645B4-5207-4099-9429-06580CB16D90,PEDESTRIAN,Cross/Enter not at Intersection,IN ROADWAY IMPROPERLY,ON ROADWAY NOT AT CROSSWALK,NO PED. SIGNAL,MIXED CLOTHING,Yes,SUSPECTED MINOR INJURY,39.040785,-77.057075,"(39.040785, -77.057075)"
MCP1233002C,180027204,Montgomery County Police,Injury Crash,06/02/2018 07:44:00 PM,,,,,DRIVE WAY OF 10625 CONNECTICUT AVE.,,PEDESTRIAN,N/A,CLOUDY,,DAYLIGHT,NO CONTROLS,NONE DETECTED,NONE DETECTED,0606246C-B190-49DC-8EF5-5971C0163C4F,PEDESTRIAN,Walking/Cycling on Sidewalk,NO IMPROPER ACTIONS,SIDEWALK,N/A,N/A,No,POSSIBLE INJURY,39.03041167,-77.07531,"(39.03041167, -77.07531)"
MCP3039002K,180026788,Montgomery County Police,Injury Crash,05/31/2018 04:30:00 PM,,,,,"PARKING LOT OF 10225 FREDERICK AVENUE, KENSINGTON, 20895",,PEDESTRIAN,OTHER,CLEAR,,DAYLIGHT,NO CONTROLS,NONE DETECTED,NONE DETECTED,22891409-7761-4F85-8EE7-0741D023FB1C,PEDESTRIAN,Other Working,NO IMPROPER ACTIONS,CURB,NO PED. SIGNAL,MIXED CLOTHING,No,SUSPECTED MINOR INJURY,39.02828667,-77.07524833,"(39.02828667, -77.07524833)"
DD5611004W,180027001,Rockville Police Departme,Injury Crash,06/01/2018 06:00:00 PM,Maryland (State),ROCKVILLE PIKE,Municipality,TEMPLETON PL,,ROCKVILLE,PEDESTRIAN,SINGLE VEHICLE,CLEAR,DRY,DAYLIGHT,TRAFFIC SIGNAL,NONE DETECTED,NONE DETECTED,0721C381-9125-438C-938F-36784D329BE3,PEDESTRIAN,Cross/Enter at Intersection,IN ROADWAY IMPROPERLY,ON ROADWAY AT CROSSWALK,DISOBEYED PED. SIGNAL,UNKNOWN,Yes,SUSPECTED SERIOUS INJURY,39.06671833,-77.12826333,"(39.06671833, -77.12826333)"
MCP2777004N,180026997,Montgomery County Police,Injury Crash,06/01/2018 05:30:00 PM,County,DEL RAY AVE,Maryland (State),OLD GEORGETOWN RD,,N/A,PEDESTRIAN,SINGLE VEHICLE,CLEAR,DRY,DAYLIGHT,STOP SIGN,NONE DETECTED,NONE DETECTED,1377BD9C-629F-4F92-A64D-74009CF7682D,PEDESTRIAN,Cross/Enter at Intersection,NO IMPROPER ACTIONS,ON ROADWAY AT CROSSWALK,NO PED. SIGNAL,MIXED CLOTHING,No,POSSIBLE INJURY,38.98847667,-77.10005833,"(38.98847667, -77.10005833)"
MCP26760038,180026601,Montgomery County Police,Injury Crash,05/30/2018 04:51:00 PM,,,,,PARKING LOT OF 8190 BEECHCRAFT AVE,,PEDESTRIAN,OTHER,CLEAR,,DAYLIGHT,N/A,,N/A,91474766-AFBB-4EE2-97A0-6E17ADBD34DA,PEDESTRIAN,Other Working,NO IMPROPER ACTIONS,OTHER,N/A,MIXED CLOTHING,No,SUSPECTED MINOR INJURY,39.16579,-77.16695333,"(39.16579, -77.16695333)"
MCP23510025,180027874,Montgomery County Police,Injury Crash,06/06/2018 02:02:00 PM,County,PARAMOUNT DR,Maryland (State),FREDERICK RD,,N/A,PEDESTRIAN,OTHER,CLEAR,DRY,DAYLIGHT,NO CONTROLS,NONE DETECTED,NONE DETECTED,9D251923-52D8-4970-BEC0-55C1486B18A7,PEDESTRIAN,Cross/Enter at Intersection,INATTENTIVE,ON ROADWAY NOT AT CROSSWALK,NO PED. SIGNAL,UNKNOWN,Yes,POSSIBLE INJURY,39.11363903,-77.16290206,"(39.11363903, -77.16290206)"