Report Number,Local Case Number,Agency Name,ACRS Report Type,Crash Date/Time,Route Type,Road Name,Cross-Street Type,Cross-Street Name,Off-Road Description,Municipality,Related Non-Motorist,Collision Type,Weather,Surface Condition,Light,Traffic Control,Driver Substance Abuse,Non-Motorist Substance Abuse,Person ID,Pedestrian Type,Pedestrian Movement,Pedestrian Actions,Pedestrian Location,Pedestrian Obeyed Traffic Signal,Pedestrian Visibility,At Fault,Injury Severity,Latitude,Longitude,Location
MCP2940002X,180034009,Montgomery County Police,Injury Crash,07/10/2018 09:35:00 AM,,,,,DRIVEWAY OF 11530 ROCKVILLE PIKE,,BICYCLIST,STRAIGHT MOVEMENT ANGLE,CLEAR,,DAYLIGHT,NO CONTROLS,NONE DETECTED,NONE DETECTED,40FC3627-AB52-4D6E-BD7D-96C7F3117E55,BICYCLIST,Cross/Enter not at Intersection,FAILURE TO YIELD RIGHT OF WAY,OTHER,N/A,MIXED CLOTHING,Yes,SUSPECTED MINOR INJURY,39.04622861,-77.11257711,"(39.04622861, -77.11257711)"
MCP2516001Z,180034952,Montgomery County Police,Injury Crash,07/14/2018 10:30:00 AM,County,FIELDS RD,Municipality,WASHINGTONIAN BLVD,,GAITHERSBURG,BICYCLIST,OTHER,CLEAR,DRY,DAYLIGHT,TRAFFIC SIGNAL,N/A,N/A,8C6C8049-76C6-4854-8D59-A73285835D0E,BICYCLIST,Cross/Enter at Intersection,N/A,ON ROADWAY AT CROSSWALK,OBEYED PED. SIGNAL,LIGHT CLOTHING,No,SUSPECTED MINOR INJURY,39.11168588,-77.19284892,"(39.11168588, -77.19284892)"
MCP1438006J,180034462,Montgomery County Police,Injury Crash,07/12/2018 01:30:00 PM,Maryland (State),QUINCE ORCHARD RD,Municipality,LITTLE QUARRY RD,,GAITHERSBURG,BICYCLIST,OTHER,CLEAR,DRY,DAYLIGHT,NO CONTROLS,NONE DETECTED,NONE DETECTED,035DE86D-08E8-4E98-A75E-2B3FD6CEF30A,BICYCLIST,Cross/Enter at Intersection,INATTENTIVE,AT INTERSECTION MARKED CROSSWALK,NO PED. SIGNAL,LIGHT CLOTHING,Yes,POSSIBLE INJURY,39.12455333,-77.24697667,"(39.12455333, -77.24697667)"
MCP2906001T,180034306,Montgomery County Police,Injury Crash,07/11/2018 05:19:00 PM,Maryland (State),KEY WEST AVE,Unknown,ENT TO BUSINESS,,N/A,BICYCLIST,STRAIGHT MOVEMENT ANGLE,CLEAR,DRY,DAYLIGHT,STOP SIGN,NONE DETECTED,N/A,5F187B8B-CC71-4064-BC9A-19853D1999CB,BICYCLIST,Cross/Enter at Intersection,N/A,ON ROADWAY AT CROSSWALK,N/A,LIGHT CLOTHING,No,SUSPECTED MINOR INJURY,39.104765,-77.19506,"(39.104765, -77.19506)"
MCP3034001X,180035522,Montgomery County Police,Injury Crash,07/18/2018 11:14:00 AM,Maryland (State),GEORGIA AVE,County,FENWICK LA,,N/A,PEDESTRIAN,OTHER,CLEAR,DRY,DAYLIGHT,OTHER,NONE DETECTED,NONE DETECTED,0AD3FAAD-F906-42AB-BB52-8C9D47D7007E,PEDESTRIAN,Cross/Enter at Intersection,NO IMPROPER ACTIONS,AT INTERSECTION MARKED CROSSWALK,OBEYED PED. SIGNAL,LIGHT CLOTHING,No,POSSIBLE INJURY,38.99828167,-77.03056833,"(38.99828167, -77.03056833)"
DD5630000B,180035731,Rockville Police Departme,Injury Crash,07/19/2018 11:35:00 AM,Municipality,MONROE ST,Municipality,FLEET ST,,ROCKVILLE,PEDESTRIAN,OTHER,CLEAR,DRY,DAYLIGHT,TRAFFIC SIGNAL,NONE DETECTED,NONE DETECTED,7CBC03F4-C555-4A5A-BC96-2707699892AE,PEDESTRIAN,Cross/Enter at Intersection,N/A,ON ROADWAY AT CROSSWALK,OBEYED PED. SIGNAL,MIXED CLOTHING,No,SUSPECTED MINOR INJURY,39.08073411,-77.14995772,"(39.08073411, -77.14995772)"
MCP3089001J,180031265,Montgomery County Police,Injury Crash,06/25/2018 12:11:00 PM,US (State),COLESVILLE RD,County,SPRING ST,,N/A,BICYCLIST,SINGLE VEHICLE,CLEAR,N/A,DAYLIGHT,N/A,N/A,N/A,98B9364D-5511-41AD-901E-8167F7D45A9A,BICYCLIST,Walking/Riding w/Traffic,IN ROADWAY IMPROPERLY,ON ROADWAY NOT AT CROSSWALK,NO PED. SIGNAL,DARK CLOTHING,Yes,SUSPECTED MINOR INJURY,38.99911167,-77.02601,"(38.99911167, -77.02601)"
MCP3118000W,180034608,Montgomery County Police,Injury Crash,07/13/2018 08:04:00 AM,County,RANDOLPH RD,County,MIDDLEVALE LA,,N/A,PEDESTRIAN,N/A,CLEAR,DRY,DAYLIGHT,TRAFFIC SIGNAL,NONE DETECTED,NONE DETECTED,72F21200-EB2D-4323-8392-2BBDECDBD92F,PEDESTRIAN,Cross/Enter at Intersection,NO IMPROPER ACTIONS,AT INTERSECTION MARKED CROSSWALK,OBEYED PED. SIGNAL,MIXED CLOTHING,No,SUSPECTED MINOR INJURY,39.06419884,-77.03948155,"(39.06419884, -77.03948155)"
MCP0487002L,180035710,Montgomery County Police,Injury Crash,07/19/2018 09:37:00 AM,,,,,PARKING LOT OF 18905 BONONZA WAY,,PEDESTRIAN,SINGLE VEHICLE,CLEAR,,DAYLIGHT,NO CONTROLS,NONE DETECTED,NONE DETECTED,51E6DE73-1F2B-4937-BD52-E8F12557251C,PEDESTRIAN,Standing,NO IMPROPER ACTIONS,OTHER,NO PED. SIGNAL,DARK CLOTHING,No,SUSPECTED SERIOUS INJURY,39.16664,-77.17042,"(39.16664, -77.17042)"
MCP22860025,180035634,Montgomery County Police,Injury Crash,07/18/2018 09:20:00 AM,Municipality,E JEFFERSON ST,Municipality,ROLLINS AVE,,ROCKVILLE,PEDESTRIAN,STRAIGHT MOVEMENT ANGLE,CLEAR,DRY,DARK LIGHTS ON,NO CONTROLS,NONE DETECTED,NONE DETECTED,06435A6C-D0BD-4D7A-9A65-61195B335A1F,PEDESTRIAN,Cross/Enter not at Intersection,DART DASH,ON ROADWAY NOT AT CROSSWALK,NO PED. SIGNAL,LIGHT CLOTHING,Yes,SUSPECTED SERIOUS INJURY,39.05985667,-77.125865,"(39.05985667, -77.125865)"
MCP2563000R,180034957,Montgomery County Police,Fatal Crash,07/15/2018 08:48:00 AM,,,,,PARKING LOT OF 19620 WHITE GROUND ROAD,,PEDESTRIAN,SINGLE VEHICLE,CLEAR,,DAYLIGHT,NO CONTROLS,,UNKNOWN,17F8F349-6498-4021-820B-3E80A0CD8BCE,PEDESTRIAN,Unknown,UNKNOWN,OTHER,NO PED. SIGNAL,MIXED CLOTHING,Unknown,FATAL INJURY,39.17753833,-77.32008333,"(39.17753833, -77.32008333)"
MCP2077002D,180036131,Montgomery County Police,Injury Crash,07/21/2018 11:32:00 AM,,,,,"PARKING LOT OF 3860 INTERNATIONAL DR, SILVER SPRING MD (GIANT FOODSTORE)",,PEDESTRIAN,OTHER,RAINING,,DAYLIGHT,N/A,NONE DETECTED,NONE DETECTED,7861D223-6CE5-4C8D-8F7E-7A782C0A50DD,PEDESTRIAN,Other,NO IMPROPER ACTIONS,OTHER,NO PED. SIGNAL,MIXED CLOTHING,No,SUSPECTED MINOR INJURY,39.10163,-77.07538,"(39.10163, -77.07538)"
MCP2565005G,180031935,Montgomery County Police,Injury Crash,06/28/2018 08:00:00 PM,Maryland (State),BRADLEY BLVD,County,ARLINGTON RD,,N/A,PEDESTRIAN,SINGLE VEHICLE,N/A,DRY,DUSK,TRAFFIC SIGNAL,NONE DETECTED,NONE DETECTED,2C4EB5CE-CD7D-4D11-B8C1-D569EF3B6B18,PEDESTRIAN,Cross/Enter at Intersection,IN ROADWAY IMPROPERLY,ON ROADWAY NOT AT CROSSWALK,OBEYED PED. SIGNAL,LIGHT CLOTHING,Yes,POSSIBLE INJURY,38.97816333,-77.09871667,"(38.97816333, -77.09871667)"
MCP21910028,180034993,Montgomery County Police,Injury Crash,07/15/2018 03:05:00 PM,Maryland (State),OLD GEORGETOWN RD,Unknown,ENT TO BUSINESS,,N/A,MACHINE OPERATOR/RIDER,HEAD ON,RAINING,WET,DAYLIGHT,N/A,NONE DETECTED,NONE DETECTED,AEAF9431-488F-4DB1-9923-6480484F8DB1,MACHINE OPERATOR/RIDER,Walking/Riding against Traffic,IN ROADWAY IMPROPERLY,ON ROADWAY NOT AT CROSSWALK,OTHER,DARK CLOTHING,Yes,SUSPECTED MINOR INJURY,39.02290117,-77.124048,"(39.02290117, -77.124048)"
MCP3050002H,180035990,Montgomery County Police,Injury Crash,07/20/2018 04:30:00 PM,County,BEL PRE RD,County,CONNECTICUT AVE,,N/A,PEDESTRIAN,SINGLE VEHICLE,CLEAR,DRY,DAYLIGHT,OTHER,NONE DETECTED,NONE DETECTED,A432D11C-75EA-4357-A558-3B09FA6E4987,PEDESTRIAN,Cross/Enter at Intersection,NO IMPROPER ACTIONS,ON ROADWAY AT CROSSWALK,OBEYED PED. SIGNAL,LIGHT CLOTHING,No,POSSIBLE INJURY,39.09174167,-77.06588167,"(39.09174167, -77.06588167)"
MCP2936002R,180036865,Montgomery County Police,Injury Crash,07/25/2018 04:36:00 PM,County,WOODGLEN DR,County,NICHOLSON LA,,N/A,BICYCLIST,OTHER,CLEAR,DRY,DAYLIGHT,OTHER,UNKNOWN,NONE DETECTED,F77DD49F-1B22-4D91-B879-9922B2609D36,BICYCLIST,Other,NO IMPROPER ACTIONS,ON ROADWAY AT CROSSWALK,NO PED. SIGNAL,LIGHT CLOTHING,No,POSSIBLE INJURY,39.04398667,-77.11339667,"(39.04398667, -77.11339667)"
MCP21620037,180035845,Montgomery County Police,Injury Crash,07/19/2018 07:46:00 PM,County,BEACON HOLLOW LA,County,BONSAL LA,,N/A,BICYCLIST,HEAD ON LEFT TURN,CLEAR,DRY,DAWN,NO CONTROLS,N/A,N/A,85BF5DCF-88BB-4A38-B5E4-B0DEBC6AE8D6,BICYCLIST,Walking/Riding w/Traffic,NO IMPROPER ACTIONS,ON ROADWAY NOT AT CROSSWALK,NO PED. SIGNAL,LIGHT CLOTHING,No,SUSPECTED MINOR INJURY,39.082585,-77.06100667,"(39.082585, -77.06100667)"
MCP94380014,180036461,Montgomery County Police,Property Damage Crash,07/23/2018 03:32:00 PM,,,,,19513 GUNNERS BRANCH,,OTHER,SINGLE VEHICLE,N/A,,DAYLIGHT,NO CONTROLS,NONE DETECTED,N/A,A0B0ACA5-7D97-4045-8665-747879ED5383,OTHER,N/A,NO IMPROPER ACTIONS,N/A,N/A,N/A,No,NO APPARENT INJURY,39.176415,-77.24066167,"(39.176415, -77.24066167)"
MCP3124000V,180035999,Montgomery County Police,Injury Crash,07/20/2018 05:20:00 PM,County,VEIRS MILL RD,County,MONTERREY DR,,N/A,BICYCLIST,STRAIGHT MOVEMENT ANGLE,CLEAR,DRY,DAYLIGHT,STOP SIGN,NONE DETECTED,NONE DETECTED,515E0214-56C8-48EB-BE31-220797183BF5,BICYCLIST,Cross/Enter at Intersection,FAILURE TO YIELD RIGHT OF WAY,OTHER,NO PED. SIGNAL,LIGHT CLOTHING,Yes,SUSPECTED MINOR INJURY,39.04418193,-77.06295356,"(39.04418193, -77.06295356)"
MCP1022009G,180036958,Montgomery County Police,Injury Crash,07/26/2018 07:32:00 AM,,,,,"DRIVEWAY OF 26601 MULLINIX MILL RD MT AIRY, MD 21771",,PEDESTRIAN,SINGLE VEHICLE,CLEAR,,DAYLIGHT,NO CONTROLS,NONE DETECTED,NONE DETECTED,FF49B7C2-FF41-4ED2-8043-6EE5470011AF,PEDESTRIAN,Other,DART DASH,OTHER,N/A,LIGHT CLOTHING,Yes,SUSPECTED SERIOUS INJURY,39.293005,-77.15005667,"(39.293005, -77.15005667)"
MCP229800JX,180035562,Montgomery County Police,Injury Crash,07/18/2018 03:01:00 PM,Maryland (State),FREDERICK RD,County,REDLAND RD,,N/A,PEDESTRIAN,OTHER,N/A,DRY,DAYLIGHT,NO CONTROLS,NONE DETECTED,NONE DETECTED,BB09E9BD-0E3E-4AEF-A2CC-6BDBF6239F07,PEDESTRIAN,Walking/Riding w/Traffic,NO IMPROPER ACTIONS,SIDEWALK,NO PED. SIGNAL,LIGHT CLOTHING,No,SUSPECTED MINOR INJURY,39.114425,-77.16378333,"(39.114425, -77.16378333)"
MCP242500CG,180036614,Montgomery County Police,Injury Crash,07/24/2018 09:56:00 AM,Maryland (State),PINEY BRANCH RD,Unknown,CROSSOVER,,N/A,PEDESTRIAN,SINGLE VEHICLE,RAINING,WET,DAYLIGHT,NO CONTROLS,NONE DETECTED,NONE DETECTED,C8507D34-EDAB-4401-98B8-989A71D24346,PEDESTRIAN,Cross/Enter not at Intersection,DART DASH,ON ROADWAY NOT AT CROSSWALK,UNKNOWN,DARK CLOTHING,Yes,SUSPECTED MINOR INJURY,38.999105,-76.99759667,"(38.999105, -76.99759667)"
MCP2767004V,180035958,Montgomery County Police,Injury Crash,07/20/2018 02:19:00 PM,,,,,"PARKING LOT OF JC PENNY'S LOCATED AT 11160 VEIRS MILL ROAD, WHEATON MD",,PEDESTRIAN,SINGLE VEHICLE,CLEAR,,DAYLIGHT,NO CONTROLS,NONE DETECTED,NONE DETECTED,EB06DD67-7601-4215-9A33-37AAB97A965F,PEDESTRIAN,Cross/Enter at Intersection,INATTENTIVE,ON ROADWAY AT CROSSWALK,NO PED. SIGNAL,MIXED CLOTHING,No,SUSPECTED MINOR INJURY,39.03657,-77.05316833,"(39.03657, -77.05316833)"
MCP1015001L,180035148,Montgomery County Police,Injury Crash,07/16/2018 12:50:00 PM,,,,,DRIVEWAY 6516 DAMASCUS ROAD,,PEDESTRIAN,OTHER,CLEAR,,DAYLIGHT,N/A,NONE DETECTED,NONE DETECTED,B12389A5-29DB-4DE7-88F6-A880D27B8066,PEDESTRIAN,Other,DART DASH,OTHER,N/A,LIGHT CLOTHING,Yes,SUSPECTED SERIOUS INJURY,39.250115,-77.13311667,"(39.250115, -77.13311667)"
MCP27490029,180036410,Montgomery County Police,Injury Crash,07/23/2018 11:05:00 AM,County,E RANDOLPH RD,Maryland (State),NEW HAMPSHIRE AVE,,N/A,PEDESTRIAN,SINGLE VEHICLE,CLOUDY,WET,DAYLIGHT,N/A,NONE DETECTED,NONE DETECTED,FA69E49E-9F65-43A2-8B69-0C2694FB1C8E,PEDESTRIAN,Cross/Enter not at Intersection,IN ROADWAY IMPROPERLY,ON ROADWAY NOT AT CROSSWALK,NO PED. SIGNAL,LIGHT CLOTHING,Yes,SUSPECTED MINOR INJURY,39.07577,-77.00072333,"(39.07577, -77.00072333)"
DD5631000W,180036439,Rockville Police Departme,Injury Crash,07/23/2018 02:10:00 PM,,,,,"STAPLES PARKING LOT 1531 ROCKVILLE PIKE ROCKVILLE, MD",,PEDESTRIAN,SINGLE VEHICLE,CLEAR,,DAYLIGHT,N/A,NONE DETECTED,NONE DETECTED,95C5A2A2-A22E-4865-9C68-B5367E407F5F,PEDESTRIAN,Other,NO IMPROPER ACTIONS,SIDEWALK,NO PED. SIGNAL,LIGHT CLOTHING,No,SUSPECTED SERIOUS INJURY,39.06488667,-77.12646333,"(39.06488667, -77.12646333)"
MCP27220030,180037639,Montgomery County Police,Injury Crash,07/29/2018 08:38:00 PM,,,,,"PARKING LOT OF 14101 GEORGIA AVE SILVER SPRING, MD",,BICYCLIST,SINGLE VEHICLE,CLEAR,,DARK LIGHTS ON,NO CONTROLS,N/A,N/A,D5F26865-3F28-48A2-9B3C-490BE063E1D4,BICYCLIST,Cross/Enter at Intersection,NO IMPROPER ACTIONS,SIDEWALK,NO PED. SIGNAL,DARK CLOTHING,No,POSSIBLE INJURY,39.08536833,-77.07825,"(39.08536833, -77.07825)"
MCP2894004Z,180033797,Montgomery County Police,Injury Crash,07/09/2018 05:50:00 AM,County,ALTA VISTA RD,Maryland (State),OLD GEORGETOWN RD,,N/A,OTHER CONVEYANCE,OTHER,CLEAR,DRY,DARK LIGHTS ON,NO CONTROLS,UNKNOWN,NONE DETECTED,54B61836-A7DC-4A9E-85F4-D220E0AF3242,OTHER CONVEYANCE,Cross/Enter at Intersection,NO IMPROPER ACTIONS,ON ROADWAY AT CROSSWALK,NO PED. SIGNAL,MIXED CLOTHING,No,SUSPECTED MINOR INJURY,39.00660309,-77.11168729,"(39.00660309, -77.11168729)"
MCP28820028,180037034,Montgomery County Police,Injury Crash,07/27/2018 03:20:00 PM,County,GERMANTOWN RD,Unknown,SHAKESPEARE BLVD,,N/A,BICYCLIST,SINGLE VEHICLE,CLEAR,DRY,DAYLIGHT,TRAFFIC SIGNAL,NONE DETECTED,NONE DETECTED,9BF24F9C-1863-49CC-B0F8-5B26FCD77776,BICYCLIST,Walking/Riding w/Traffic,NO IMPROPER ACTIONS,ON ROADWAY AT CROSSWALK,OBEYED PED. SIGNAL,DARK CLOTHING,No,SUSPECTED MINOR INJURY,39.18853496,-77.25182667,"(39.18853496, -77.25182667)"
MCP11230021,180036808,Montgomery County Police,Injury Crash,07/25/2018 11:08:00 AM,Maryland (State),LAYHILL RD,County,MIDDLEBRIDGE DR,,N/A,PEDESTRIAN,SINGLE VEHICLE,CLOUDY,DRY,DAYLIGHT,NO CONTROLS,NONE DETECTED,NONE DETECTED,C507E5CD-8691-4C97-A621-CC5561811C07,PEDESTRIAN,Cross/Enter at Intersection,DART DASH,AT INTERSECTION BUT NO CROSSWALK,NO PED. SIGNAL,MIXED CLOTHING,Unknown,SUSPECTED MINOR INJURY,39.072865,-77.0455,"(39.072865, -77.0455)"
MCP9318000L,180031038,Montgomery County Police,Injury Crash,06/23/2018 09:15:00 PM,County,CASTLE BLVD,Unknown,TEAGARDEN CIR,,N/A,PEDESTRIAN,OTHER,CLEAR,DRY,DARK LIGHTS ON,NO CONTROLS,NONE DETECTED,NONE DETECTED,5EA97E46-11C2-4020-95BE-4ABD860524EE,PEDESTRIAN,Cross/Enter not at Intersection,DART DASH,ON ROADWAY NOT AT CROSSWALK,NO PED. SIGNAL,DARK CLOTHING,Yes,SUSPECTED SERIOUS INJURY,39.08186667,-76.94466,"(39.08186667, -76.94466)"
MCP14360002,180037248,Montgomery County Police,Injury Crash,07/27/2018 01:04:00 PM,,,,,PARKING LOT AT 1911 ROCKVILLE PIKE,,PEDESTRIAN,SINGLE VEHICLE,CLEAR,,DAYLIGHT,N/A,NONE DETECTED,NONE DETECTED,C5E07693-0C26-482F-81F2-ED7635DDEEEB,PEDESTRIAN,Walking/Cycling on Sidewalk,N/A,SIDEWALK,NO PED. SIGNAL,LIGHT CLOTHING,No,POSSIBLE INJURY,39.05841581,-77.12148607,"(39.05841581, -77.12148607)"
MCP11230022,180038074,Montgomery County Police,Injury Crash,08/01/2018 07:09:00 AM,Maryland (State),GEORGIA AVE,County,SHOREFIELD RD,,N/A,PEDESTRIAN,SINGLE VEHICLE,CLOUDY,DRY,DAYLIGHT,TRAFFIC SIGNAL,NONE DETECTED,NONE DETECTED,6FE789F9-0D50-411A-AB33-C43A865E7C39,PEDESTRIAN,Cross/Enter at Intersection,NO IMPROPER ACTIONS,AT INTERSECTION MARKED CROSSWALK,OBEYED PED. SIGNAL,MIXED CLOTHING,No,SUSPECTED MINOR INJURY,39.052985,-77.05087667,"(39.052985, -77.05087667)"
MCP9318000L,180031038,Montgomery County Police,Injury Crash,06/23/2018 09:15:00 PM,County,CASTLE BLVD,Unknown,TEAGARDEN CIR,,N/A,PEDESTRIAN,OTHER,CLEAR,DRY,DARK LIGHTS ON,NO CONTROLS,NONE DETECTED,NONE DETECTED,807E92E1-367B-4EC6-AB7B-D922E23CC8A5,PEDESTRIAN,Cross/Enter not at Intersection,DART DASH,ON ROADWAY NOT AT CROSSWALK,NO PED. SIGNAL,DARK CLOTHING,Yes,SUSPECTED SERIOUS INJURY,39.08186667,-76.94466,"(39.08186667, -76.94466)"
MCP2680002K,180038168,Montgomery County Police,Injury Crash,08/01/2018 04:05:00 PM,County,SILVER SPRING AVE,County,GROVE ST,,N/A,BICYCLIST,STRAIGHT MOVEMENT ANGLE,CLEAR,DRY,DAYLIGHT,STOP SIGN,NONE DETECTED,NONE DETECTED,6887EC85-73E6-4E9F-BD5B-D4F272C21742,BICYCLIST,Walking/Riding w/Traffic,NO IMPROPER ACTIONS,OTHER,N/A,MIXED CLOTHING,No,SUSPECTED MINOR INJURY,38.9916875,-77.02190638,"(38.9916875, -77.02190638)"
MCP30050042,180037729,Montgomery County Police,Injury Crash,07/30/2018 12:20:00 PM,Maryland (State),LAYHILL RD,Unknown,ENT TO SHOPPING CENTER,,N/A,BICYCLIST,OTHER,CLOUDY,DRY,DAYLIGHT,STOP SIGN,NONE DETECTED,NONE DETECTED,1286498B-A42D-4064-B323-B9164866ED9D,BICYCLIST,Cross/Enter at Intersection,UNKNOWN,SIDEWALK,NO PED. SIGNAL,MIXED CLOTHING,Unknown,POSSIBLE INJURY,39.06089788,-77.05083735,"(39.06089788, -77.05083735)"
MCP2950001L,180038639,Montgomery County Police,Injury Crash,08/04/2018 05:00:00 AM,County,STRINGTOWN RD,Unknown,ST CLAIR RD,,N/A,BICYCLIST,SAME DIR REAR END,CLOUDY,WET,DARK LIGHTS ON,NO CONTROLS,UNKNOWN,NONE DETECTED,B9890DD4-4327-4034-8A78-CF39133F4F71,BICYCLIST,Walking/Riding w/Traffic,NO IMPROPER ACTIONS,SHOULDER,N/A,HEAD LIGHT AND REFLECTORS,No,SUSPECTED SERIOUS INJURY,39.240335,-77.270135,"(39.240335, -77.270135)"
MCP3093000S,180039443,Montgomery County Police,Injury Crash,08/08/2018 09:15:00 PM,,,,,PARKING LOT IN FRONT OF 10911 BREWER HOUSE RD,,PEDESTRIAN,N/A,N/A,,DARK LIGHTS ON,NO CONTROLS,N/A,N/A,C82748B4-44EA-499A-B04F-B56CF0CF2E16,PEDESTRIAN,Cross/Enter not at Intersection,NOT VISIBLE,ON ROADWAY NOT AT CROSSWALK,N/A,DARK CLOTHING,Yes,POSSIBLE INJURY,39.03500833,-77.11345167,"(39.03500833, -77.11345167)"
EJ7858002C,180038495,Gaithersburg Police Depar,Injury Crash,08/03/2018 11:50:00 AM,Municipality,CHRISTOPHER AVE,Municipality,RUSSELL AVE,,GAITHERSBURG,PEDESTRIAN,SINGLE VEHICLE,CLOUDY,DRY,DAYLIGHT,STOP SIGN,NONE DETECTED,NONE DETECTED,FFF247AB-8494-4BDD-AD74-FA9BBF94F5A1,PEDESTRIAN,Cross/Enter not at Intersection,NO IMPROPER ACTIONS,OTHER,NO PED. SIGNAL,MIXED CLOTHING,No,SUSPECTED MINOR INJURY,39.1583657,-77.21244514,"(39.1583657, -77.21244514)"
MCP23580058,180038830,Montgomery County Police,Injury Crash,08/05/2018 08:30:00 AM,County,MACARTHUR BLVD,Maryland (State),WILSON LA,,N/A,BICYCLIST,STRAIGHT MOVEMENT ANGLE,CLEAR,DRY,DAYLIGHT,NO CONTROLS,NONE DETECTED,NONE DETECTED,1C61FEC9-B644-42B6-BF0D-1BD68A69FE14,BICYCLIST,Walking/Riding w/Traffic,NO IMPROPER ACTIONS,OTHER,N/A,MIXED CLOTHING,No,SUSPECTED MINOR INJURY,38.97292667,-77.14644667,"(38.97292667, -77.14644667)"
MCP2914007C,180038331,Montgomery County Police,Injury Crash,08/02/2018 02:36:00 PM,Maryland (State),NEW HAMPSHIRE AVE,County,POWDER MILL RD,,N/A,PEDESTRIAN,OTHER,RAINING,WET,DAYLIGHT,TRAFFIC SIGNAL,N/A,N/A,765CE0F3-6797-41D7-91EE-8968BC32EB57,PEDESTRIAN,Cross/Enter at Intersection,DART DASH,ON ROADWAY AT CROSSWALK,UNKNOWN,MIXED CLOTHING,Unknown,POSSIBLE INJURY,39.02224071,-76.9773522,"(39.02224071, -76.9773522)"
MCP26870036,180038139,Montgomery County Police,Injury Crash,08/01/2018 02:12:00 PM,,,,,"FARMERS MARKET PARKING LOT. 
7155 WISCONSIN AVE BETHESDA MD",,PEDESTRIAN,SINGLE VEHICLE,CLEAR,,DAYLIGHT,NO CONTROLS,NONE DETECTED,NONE DETECTED,2258A857-0F34-4DE0-B315-2A9727F899F6,PEDESTRIAN,Other,NO IMPROPER ACTIONS,OTHER,NO PED. SIGNAL,LIGHT CLOTHING,No,SUSPECTED MINOR INJURY,38.98131333,-77.09236,"(38.98131333, -77.09236)"
MCP28130057,180038702,Montgomery County Police,Injury Crash,08/04/2018 05:50:00 PM,,,,,PARKING LOT OF 4301 RANDOLPH RD,,PEDESTRIAN,OTHER,CLEAR,,DAYLIGHT,N/A,N/A,N/A,11A24798-D25B-49EC-B6F5-0FD018CADEB9,PEDESTRIAN,Other,N/A,OTHER,N/A,N/A,No,SUSPECTED MINOR INJURY,39.05566333,-77.08368333,"(39.05566333, -77.08368333)"
MCP2339003M,180038573,Montgomery County Police,Injury Crash,08/03/2018 07:32:00 PM,County,RANDOLPH RD,County,PARKLAWN DR,,N/A,BICYCLIST,OTHER,RAINING,WET,DAYLIGHT,TRAFFIC SIGNAL,NONE DETECTED,NONE DETECTED,2AFD2FE0-A041-4D97-8EF7-76D59E45F9A7,BICYCLIST,Cross/Enter at Intersection,NO IMPROPER ACTIONS,ON ROADWAY AT CROSSWALK,N/A,MIXED CLOTHING,No,SUSPECTED MINOR INJURY,39.05342667,-77.10708,"(39.05342667, -77.10708)"
MCP28130057,180038702,Montgomery County Police,Injury Crash,08/04/2018 05:50:00 PM,,,,,PARKING LOT OF 4301 RANDOLPH RD,,PEDESTRIAN,OTHER,CLEAR,,DAYLIGHT,N/A,N/A,N/A,E7428D8F-B3F9-401C-A2A1-1BB16F5065FA,PEDESTRIAN,Other,N/A,OTHER,N/A,N/A,No,SUSPECTED MINOR INJURY,39.05566333,-77.08368333,"(39.05566333, -77.08368333)"
MCP2546002H,180040021,Montgomery County Police,Fatal Crash,08/11/2018 11:30:00 PM,Maryland (State),GEORGIA AVE,Maryland (State),VEIRS MILL RD,,N/A,PEDESTRIAN,SINGLE VEHICLE,CLEAR,DRY,DARK LIGHTS ON,NO CONTROLS,NONE DETECTED,UNKNOWN,09BA6EF6-0D38-47E2-B63D-7E73FDF55718,PEDESTRIAN,Cross/Enter not at Intersection,UNKNOWN,ON ROADWAY NOT AT CROSSWALK,NO PED. SIGNAL,DARK CLOTHING,Unknown,FATAL INJURY,39.03765,-77.05047333,"(39.03765, -77.05047333)"
HA2372000X,18001064,Maryland-National Capital,Injury Crash,08/13/2018 11:19:00 AM,Government,LITTLE FALLS PKWY,County,ARLINGTON RD,,N/A,PEDESTRIAN,OTHER,CLEAR,DRY,DAYLIGHT,STOP SIGN,NONE DETECTED,UNKNOWN,8710EFF5-E9A4-4944-AE39-A9333039E9F4,PEDESTRIAN,Cross/Enter at Intersection,DART DASH,ON ROADWAY AT CROSSWALK,N/A,UNKNOWN,Yes,SUSPECTED MINOR INJURY,38.97334695,-77.10107312,"(38.97334695, -77.10107312)"
MCP31090013,180039559,Montgomery County Police,Injury Crash,08/09/2018 02:15:00 PM,Maryland (State),GEORGIA AVE,Unknown,THE MD NATIONAL CAPITAL PARK & PLANNING,,N/A,PEDESTRIAN,SINGLE VEHICLE,CLEAR,DRY,DAYLIGHT,NO CONTROLS,NONE DETECTED,NONE DETECTED,4F1C357E-EBF4-4A18-8951-3EC1C6209001,PEDESTRIAN,Cross/Enter not at Intersection,IN ROADWAY IMPROPERLY,ON ROADWAY NOT AT CROSSWALK,NO PED. SIGNAL,LIGHT CLOTHING,Yes,POSSIBLE INJURY,38.99909202,-77.03131557,"(38.99909202, -77.03131557)"