Report Number,Local Case Number,Agency Name,ACRS Report Type,Crash Date/Time,Route Type,Road Name,Cross-Street Type,Cross-Street Name,Off-Road Description,Municipality,Related Non-Motorist,Collision Type,Weather,Surface Condition,Light,Traffic Control,Driver Substance Abuse,Non-Motorist Substance Abuse,Person ID,Pedestrian Type,Pedestrian Movement,Pedestrian Actions,Pedestrian Location,Pedestrian Obeyed Traffic Signal,Pedestrian Visibility,At Fault,Injury Severity,Latitude,Longitude,Location
MCP2243000J,180040556,Montgomery County Police,Injury Crash,08/15/2018 08:23:00 AM,County,DELCRIS DR,County,IVYBRIDGE CT,,N/A,PEDESTRIAN,SINGLE VEHICLE,CLOUDY,DRY,DAYLIGHT,NO CONTROLS,UNKNOWN,NONE DETECTED,B648E2E6-B2D5-40EE-8F45-7BA3C0AAE732,PEDESTRIAN,Walking/Riding against Traffic,UNKNOWN,ON ROADWAY NOT AT CROSSWALK,N/A,MIXED CLOTHING,Unknown,POSSIBLE INJURY,39.18848433,-77.17804819,"(39.18848433, -77.17804819)"
MCP9318000N,180039836,Montgomery County Police,Property Damage Crash,08/10/2018 08:45:00 PM,,,,,"VEH CRASH INTO 3952 ANGELTON CT, BURTONSVILLE MD",,OTHER,SINGLE VEHICLE,CLEAR,,DARK LIGHTS ON,N/A,NONE DETECTED,NONE DETECTED,152CEA60-DC49-4E53-A996-A84107E8899E,OTHER,N/A,N/A,OTHER,N/A,N/A,No,NO APPARENT INJURY,39.08890333,-76.93335,"(39.08890333, -76.93335)"
MCP2254001W,180039943,Montgomery County Police,Property Damage Crash,08/11/2018 02:30:00 AM,Maryland (State),RIDGE RD,Maryland (State),KEMPTOWN RD,,N/A,OTHER,SINGLE VEHICLE,N/A,DRY,N/A,NO CONTROLS,NONE DETECTED,N/A,4DFE3B14-494D-44AB-9E0A-750C49343FF7,OTHER,N/A,N/A,OTHER,N/A,N/A,No,NO APPARENT INJURY,39.31343333,-77.19807333,"(39.31343333, -77.19807333)"
MCP2031001J,180039341,Montgomery County Police,Property Damage Crash,08/08/2018 12:21:00 PM,Maryland (State),RIDGE RD,Other Public Roadway,SUNSET DR,,N/A,OTHER,SAME DIR REAR END,N/A,DRY,DAYLIGHT,NO CONTROLS,NONE DETECTED,NONE DETECTED,28D3746F-FBE2-4780-819E-49935BE99492,OTHER,Other Working,NO IMPROPER ACTIONS,OTHER,N/A,LIGHT CLOTHING,No,NO APPARENT INJURY,39.277808,-77.21266783,"(39.277808, -77.21266783)"
MCP2934003D,180039605,Montgomery County Police,Injury Crash,08/09/2018 05:48:00 PM,,,,,PARKING LOT OF MACY'S LOCATED AT 7101 DEMOCRACY BLVD,,PEDESTRIAN,OTHER,N/A,,DAYLIGHT,NO CONTROLS,NONE DETECTED,N/A,FDD2C115-1EAC-40B4-A966-85FFB7AB110D,PEDESTRIAN,Other,INATTENTIVE,OTHER,NO PED. SIGNAL,MIXED CLOTHING,Yes,POSSIBLE INJURY,39.0230263,-77.14618921,"(39.0230263, -77.14618921)"
EJ7829004T,180040228,Gaithersburg Police Depar,Injury Crash,08/13/2018 02:00:00 PM,,,,,PARKING LOT OF 15750 SHADY GROVE ROAD,,PEDESTRIAN,OTHER,CLEAR,,DAYLIGHT,NO CONTROLS,N/A,N/A,095774F6-C282-4372-9EFF-B483ABE1F734,PEDESTRIAN,Standing,OTHER,OTHER,N/A,LIGHT CLOTHING,Yes,POSSIBLE INJURY,39.11958973,-77.24573135,"(39.11958973, -77.24573135)"
MCP229800K3,180040231,Montgomery County Police,Injury Crash,08/13/2018 02:45:00 PM,County,WARING STATION RD,Unknown,WINDING CREEK WAY,,N/A,PEDESTRIAN,OTHER,CLOUDY,DRY,DAYLIGHT,N/A,NONE DETECTED,NONE DETECTED,75231928-DCAD-406F-8F18-71751E3975D9,PEDESTRIAN,Other,DART DASH,OUTSIDE RIGHT OF WAY,N/A,DARK CLOTHING,Yes,POSSIBLE INJURY,39.16323667,-77.24913167,"(39.16323667, -77.24913167)"
MCP2859005F,180039488,Montgomery County Police,Injury Crash,08/09/2018 05:40:00 AM,Maryland (State),GREAT SENECA HWY,Maryland (State),QUINCE ORCHARD RD,,N/A,PEDESTRIAN,SAME DIR REAR END,CLEAR,DRY,DARK NO LIGHTS,NO CONTROLS,NONE DETECTED,NONE DETECTED,2259B21D-B6CB-4793-B41C-5D8234EAC9EA,PEDESTRIAN,Standing,NO IMPROPER ACTIONS,OTHER,N/A,MIXED CLOTHING,No,POSSIBLE INJURY,39.13033333,-77.23971833,"(39.13033333, -77.23971833)"
MCP9318000N,180039836,Montgomery County Police,Property Damage Crash,08/10/2018 08:45:00 PM,,,,,"VEH CRASH INTO 3952 ANGELTON CT, BURTONSVILLE MD",,OTHER,SINGLE VEHICLE,CLEAR,,DARK LIGHTS ON,N/A,NONE DETECTED,N/A,9323A20D-F2CC-42FC-A235-302D1FDF0FC2,OTHER,N/A,NO IMPROPER ACTIONS,N/A,N/A,N/A,No,NO APPARENT INJURY,39.08890333,-76.93335,"(39.08890333, -76.93335)"
MCP2351002B,180039734,Montgomery County Police,Injury Crash,08/10/2018 10:47:00 AM,County,BOU AVE,Unknown,SPUR TO CHAPMAN AVE,,N/A,BICYCLIST,OTHER,CLEAR,DRY,DAYLIGHT,YIELD SIGN,UNKNOWN,NONE DETECTED,268A5B02-7AB2-4A12-8CAF-A5EB4500125D,BICYCLIST,Walking/Riding w/Traffic,NO IMPROPER ACTIONS,ON ROADWAY AT CROSSWALK,OTHER,MIXED CLOTHING,No,SUSPECTED MINOR INJURY,39.05727446,-77.11769342,"(39.05727446, -77.11769342)"
MCP1202003F,180039760,Montgomery County Police,Injury Crash,08/10/2018 12:28:00 PM,Maryland (State),BRADLEY LA,Maryland (State),WISCONSIN AVE,,N/A,BICYCLIST,SAME DIRECTION SIDESWIPE,CLEAR,DRY,DAYLIGHT,NO CONTROLS,UNKNOWN,NONE DETECTED,F5BF5B4A-D9DD-470A-B492-DAA08152B257,BICYCLIST,Walking/Riding w/Traffic,NO IMPROPER ACTIONS,IN BIKEWAY,N/A,N/A,No,SUSPECTED SERIOUS INJURY,38.97709667,-77.08568667,"(38.97709667, -77.08568667)"
MCP2708003N,180041484,Montgomery County Police,Injury Crash,08/20/2018 08:41:00 PM,Maryland (State),NEW HAMPSHIRE AVE,County,POWDER MILL RD,,N/A,PEDESTRIAN,STRAIGHT MOVEMENT ANGLE,CLEAR,DRY,DARK LIGHTS ON,TRAFFIC SIGNAL,NONE DETECTED,UNKNOWN,9446DC28-CC34-4E46-A636-D2A1970F61DE,PEDESTRIAN,Cross/Enter at Intersection,IN ROADWAY IMPROPERLY,ON ROADWAY AT CROSSWALK,DISOBEYED PED. SIGNAL,MIXED CLOTHING,Yes,POSSIBLE INJURY,39.02223164,-76.97753594,"(39.02223164, -76.97753594)"
MCP29290034,180041210,Montgomery County Police,Injury Crash,08/19/2018 05:46:00 AM,Maryland (State),OLNEY SANDY SPRING RD,County,SPARTAN RD,,N/A,PEDESTRIAN,OTHER,N/A,DRY,DAWN,TRAFFIC SIGNAL,NONE DETECTED,NONE DETECTED,06D6A75B-FE09-499A-9CEE-4B20B96C439A,PEDESTRIAN,Walking/Riding w/Traffic,NO IMPROPER ACTIONS,ON ROADWAY AT CROSSWALK,OBEYED PED. SIGNAL,LIGHT CLOTHING,No,SUSPECTED MINOR INJURY,39.15072667,-77.06254667,"(39.15072667, -77.06254667)"
MCP2191002D,180039753,Montgomery County Police,Injury Crash,08/10/2018 12:13:00 PM,,,,,PARKING LOT OF 11919 ROCKVILLE PIKE,,OTHER,SINGLE VEHICLE,UNKNOWN,,DAYLIGHT,N/A,NONE DETECTED,NONE DETECTED,741FC81D-5CF9-4AD7-9704-263E0D91F3A4,OTHER,N/A,N/A,INSIDE BUILDING,N/A,N/A,No,POSSIBLE INJURY,39.05156233,-77.11470283,"(39.05156233, -77.11470283)"
MCP25940040,180030195,Montgomery County Police,Injury Crash,06/14/2018 08:00:00 PM,County,PEACEFUL LA,County,MORNINGSIDE DR,,N/A,PEDESTRIAN,N/A,CLEAR,DRY,DAYLIGHT,NO CONTROLS,UNKNOWN,NONE DETECTED,F9F33A53-7E7C-4D76-802A-60E8F21767AA,PEDESTRIAN,N/A,OTHER,OTHER,N/A,OTHER,No,SUSPECTED MINOR INJURY,39.1491525,-77.06667567,"(39.1491525, -77.06667567)"
MCP1227000R,180040809,Montgomery County Police,Fatal Crash,08/16/2018 04:01:00 PM,Maryland (State),NORBECK RD,Municipality,E GUDE DR,,ROCKVILLE,PEDESTRIAN,SINGLE VEHICLE,CLEAR,DRY,DAYLIGHT,TRAFFIC SIGNAL,NONE DETECTED,NONE DETECTED,8887AF4A-37F4-45BA-98C6-0DD00EF89BDE,PEDESTRIAN,Cross/Enter at Intersection,UNKNOWN,ON ROADWAY AT CROSSWALK,DISOBEYED PED. SIGNAL,UNKNOWN,Unknown,FATAL INJURY,39.09007553,-77.12899195,"(39.09007553, -77.12899195)"
MCP3163000D,180041756,Montgomery County Police,Injury Crash,08/22/2018 09:37:00 AM,Maryland (State),KNOWLES AVE,County,SUMMIT AVE,,N/A,BICYCLIST,HEAD ON LEFT TURN,N/A,DRY,DAYLIGHT,TRAFFIC SIGNAL,NONE DETECTED,NONE DETECTED,917749C1-EC78-4CE5-842D-61B06539DE37,BICYCLIST,Cross/Enter at Intersection,FAILURE TO YIELD RIGHT OF WAY,ON ROADWAY AT CROSSWALK,OBEYED PED. SIGNAL,MIXED CLOTHING,No,SUSPECTED MINOR INJURY,39.02812255,-77.07969537,"(39.02812255, -77.07969537)"
MCP3089001P,180041729,Montgomery County Police,Injury Crash,08/22/2018 08:00:00 AM,County,THAYER AVE,County,FENTON ST,,N/A,BICYCLIST,OTHER,N/A,DRY,DAYLIGHT,TRAFFIC SIGNAL,N/A,N/A,9AECDAB3-4C7B-4385-9509-F4CDF0168527,BICYCLIST,Walking/Riding w/Traffic,NO IMPROPER ACTIONS,SHOULDER,N/A,N/A,No,SUSPECTED MINOR INJURY,38.99449667,-77.03050833,"(38.99449667, -77.03050833)"
MCP271700K4,180041691,Montgomery County Police,Injury Crash,08/21/2018 09:40:00 PM,County,SOUTHAMPTON DR,County,BEACON RD,,N/A,PEDESTRIAN,OTHER,CLEAR,WET,DARK LIGHTS ON,NO CONTROLS,UNKNOWN,NONE DETECTED,2D1AC938-0AD1-4A2D-A06C-21E120626FB5,PEDESTRIAN,Cross/Enter not at Intersection,IN ROADWAY IMPROPERLY,ON ROADWAY NOT AT CROSSWALK,NO PED. SIGNAL,MIXED CLOTHING,No,SUSPECTED MINOR INJURY,39.00533483,-76.98210633,"(39.00533483, -76.98210633)"
MCP271700K4,180041691,Montgomery County Police,Injury Crash,08/21/2018 09:40:00 PM,County,SOUTHAMPTON DR,County,BEACON RD,,N/A,PEDESTRIAN,OTHER,CLEAR,WET,DARK LIGHTS ON,NO CONTROLS,UNKNOWN,NONE DETECTED,A31B1A79-C237-4CB6-88B4-DCFF2517D0BE,PEDESTRIAN,Cross/Enter not at Intersection,IN ROADWAY IMPROPERLY,ON ROADWAY NOT AT CROSSWALK,NO PED. SIGNAL,MIXED CLOTHING,No,SUSPECTED MINOR INJURY,39.00533483,-76.98210633,"(39.00533483, -76.98210633)"
MCP9422001K,180041354,Montgomery County Police,Injury Crash,08/20/2018 10:15:00 AM,County,ELLSWORTH DR,County,FENTON ST,,N/A,PEDESTRIAN,SINGLE VEHICLE,CLOUDY,DRY,DAYLIGHT,TRAFFIC SIGNAL,NONE DETECTED,NONE DETECTED,7E55D17C-71E7-4520-BA6A-9BD31CEB1EAD,PEDESTRIAN,Other,IN ROADWAY IMPROPERLY,CURB,NO PED. SIGNAL,LIGHT CLOTHING,Yes,POSSIBLE INJURY,38.99702167,-77.0253,"(38.99702167, -77.0253)"
DD56110054,180042145,Rockville Police Departme,Property Damage Crash,08/24/2018 07:55:00 AM,Municipality,W GUDE DR,Municipality,GAITHER RD,,ROCKVILLE,PEDESTRIAN,SINGLE VEHICLE,CLEAR,DRY,DAYLIGHT,NO CONTROLS,N/A,UNKNOWN,9D173C4C-118D-4F5B-8CB5-AFA2A189FFBB,PEDESTRIAN,Standing,IN ROADWAY IMPROPERLY,ON ROADWAY NOT AT CROSSWALK,NO PED. SIGNAL,N/A,Yes,NO APPARENT INJURY,39.10669833,-77.16453833,"(39.10669833, -77.16453833)"
DD56330008,180042427,Rockville Police Departme,Injury Crash,08/24/2018 06:30:00 PM,Maryland (State),ROCKVILLE PIKE,Municipality,EDMONSTON DR,,ROCKVILLE,BICYCLIST,SINGLE VEHICLE,CLEAR,DRY,DAYLIGHT,N/A,NONE DETECTED,NONE DETECTED,C3854796-FCC9-4E06-A737-2D9A7F59B62F,BICYCLIST,Walking/Cycling on Sidewalk,NO IMPROPER ACTIONS,SIDEWALK,NO PED. SIGNAL,MIXED CLOTHING,No,SUSPECTED MINOR INJURY,39.0739245,-77.134849,"(39.0739245, -77.134849)"
MCP2563000S,180042134,Montgomery County Police,Fatal Crash,08/24/2018 04:05:00 AM,Maryland (State),GEORGIA AVE,County,REEDIE DR,,N/A,PEDESTRIAN,SINGLE VEHICLE,CLEAR,DRY,DARK LIGHTS ON,NO CONTROLS,NONE DETECTED,UNKNOWN,5573539D-F220-48D3-B518-F685AE9FECFE,PEDESTRIAN,Cross/Enter not at Intersection,DART DASH,ON ROADWAY NOT AT CROSSWALK,NO PED. SIGNAL,DARK CLOTHING,Unknown,FATAL INJURY,39.03912635,-77.05113669,"(39.03912635, -77.05113669)"
MCP20870028,180041953,Montgomery County Police,Injury Crash,08/23/2018 09:09:00 AM,County,RANDOLPH RD,County,JUDSON RD,,N/A,OTHER,SINGLE VEHICLE,CLEAR,DRY,DAYLIGHT,STOP SIGN,NONE DETECTED,NONE DETECTED,53EC57BF-0314-4B6A-8A09-77474858A9CC,OTHER,Standing,NO IMPROPER ACTIONS,AT INTERSECTION BUT NO CROSSWALK,N/A,REFLECTIVE MATERIAL,No,SUSPECTED SERIOUS INJURY,39.05770833,-77.05182833,"(39.05770833, -77.05182833)"
MCP1022009Q,180042151,Montgomery County Police,Injury Crash,08/24/2018 08:43:00 AM,County,WANEGARDEN DR,County,WISTERIA DR,,N/A,BICYCLIST,SINGLE VEHICLE,CLEAR,DRY,DAYLIGHT,STOP SIGN,NONE DETECTED,NONE DETECTED,24B81EAA-0874-4A36-95CC-D71BD10DF8C5,BICYCLIST,Walking/Riding w/Traffic,NO IMPROPER ACTIONS,ON ROADWAY NOT AT CROSSWALK,N/A,LIGHT CLOTHING,No,SUSPECTED MINOR INJURY,39.18197833,-77.28993667,"(39.18197833, -77.28993667)"
MCP2728005R,180042255,Montgomery County Police,Injury Crash,08/24/2018 07:50:00 PM,County,WAYNE AVE,County,DALE DR,,N/A,BICYCLIST,STRAIGHT MOVEMENT ANGLE,CLEAR,DRY,DUSK,NO CONTROLS,NONE DETECTED,NONE DETECTED,6EC811B7-CF93-4332-B595-065CE3BBCE51,BICYCLIST,Walking/Riding w/Traffic,NO IMPROPER ACTIONS,OTHER,OTHER,REFLECTIVE MATERIAL,No,SUSPECTED MINOR INJURY,38.99924167,-77.01722,"(38.99924167, -77.01722)"
MCP1301000Y,180041500,Montgomery County Police,Fatal Crash,08/20/2018 08:26:00 PM,Maryland (State),GEORGIA AVE,County,GLENALLAN AVE,,N/A,PEDESTRIAN,SINGLE VEHICLE,CLOUDY,DRY,DUSK,N/A,NONE DETECTED,UNKNOWN,20D5B51E-5331-47A7-9E92-BBB69042FCFC,PEDESTRIAN,Cross/Enter not at Intersection,DART DASH,N/A,NO PED. SIGNAL,MIXED CLOTHING,Yes,FATAL INJURY,39.06200287,-77.05351985,"(39.06200287, -77.05351985)"
MCP271700K4,180041691,Montgomery County Police,Injury Crash,08/21/2018 09:40:00 PM,County,SOUTHAMPTON DR,County,BEACON RD,,N/A,PEDESTRIAN,OTHER,CLEAR,WET,DARK LIGHTS ON,NO CONTROLS,UNKNOWN,NONE DETECTED,E4A9914F-97A3-40A2-A110-516C9E1071FF,PEDESTRIAN,Cross/Enter not at Intersection,IN ROADWAY IMPROPERLY,ON ROADWAY NOT AT CROSSWALK,NO PED. SIGNAL,MIXED CLOTHING,No,SUSPECTED MINOR INJURY,39.00533483,-76.98210633,"(39.00533483, -76.98210633)"
MCP3042001Z,180042346,Montgomery County Police,Injury Crash,08/25/2018 10:30:00 AM,Maryland (State),GEORGIA AVE,Maryland (State),VEIRS MILL RD,,N/A,PEDESTRIAN,SINGLE VEHICLE,CLOUDY,DRY,DAYLIGHT,NO CONTROLS,NONE DETECTED,NONE DETECTED,D23EB759-6AD6-4165-8CC9-8F46C470B055,PEDESTRIAN,Cross/Enter at Intersection,NO IMPROPER ACTIONS,ON ROADWAY NOT AT CROSSWALK,NO PED. SIGNAL,DARK CLOTHING,Unknown,SUSPECTED MINOR INJURY,39.03540246,-77.04973724,"(39.03540246, -77.04973724)"
MCP271700K1,180039391,Montgomery County Police,Injury Crash,08/08/2018 04:45:00 PM,Maryland (State),UNIVERSITY BLVD E,US (State),COLESVILLE RD,,N/A,PEDESTRIAN,OTHER,CLEAR,DRY,DAYLIGHT,TRAFFIC SIGNAL,NONE DETECTED,NONE DETECTED,96341BFC-4BFE-484A-A32A-F95DF70D3094,PEDESTRIAN,Cross/Enter not at Intersection,DART DASH,ON ROADWAY NOT AT CROSSWALK,NO PED. SIGNAL,MIXED CLOTHING,Yes,SUSPECTED MINOR INJURY,39.020385,-77.014245,"(39.020385, -77.014245)"
MCP9419001S,180043414,Montgomery County Police,Injury Crash,08/31/2018 09:55:00 AM,County,SEVEN LOCKS RD,County,MONTROSE RD,,N/A,PEDESTRIAN,OTHER,CLEAR,DRY,DAYLIGHT,TRAFFIC SIGNAL,NONE DETECTED,NONE DETECTED,09EB4AAA-A314-4699-BFBD-FDD705EA7696,PEDESTRIAN,Other Working,N/A,ON ROADWAY NOT AT CROSSWALK,N/A,REFLECTIVE MATERIAL,Yes,SUSPECTED MINOR INJURY,39.05682167,-77.16154333,"(39.05682167, -77.16154333)"
MCP24280019,180043908,Montgomery County Police,Injury Crash,09/03/2018 09:35:00 AM,County,FISHER AVE,County,W WILLARD RD,,N/A,BICYCLIST,SAME DIR REAR END,CLEAR,DRY,DAYLIGHT,NO CONTROLS,UNKNOWN,NONE DETECTED,7563ABA2-8ECC-439C-B0C9-C21D5660EA86,BICYCLIST,Walking/Riding w/Traffic,NO IMPROPER ACTIONS,ON ROADWAY NOT AT CROSSWALK,N/A,MIXED CLOTHING,No,SUSPECTED MINOR INJURY,39.1469928,-77.42542769,"(39.1469928, -77.42542769)"
MCP2812003Q,180042390,Montgomery County Police,Injury Crash,08/25/2018 04:19:00 PM,Maryland (State),GEORGIA AVE,County,BELVEDERE BLVD,,N/A,PEDESTRIAN,OTHER,CLEAR,DRY,DAYLIGHT,NO CONTROLS,N/A,N/A,80D1D118-1746-45D5-AE21-69B80C7BDE14,PEDESTRIAN,Cross/Enter not at Intersection,NOT VISIBLE,ON ROADWAY NOT AT CROSSWALK,NO PED. SIGNAL,MIXED CLOTHING,Yes,SUSPECTED MINOR INJURY,39.01948095,-77.04400051,"(39.01948095, -77.04400051)"
MCP27890050,180043679,Montgomery County Police,Injury Crash,09/01/2018 05:35:00 PM,Maryland (State),GEORGIA AVE,US (State),COLESVILLE RD,,N/A,PEDESTRIAN,SINGLE VEHICLE,CLEAR,DRY,DAYLIGHT,TRAFFIC SIGNAL,N/A,N/A,6A1362BB-6808-49D1-8357-AD17D4029552,PEDESTRIAN,Cross/Enter at Intersection,NO IMPROPER ACTIONS,AT INTERSECTION MARKED CROSSWALK,OBEYED PED. SIGNAL,MIXED CLOTHING,No,POSSIBLE INJURY,38.99581667,-77.02813,"(38.99581667, -77.02813)"
MCP1020003M,180044050,Montgomery County Police,Injury Crash,09/04/2018 08:06:00 AM,,,,,DRIVEWAY TO 19910 FREDERICK ROAD,,PEDESTRIAN,OTHER,CLEAR,,DAYLIGHT,NO CONTROLS,NONE DETECTED,NONE DETECTED,ECB9C2FE-25E3-4896-9303-22165E060BE1,PEDESTRIAN,Cross/Enter not at Intersection,DART DASH,OTHER,NO PED. SIGNAL,MIXED CLOTHING,Yes,SUSPECTED MINOR INJURY,39.1831895,-77.23926717,"(39.1831895, -77.23926717)"
EJ7829004Z,180043349,Gaithersburg Police Depar,Property Damage Crash,08/30/2018 08:30:00 PM,Municipality,GIRARD ST,County,N SUMMIT AVE,,N/A,BICYCLIST,OTHER,CLEAR,DRY,DARK LIGHTS ON,NO CONTROLS,NONE DETECTED,NONE DETECTED,D51138C1-0D93-4BDE-A0DA-A14D31B7A788,BICYCLIST,Cross/Enter not at Intersection,NO IMPROPER ACTIONS,OTHER,NO PED. SIGNAL,LIGHT CLOTHING,Unknown,NO APPARENT INJURY,39.147655,-77.19084167,"(39.147655, -77.19084167)"
MCP2680002P,180044204,Montgomery County Police,Property Damage Crash,09/04/2018 09:15:00 PM,,,,,PARKING GARAGE AT 8700 CAMERON ST,,PEDESTRIAN,OTHER,CLEAR,,DARK LIGHTS ON,NO CONTROLS,UNKNOWN,NONE DETECTED,D8AD3596-43E2-42E2-974E-D63452B5B199,PEDESTRIAN,Cross/Enter not at Intersection,NO IMPROPER ACTIONS,OTHER,NO PED. SIGNAL,REFLECTIVE MATERIAL,No,NO APPARENT INJURY,38.998305,-77.02881167,"(38.998305, -77.02881167)"
MCP3137000B,180042854,Montgomery County Police,Injury Crash,08/28/2018 03:28:00 PM,County,BALLARD ST,County,WOODLAND DR,,N/A,MACHINE OPERATOR/RIDER,HEAD ON LEFT TURN,CLEAR,DRY,DAYLIGHT,STOP SIGN,NONE DETECTED,NONE DETECTED,00FC3A38-1C56-454D-A9E3-7B7DA58916CE,MACHINE OPERATOR/RIDER,Walking/Riding w/Traffic,NO IMPROPER ACTIONS,ON ROADWAY NOT AT CROSSWALK,N/A,MIXED CLOTHING,No,POSSIBLE INJURY,39.00139802,-77.0324746,"(39.00139802, -77.0324746)"
MCP3112000T,180043077,Montgomery County Police,Injury Crash,08/29/2018 03:58:00 PM,,,,,"PARKING LOT OF 4111 HOWARD AVE, KENSINGTON MD 20895",,PEDESTRIAN,OTHER,CLEAR,,DAYLIGHT,NO CONTROLS,N/A,NONE DETECTED,06BAB8F8-F1BD-49C4-A11C-1318C97F0006,PEDESTRIAN,Standing,NO IMPROPER ACTIONS,N/A,N/A,LIGHT CLOTHING,No,SUSPECTED MINOR INJURY,39.03049,-77.080705,"(39.03049, -77.080705)"
MCP2923004F,180043454,Montgomery County Police,Injury Crash,08/31/2018 01:17:00 PM,Maryland (State),VEIRS MILL RD,County,GALT AVE,,N/A,PEDESTRIAN,OTHER,RAINING,WET,DAYLIGHT,NO CONTROLS,NONE DETECTED,UNKNOWN,1F050FE1-BA39-4FC4-AF2A-720229A62BEA,PEDESTRIAN,Cross/Enter not at Intersection,IN ROADWAY IMPROPERLY,ON ROADWAY NOT AT CROSSWALK,NO PED. SIGNAL,MIXED CLOTHING,Yes,SUSPECTED SERIOUS INJURY,39.04122534,-77.05762066,"(39.04122534, -77.05762066)"
MCP13420028,180044120,Montgomery County Police,Injury Crash,09/04/2018 01:00:00 PM,Maryland (State),FALLS RD,County,S GLEN RD,,N/A,BICYCLIST,SAME DIRECTION RIGHT TURN,CLEAR,DRY,DAYLIGHT,TRAFFIC SIGNAL,UNKNOWN,NONE DETECTED,239E5CED-80A7-41EF-926A-E64B79D5DB58,BICYCLIST,Cross/Enter at Intersection,NO IMPROPER ACTIONS,IN BIKEWAY,NO PED. SIGNAL,MIXED CLOTHING,No,POSSIBLE INJURY,39.0266,-77.20424,"(39.0266, -77.20424)"
MCP2686002N,180023937,Montgomery County Police,Injury Crash,05/15/2018 05:20:00 PM,Maryland (State),FREDERICK RD,Municipality,BROOKS AVE,,GAITHERSBURG,BICYCLIST,STRAIGHT MOVEMENT ANGLE,CLEAR,DRY,DAYLIGHT,NO CONTROLS,NONE DETECTED,UNKNOWN,31607F01-B537-4797-8D2A-ED2B36DF33E2,BICYCLIST,Walking/Cycling on Sidewalk,UNKNOWN,SIDEWALK,NO PED. SIGNAL,UNKNOWN,No,SUSPECTED SERIOUS INJURY,39.14336167,-77.200995,"(39.14336167, -77.200995)"
MCP30650022,180041130,Montgomery County Police,Injury Crash,08/18/2018 02:57:00 PM,,,,,PARKING LOT OF 11311 LOCKWOOD DR,,BICYCLIST,OTHER,CLEAR,,DAYLIGHT,N/A,NONE DETECTED,NONE DETECTED,589983C1-734D-44F2-ADD3-4BA347FD4910,BICYCLIST,Walking/Cycling on Sidewalk,NO IMPROPER ACTIONS,SIDEWALK,NO PED. SIGNAL,MIXED CLOTHING,No,POSSIBLE INJURY,39.04015667,-76.98933,"(39.04015667, -76.98933)"
EJ7846003J,180044997,Gaithersburg Police Depar,Injury Crash,09/09/2018 08:00:00 AM,Maryland (State),QUINCE ORCHARD RD,Municipality,FIRSTFIELD RD,,GAITHERSBURG,PEDESTRIAN,STRAIGHT MOVEMENT ANGLE,RAINING,WET,DAYLIGHT,TRAFFIC SIGNAL,UNKNOWN,NONE DETECTED,68C64BEF-C17C-4F07-8E2A-33CC9D2C64DE,PEDESTRIAN,Cross/Enter not at Intersection,FAILURE TO YIELD RIGHT OF WAY,ON ROADWAY NOT AT CROSSWALK,NO PED. SIGNAL,N/A,Yes,POSSIBLE INJURY,39.14105,-77.20823,"(39.14105, -77.20823)"
DD5605005Q,180045675,Rockville Police Departme,Property Damage Crash,09/13/2018 07:45:00 AM,Municipality,GREAT FALLS RD,Municipality,MONUMENT ST,,ROCKVILLE,PEDESTRIAN,OTHER,CLEAR,DRY,DAYLIGHT,OTHER,NONE DETECTED,NONE DETECTED,4CECB962-DB8B-4EFD-91AF-D5541D7BAA52,PEDESTRIAN,Cross/Enter at Intersection,NO IMPROPER ACTIONS,AT INTERSECTION MARKED CROSSWALK,NO PED. SIGNAL,MIXED CLOTHING,No,NO APPARENT INJURY,39.08011633,-77.16110017,"(39.08011633, -77.16110017)"
MCP14530062,180044711,Montgomery County Police,Injury Crash,09/07/2018 12:23:00 PM,County,WISTERIA DR,County,WALTER JOHNSON RD,,N/A,PEDESTRIAN,SINGLE VEHICLE,CLOUDY,DRY,DAYLIGHT,STOP SIGN,NONE DETECTED,NONE DETECTED,826AFEA5-CBCE-4554-B041-53D60B365D0C,PEDESTRIAN,Cross/Enter at Intersection,IN ROADWAY IMPROPERLY,ON ROADWAY AT CROSSWALK,NO PED. SIGNAL,MIXED CLOTHING,Yes,SUSPECTED SERIOUS INJURY,39.17590333,-77.26840167,"(39.17590333, -77.26840167)"