Report Number,Local Case Number,Agency Name,ACRS Report Type,Crash Date/Time,Route Type,Road Name,Cross-Street Type,Cross-Street Name,Off-Road Description,Municipality,Related Non-Motorist,Collision Type,Weather,Surface Condition,Light,Traffic Control,Driver Substance Abuse,Non-Motorist Substance Abuse,Person ID,Pedestrian Type,Pedestrian Movement,Pedestrian Actions,Pedestrian Location,Pedestrian Obeyed Traffic Signal,Pedestrian Visibility,At Fault,Injury Severity,Latitude,Longitude,Location
MCP1554003T,180063880,Montgomery County Police,Injury Crash,12/21/2018 06:26:00 PM,County,E GUDE DR,Unknown,CALHOUN DR,,N/A,PEDESTRIAN,STRAIGHT MOVEMENT ANGLE,CLEAR,WET,DARK LIGHTS ON,FLASHING TRAFFIC SIGNAL,N/A,ALCOHOL PRESENT,0828B403-962B-4147-A100-7A4411B9EEFD,PEDESTRIAN,Cross/Enter not at Intersection,DART DASH,ON ROADWAY NOT AT CROSSWALK,DISOBEYED PED. SIGNAL,DARK CLOTHING,Yes,SUSPECTED SERIOUS INJURY,39.10570667,-77.14493167,"(39.10570667, -77.14493167)"
MCP27080043,180064590,Montgomery County Police,Injury Crash,12/26/2018 05:00:00 PM,Maryland (State),PINEY BRANCH RD,County,FLOWER AVE,,N/A,PEDESTRIAN,HEAD ON LEFT TURN,CLEAR,DRY,DUSK,TRAFFIC SIGNAL,NONE DETECTED,NONE DETECTED,0F06F111-E7C9-4CA0-B271-2EC1F5E2BAC5,PEDESTRIAN,Cross/Enter at Intersection,N/A,AT INTERSECTION MARKED CROSSWALK,OBEYED PED. SIGNAL,MIXED CLOTHING,No,SUSPECTED MINOR INJURY,38.99819333,-77.00348,"(38.99819333, -77.00348)"
DD5634000Z,180064599,Rockville Police Departme,Injury Crash,12/26/2018 06:00:00 PM,Maryland (State),HUNGERFORD DR,Municipality,N WASHINGTON ST,,ROCKVILLE,PEDESTRIAN,OTHER,CLOUDY,DRY,DARK LIGHTS ON,TRAFFIC SIGNAL,NONE DETECTED,NONE DETECTED,FF9E8929-DF92-4282-8917-E26E3B421787,PEDESTRIAN,Cross/Enter at Intersection,NO IMPROPER ACTIONS,ON ROADWAY AT CROSSWALK,OBEYED PED. SIGNAL,DARK CLOTHING,No,POSSIBLE INJURY,39.0920635,-77.15303667,"(39.0920635, -77.15303667)"
MCP3079001M,180064250,Montgomery County Police,Injury Crash,12/23/2018 08:44:00 PM,County,MIDDLEBROOK RD,Unknown,ENT TO BUSINESS,,N/A,PEDESTRIAN,OTHER,CLEAR,DRY,DARK LIGHTS ON,N/A,NONE DETECTED,ALCOHOL PRESENT,21EAB453-8059-4334-B847-5EE35D8F26B4,PEDESTRIAN,Cross/Enter not at Intersection,IN ROADWAY IMPROPERLY,ON ROADWAY NOT AT CROSSWALK,N/A,DARK CLOTHING,Yes,SUSPECTED MINOR INJURY,39.17553667,-77.25554167,"(39.17553667, -77.25554167)"
MCP3109001T,180063578,Montgomery County Police,Injury Crash,12/20/2018 12:05:00 PM,County,WAYNE AVE,County,FENTON ST,,N/A,PEDESTRIAN,SINGLE VEHICLE,CLOUDY,WET,DAYLIGHT,TRAFFIC SIGNAL,NONE DETECTED,NONE DETECTED,11F93A90-257F-414D-A0EC-3DCCB589FCAD,PEDESTRIAN,Cross/Enter at Intersection,UNKNOWN,ON ROADWAY AT CROSSWALK,UNKNOWN,DARK CLOTHING,Unknown,SUSPECTED MINOR INJURY,38.99513617,-77.02476733,"(38.99513617, -77.02476733)"
MCP2108000N,180063847,Montgomery County Police,Injury Crash,12/21/2018 04:15:00 PM,County,VICTORY LA,County,GAINSBOROUGH RD,,N/A,PEDESTRIAN,SINGLE VEHICLE,CLOUDY,WET,DAYLIGHT,STOP SIGN,,NONE DETECTED,CCDE8A05-8D11-4EBB-B534-86B0DF4E4750,PEDESTRIAN,Cross/Enter at Intersection,NO IMPROPER ACTIONS,ON ROADWAY AT CROSSWALK,OBEYED PED. SIGNAL,LIGHT CLOTHING,No,SUSPECTED MINOR INJURY,39.0445,-77.17115833,"(39.0445, -77.17115833)"
MCP30890020,180063667,Montgomery County Police,Injury Crash,12/20/2018 08:33:00 PM,County,BROADBIRCH DR,Other Public Roadway,CALVERTON BLVD (AHEAD),,N/A,PEDESTRIAN,SINGLE VEHICLE,RAINING,WET,DARK LIGHTS ON,TRAFFIC SIGNAL,UNKNOWN,N/A,1B7528F8-1F65-4815-91F3-A832818DC315,PEDESTRIAN,Cross/Enter at Intersection,N/A,AT INTERSECTION MARKED CROSSWALK,NO PED. SIGNAL,DARK CLOTHING,No,SUSPECTED MINOR INJURY,39.05601667,-76.95441167,"(39.05601667, -76.95441167)"
MCP30710013,180062823,Montgomery County Police,Property Damage Crash,12/16/2018 06:01:00 PM,,,,,IN FRONT OF 11408 BROOK RUN DR,,PEDESTRIAN,OTHER,CLEAR,,DARK LIGHTS ON,NO CONTROLS,,NONE DETECTED,309B8CEE-3CB5-4976-8A54-C72814BFAEAF,PEDESTRIAN,Other,NO IMPROPER ACTIONS,SIDEWALK,N/A,N/A,Yes,NO APPARENT INJURY,39.19364333,-77.23738333,"(39.19364333, -77.23738333)"
MCP3075001Y,180064588,Montgomery County Police,Injury Crash,12/26/2018 04:31:00 PM,,,,,11606 MIDDLEBROOK RD (SUNOCO PARKING LOT),,OTHER,OTHER,CLEAR,,DAYLIGHT,N/A,NONE DETECTED,NONE DETECTED,F6A3B5C7-0083-45E3-A158-2C5A94A9B05C,OTHER,Other,NO IMPROPER ACTIONS,OTHER,N/A,N/A,No,POSSIBLE INJURY,39.17893833,-77.23947167,"(39.17893833, -77.23947167)"
MCP2291003D,180064385,Montgomery County Police,Injury Crash,12/24/2018 06:15:00 PM,County,BETHESDA AVE,County,WOODMONT AVE,,N/A,BICYCLIST,SINGLE VEHICLE,CLEAR,DRY,DARK LIGHTS ON,NO CONTROLS,UNKNOWN,UNKNOWN,1FF44DE5-22A9-44AD-9BA8-E7D5589EEF10,BICYCLIST,Cross/Enter at Intersection,NO IMPROPER ACTIONS,SIDEWALK,N/A,DARK CLOTHING,No,SUSPECTED MINOR INJURY,38.99124433,-77.097848,"(38.99124433, -77.097848)"
MCP3005004D,180065076,Montgomery County Police,Injury Crash,12/29/2018 02:30:00 PM,County,GRANDVIEW AVE,County,ENNALLS AVE,,N/A,PEDESTRIAN,ANGLE MEETS LEFT TURN,CLEAR,N/A,DAYLIGHT,NO CONTROLS,NONE DETECTED,NONE DETECTED,C7743276-ADA8-4064-AA9D-5FA0768D98D1,PEDESTRIAN,Cross/Enter not at Intersection,DART DASH,ON ROADWAY NOT AT CROSSWALK,NO PED. SIGNAL,LIGHT CLOTHING,Yes,POSSIBLE INJURY,39.03958333,-77.052515,"(39.03958333, -77.052515)"
MCP2617006Q,180064692,Montgomery County Police,Injury Crash,12/27/2018 10:40:00 AM,County,BRIGHTVIEW ST,County,CONNECTICUT AVE SERVICE RD,,N/A,PEDESTRIAN,OTHER,N/A,DRY,DAYLIGHT,NO CONTROLS,NONE DETECTED,NONE DETECTED,BCF8E6C3-7BA5-49F9-9641-B06AAE450499,PEDESTRIAN,Cross/Enter not at Intersection,UNKNOWN,ON ROADWAY NOT AT CROSSWALK,NO PED. SIGNAL,DARK CLOTHING,No,SUSPECTED MINOR INJURY,39.12640667,-77.072385,"(39.12640667, -77.072385)"
MCP28690032,180064933,Montgomery County Police,Injury Crash,12/28/2018 05:15:00 PM,County,REEDIE DR,County,FERN ST,,N/A,PEDESTRIAN,OTHER,N/A,WET,DARK LIGHTS ON,TRAFFIC SIGNAL,N/A,N/A,B3520C2A-38E7-4745-8FFA-2186DE1DC3D4,PEDESTRIAN,Cross/Enter not at Intersection,IN ROADWAY IMPROPERLY,ON ROADWAY NOT AT CROSSWALK,OBEYED PED. SIGNAL,LIGHT CLOTHING,Yes,POSSIBLE INJURY,39.03874,-77.04916167,"(39.03874, -77.04916167)"
MCP3059003G,180063871,Montgomery County Police,Injury Crash,12/21/2018 07:00:00 PM,,,,,PARKING LOT OF 13615 GEORGIA AVE,,PEDESTRIAN,OTHER,CLEAR,,DUSK,N/A,UNKNOWN,NONE DETECTED,F683236B-C907-44F5-AAC6-A26AF23F65AB,PEDESTRIAN,Walking/Cycling on Sidewalk,NO IMPROPER ACTIONS,SIDEWALK,NO PED. SIGNAL,MIXED CLOTHING,No,POSSIBLE INJURY,39.07891152,-77.07230682,"(39.07891152, -77.07230682)"
MCP2639005L,190000170,Montgomery County Police,Injury Crash,01/02/2019 06:30:00 AM,Maryland (State),GEORGIA AVE,Unknown,CROSSOVER,,N/A,PEDESTRIAN,HEAD ON LEFT TURN,CLEAR,DRY,DARK NO LIGHTS,NO CONTROLS,NONE DETECTED,NONE DETECTED,9B09E1D9-EB1B-4546-B541-49F4537201C9,PEDESTRIAN,Cross/Enter at Intersection,DART DASH,ON ROADWAY NOT AT CROSSWALK,NO PED. SIGNAL,DARK CLOTHING,Yes,POSSIBLE INJURY,39.08196833,-77.076615,"(39.08196833, -77.076615)"
DD5603006M,180065302,Rockville Police Departme,Injury Crash,12/31/2018 09:15:00 AM,Municipality,TWINBROOK PKWY,Municipality,CHAPMAN AVE,,ROCKVILLE,PEDESTRIAN,OTHER,RAINING,WET,DAYLIGHT,TRAFFIC SIGNAL,NONE DETECTED,ALCOHOL CONTRIBUTED,C1AE560F-A108-4FA2-A4C4-32C6818A2A50,PEDESTRIAN,Cross/Enter at Intersection,FAILURE TO OBEY TRAFFIC SIGNS SIGNALS OR OFFICER,AT INTERSECTION MARKED CROSSWALK,DISOBEYED PED. SIGNAL,LIGHT CLOTHING,Yes,SUSPECTED MINOR INJURY,39.058575,-77.11794167,"(39.058575, -77.11794167)"
MCP1580009X,180063772,Montgomery County Police,Injury Crash,12/21/2018 12:02:00 PM,Maryland (State),MIDCOUNTY HWY,Unknown,SPUR TO SAYBROOKE OAKS BLVD,,N/A,OTHER,HEAD ON LEFT TURN,CLOUDY,DRY,DAYLIGHT,TRAFFIC SIGNAL,NONE DETECTED,NONE DETECTED,8543F13E-F9DE-4D74-B3EA-35C25AE98C60,OTHER,Other Working,NO IMPROPER ACTIONS,OTHER,N/A,MIXED CLOTHING,No,SUSPECTED SERIOUS INJURY,39.15054,-77.17428333,"(39.15054, -77.17428333)"
MCP3059003G,180063871,Montgomery County Police,Injury Crash,12/21/2018 07:00:00 PM,,,,,PARKING LOT OF 13615 GEORGIA AVE,,PEDESTRIAN,OTHER,CLEAR,,DUSK,N/A,UNKNOWN,NONE DETECTED,59981897-F4E5-4159-8077-39D87DDEC1BD,PEDESTRIAN,Walking/Cycling on Sidewalk,NO IMPROPER ACTIONS,SIDEWALK,NO PED. SIGNAL,MIXED CLOTHING,No,POSSIBLE INJURY,39.07891152,-77.07230682,"(39.07891152, -77.07230682)"
MCP3021003W,180065216,Montgomery County Police,Injury Crash,12/30/2018 02:50:00 PM,,,,,PARKING LOT OF SEARS ROEBUCK   11255 NEW HAMPSHIRE AVE,,PEDESTRIAN,OTHER,N/A,,DAYLIGHT,N/A,NONE DETECTED,NONE DETECTED,09EEA5D1-EC87-4D4C-AB85-5C2DB587D512,PEDESTRIAN,Standing,NO IMPROPER ACTIONS,OTHER,NO PED. SIGNAL,MIXED CLOTHING,No,SUSPECTED SERIOUS INJURY,39.04206333,-76.989115,"(39.04206333, -76.989115)"
MCP2799004L,180061322,Montgomery County Police,Injury Crash,12/13/2018 12:00:00 AM,County,CHERRY HILL RD,County,BROADBIRCH DR,,N/A,PEDESTRIAN,SINGLE VEHICLE,CLEAR,DRY,DARK LIGHTS ON,NO CONTROLS,ILLEGAL DRUG CONTRIBUTED,NONE DETECTED,A7BDDB32-BD6D-4D15-A8C4-EDF60BBCBD15,PEDESTRIAN,Other,OTHER,SHOULDER,N/A,DARK CLOTHING,No,SUSPECTED MINOR INJURY,39.09495667,-76.92988833,"(39.09495667, -76.92988833)"
MCP06130015,190000546,Montgomery County Police,Injury Crash,01/04/2019 07:34:00 AM,County,QUEEN ELIZABETH DR,County,MORNINGWOOD DR,,N/A,PEDESTRIAN,OTHER,CLOUDY,DRY,DAWN,STOP SIGN,NONE DETECTED,NONE DETECTED,F33A9865-C6EE-46FE-85F0-0ED15841FD48,PEDESTRIAN,Cross/Enter at Intersection,NO IMPROPER ACTIONS,AT INTERSECTION BUT NO CROSSWALK,NO PED. SIGNAL,DARK CLOTHING,No,SUSPECTED MINOR INJURY,39.15291,-77.07997333,"(39.15291, -77.07997333)"
MCP2788001P,180065156,Montgomery County Police,Injury Crash,12/30/2018 01:00:00 AM,Maryland (State),VEIRS MILL RD,County,ENNALLS AVE,,N/A,PEDESTRIAN,OTHER,CLEAR,DRY,DARK LIGHTS ON,NO CONTROLS,UNKNOWN,NONE DETECTED,1DDC6E3B-04BC-409A-98DA-29FB9A3D7843,PEDESTRIAN,Cross/Enter at Intersection,NO IMPROPER ACTIONS,ON ROADWAY AT CROSSWALK,NO PED. SIGNAL,DARK CLOTHING,No,SUSPECTED MINOR INJURY,39.03937833,-77.054055,"(39.03937833, -77.054055)"
MCP3040002X,190000948,Montgomery County Police,Injury Crash,01/06/2019 04:00:00 PM,County,CASHELL RD,County,BOWIE MILL RD,,N/A,PEDESTRIAN,SINGLE VEHICLE,CLEAR,DRY,DAYLIGHT,TRAFFIC SIGNAL,N/A,N/A,EB72C093-9957-4789-A9C5-5841B0007F01,PEDESTRIAN,Cross/Enter at Intersection,N/A,ON ROADWAY AT CROSSWALK,OBEYED PED. SIGNAL,UNKNOWN,No,POSSIBLE INJURY,39.15498167,-77.09481167,"(39.15498167, -77.09481167)"
MCP23960032,190001004,Montgomery County Police,Injury Crash,01/07/2019 07:55:00 AM,,,,,PARKING LOT 12405 GEORGIA AVENUE,,PEDESTRIAN,STRAIGHT MOVEMENT ANGLE,CLOUDY,,DAYLIGHT,NO CONTROLS,NONE DETECTED,NONE DETECTED,40702F69-01D9-4C0D-8A51-656E9C838635,PEDESTRIAN,Other,INATTENTIVE,OTHER,NO PED. SIGNAL,DARK CLOTHING,Yes,POSSIBLE INJURY,39.06099667,-77.05151167,"(39.06099667, -77.05151167)"
MCP2046009D,190000543,Montgomery County Police,Injury Crash,01/04/2019 07:12:00 AM,,,,,REAR PARKING LOT OF 2 UNIVERSITY BLVD E,,PEDESTRIAN,STRAIGHT MOVEMENT ANGLE,CLEAR,,DAWN,STOP SIGN,NONE DETECTED,NONE DETECTED,FD7B509F-A204-4464-A076-B5CBEF844200,PEDESTRIAN,Walking/Cycling on Sidewalk,NO IMPROPER ACTIONS,SIDEWALK,N/A,MIXED CLOTHING,No,POSSIBLE INJURY,39.02014667,-77.01345833,"(39.02014667, -77.01345833)"
MCP2181002D,190000573,Montgomery County Police,Property Damage Crash,01/04/2019 09:48:00 AM,Maryland (State),OLNEY LAYTONSVILLE RD,County,DORSEY RD,,N/A,PEDESTRIAN,OTHER,CLOUDY,DRY,DAYLIGHT,NO CONTROLS,N/A,N/A,524C88D3-37BE-4935-BEEE-565BD33ED55B,PEDESTRIAN,Other,DISABLED VEHICLE RELATED,AT INTERSECTION BUT NO CROSSWALK,N/A,DARK CLOTHING,Yes,NO APPARENT INJURY,39.19619833,-77.13016,"(39.19619833, -77.13016)"
MCP27830033,190000668,Montgomery County Police,Injury Crash,01/04/2019 05:28:00 PM,Maryland (State),UNIVERSITY BLVD W,County,AMHERST AVE,,N/A,PEDESTRIAN,N/A,CLEAR,DRY,DARK LIGHTS ON,TRAFFIC SIGNAL,NONE DETECTED,NONE DETECTED,EBEF65BE-0951-47B3-B928-857CDDF2EDCC,PEDESTRIAN,Cross/Enter at Intersection,UNKNOWN,AT INTERSECTION MARKED CROSSWALK,UNKNOWN,LIGHT CLOTHING,Unknown,SUSPECTED SERIOUS INJURY,39.04131667,-77.04852,"(39.04131667, -77.04852)"
DD55390025,190000855,Rockville Police Departme,Injury Crash,01/05/2019 09:45:00 PM,Maryland (State),ROCKVILLE PIKE,Municipality,ROLLINS AVE,,ROCKVILLE,PEDESTRIAN,OTHER,CLEAR,DRY,DARK LIGHTS ON,TRAFFIC SIGNAL,NONE DETECTED,NONE DETECTED,FF09978B-E8D1-498E-95FE-FDBBC11DDBDB,PEDESTRIAN,Cross/Enter at Intersection,FAILURE TO OBEY TRAFFIC SIGNS SIGNALS OR OFFICER,ON ROADWAY AT CROSSWALK,DISOBEYED PED. SIGNAL,DARK CLOTHING,Yes,POSSIBLE INJURY,39.05912667,-77.12127,"(39.05912667, -77.12127)"
MCP2357003H,190001755,Montgomery County Police,Injury Crash,01/11/2019 12:53:00 PM,Maryland (State),PINEY BRANCH RD,County,DALE DR,,N/A,BICYCLIST,OTHER,CLEAR,DRY,DAYLIGHT,N/A,NONE DETECTED,NONE DETECTED,1004EAEA-6EFC-4D97-A8F9-4CB8493F322B,BICYCLIST,Unknown,NO IMPROPER ACTIONS,OTHER,N/A,DARK CLOTHING,Yes,SUSPECTED MINOR INJURY,38.99345833,-77.00918667,"(38.99345833, -77.00918667)"
MCP2348004K,190001848,Montgomery County Police,Injury Crash,01/11/2019 08:30:00 PM,,,,,PARKING LOT OF 12345 GEORGIA AVE,,PEDESTRIAN,SINGLE VEHICLE,CLEAR,,DARK LIGHTS ON,NO CONTROLS,NONE DETECTED,NONE DETECTED,481A5CEC-DA9D-4BF6-9F48-CF86DC471133,PEDESTRIAN,Cross/Enter not at Intersection,DART DASH,ON ROADWAY NOT AT CROSSWALK,NO PED. SIGNAL,DARK CLOTHING,Yes,POSSIBLE INJURY,39.06083167,-77.04947667,"(39.06083167, -77.04947667)"
MCP2617006R,190002321,Montgomery County Police,Injury Crash,01/15/2019 04:10:00 PM,County,RANDOLPH RD,County,GARDEN GATE RD,,N/A,PEDESTRIAN,OTHER,CLEAR,DRY,DAYLIGHT,TRAFFIC SIGNAL,NONE DETECTED,NONE DETECTED,43CF3A0E-40C0-4108-A609-45489F750AF8,PEDESTRIAN,Cross/Enter at Intersection,NO IMPROPER ACTIONS,AT INTERSECTION MARKED CROSSWALK,OBEYED PED. SIGNAL,DARK CLOTHING,No,NO APPARENT INJURY,39.06402,-77.03982167,"(39.06402, -77.03982167)"
MCP29770051,180001585,Montgomery County Police,Injury Crash,01/10/2019 12:55:00 PM,,,,,"PARKING LOT OF GIANT FOOD 8750 ARLISS ST SILVER SPRING, MD",,PEDESTRIAN,OTHER,CLEAR,,DAYLIGHT,NO CONTROLS,N/A,N/A,377B26F8-FF6E-4F93-B83B-FE1A588698A4,PEDESTRIAN,Other,NO IMPROPER ACTIONS,OTHER,NO PED. SIGNAL,DARK CLOTHING,No,SUSPECTED MINOR INJURY,38.99994667,-77.00263333,"(38.99994667, -77.00263333)"
MCP2450002C,180062847,Montgomery County Police,Injury Crash,12/16/2018 08:55:00 PM,Maryland (State),UNIVERSITY BLVD E,County,LANGLEY DR,,N/A,PEDESTRIAN,OTHER,N/A,DRY,DARK NO LIGHTS,NO CONTROLS,NONE DETECTED,UNKNOWN,2072C8A0-98F5-4A8D-86F4-D650291DA5AE,PEDESTRIAN,Cross/Enter not at Intersection,IN ROADWAY IMPROPERLY,MEDIAN,NO PED. SIGNAL,UNKNOWN,Yes,POSSIBLE INJURY,39.00148167,-76.99569333,"(39.00148167, -76.99569333)"
MCP1235001Q,190001836,Montgomery County Police,Injury Crash,01/11/2019 06:59:00 PM,County,LOCKWOOD DR,County,OAK LEAF DR,,N/A,PEDESTRIAN,OTHER,CLEAR,DRY,DARK LIGHTS ON,NO CONTROLS,NONE DETECTED,NONE DETECTED,775AA4C0-A555-4310-9074-0B4E909B517E,PEDESTRIAN,Cross/Enter at Intersection,NO IMPROPER ACTIONS,ON ROADWAY AT CROSSWALK,NO PED. SIGNAL,LIGHT CLOTHING,No,SUSPECTED MINOR INJURY,39.021135,-77.00824833,"(39.021135, -77.00824833)"
MCP3095001B,19001970,Montgomery County Police,Injury Crash,01/12/2019 06:26:00 PM,,,,,11700 OLD COMBIA PIKE CRASHED INTO BUILDING,,PEDESTRIAN,OTHER,SNOW,,OTHER,N/A,N/A,N/A,1071846E-1977-4ED2-93FB-B7BD7294CA49,PEDESTRIAN,Standing,NO IMPROPER ACTIONS,OTHER,N/A,N/A,No,SUSPECTED MINOR INJURY,39.04954667,-76.981065,"(39.04954667, -76.981065)"
DD5615006Q,190002029,Rockville Police Departme,Injury Crash,01/13/2019 03:18:00 PM,Municipality,RESEARCH BLVD,Maryland (State),W MONTGOMERY AVE,,N/A,PEDESTRIAN,SINGLE VEHICLE,SNOW,SNOW,DAYLIGHT,NO CONTROLS,NONE DETECTED,NONE DETECTED,7F76D5EF-5F64-413C-A23F-742EDC34492F,PEDESTRIAN,Walking/Cycling on Sidewalk,NO IMPROPER ACTIONS,SIDEWALK,N/A,MIXED CLOTHING,No,POSSIBLE INJURY,39.09153833,-77.17885667,"(39.09153833, -77.17885667)"
MCP2504003S,190001829,Montgomery County Police,Injury Crash,01/11/2019 06:03:00 PM,County,GLEN MILL RD,County,DARNESTOWN RD,,N/A,BICYCLIST,SAME DIRECTION RIGHT TURN,CLEAR,DRY,DARK LIGHTS ON,TRAFFIC SIGNAL,UNKNOWN,NONE DETECTED,C6BCB9CC-1274-4649-85FE-E25CABA29793,BICYCLIST,Cross/Enter at Intersection,NO IMPROPER ACTIONS,AT INTERSECTION MARKED CROSSWALK,OBEYED PED. SIGNAL,DARK CLOTHING,No,POSSIBLE INJURY,39.09224667,-77.194515,"(39.09224667, -77.194515)"
MCP2617006T,190002554,Montgomery County Police,Injury Crash,01/16/2019 05:50:00 PM,Maryland (State),GEORGIA AVE,County,HEWITT AVE,,N/A,PEDESTRIAN,SINGLE VEHICLE,CLOUDY,WET,DARK LIGHTS ON,TRAFFIC SIGNAL,NONE DETECTED,NONE DETECTED,B78E6381-02E4-4D3D-A786-D12ECB76C428,PEDESTRIAN,Cross/Enter at Intersection,DART DASH,ON ROADWAY AT CROSSWALK,DISOBEYED PED. SIGNAL,MIXED CLOTHING,Yes,SUSPECTED SERIOUS INJURY,39.05769833,-77.05041667,"(39.05769833, -77.05041667)"
MCP2904006N,190001980,Montgomery County Police,Injury Crash,01/12/2019 08:45:00 PM,Maryland (State),PINEY BRANCH RD,Maryland (State),FLOWER AVE,,N/A,PEDESTRIAN,OTHER,SNOW,SNOW,DARK LIGHTS ON,TRAFFIC SIGNAL,NONE DETECTED,NONE DETECTED,5BE81C4F-6A19-4D80-978B-59FFA0B8A55A,PEDESTRIAN,Cross/Enter at Intersection,UNKNOWN,ON ROADWAY AT CROSSWALK,UNKNOWN,DARK CLOTHING,Unknown,POSSIBLE INJURY,38.99881333,-77.00368,"(38.99881333, -77.00368)"
MCP137800PJ,190002358,Montgomery County Police,Injury Crash,01/15/2019 07:02:00 PM,,,,,PARKING LOT OF 457  FREDERICK RD,,PEDESTRIAN,SINGLE VEHICLE,CLEAR,,DARK LIGHTS ON,NO CONTROLS,NONE DETECTED,NONE DETECTED,695291B1-2CD8-4722-A382-8914FBD0FDF3,PEDESTRIAN,Walking/Cycling on Sidewalk,NO IMPROPER ACTIONS,SIDEWALK,NO PED. SIGNAL,DARK CLOTHING,No,SUSPECTED MINOR INJURY,39.148535,-77.206375,"(39.148535, -77.206375)"
MCP1205004V,190003389,Montgomery County Police,Injury Crash,01/22/2019 02:49:00 PM,,,,,DRIVEWAY OF 3810 EAST WEST HWY,,PEDESTRIAN,OTHER,CLEAR,,DAYLIGHT,NO CONTROLS,NONE DETECTED,NONE DETECTED,A8375E74-6B16-40E9-866C-148525116360,PEDESTRIAN,Other,OTHER,OTHER,N/A,MIXED CLOTHING,Yes,SUSPECTED MINOR INJURY,38.99749333,-77.10967667,"(38.99749333, -77.10967667)"
MCP2667005L,190003151,Montgomery County Police,Injury Crash,01/20/2019 01:00:00 PM,County,GOSHEN RD,County,WIGHTMAN RD,,N/A,PEDESTRIAN,SINGLE VEHICLE,CLEAR,DRY,DAYLIGHT,TRAFFIC SIGNAL,NONE DETECTED,NONE DETECTED,E55166EB-213F-4588-9169-3FB9A26F38CD,PEDESTRIAN,Cross/Enter at Intersection,NO IMPROPER ACTIONS,ON ROADWAY AT CROSSWALK,OBEYED PED. SIGNAL,MIXED CLOTHING,No,POSSIBLE INJURY,39.18813983,-77.1883335,"(39.18813983, -77.1883335)"
MCP2244002T,190002881,Montgomery County Police,Injury Crash,01/18/2019 02:41:00 PM,,,,,PARKING LOT OF 8615 FENTON STREET,,PEDESTRIAN,OTHER,CLEAR,,DAYLIGHT,N/A,NONE DETECTED,NONE DETECTED,DB06ED22-0E21-42BF-B9BF-BD718DB1F2C9,PEDESTRIAN,Other,NO IMPROPER ACTIONS,SIDEWALK,N/A,N/A,No,SUSPECTED MINOR INJURY,38.99827333,-77.0285,"(38.99827333, -77.0285)"
MCP3021003Y,190002414,Montgomery County Police,Injury Crash,01/16/2019 06:20:00 AM,Maryland (State),NEW HAMPSHIRE AVE,County,VENICE DR,,N/A,PEDESTRIAN,SINGLE VEHICLE,CLEAR,DRY,DARK LIGHTS ON,TRAFFIC SIGNAL,NONE DETECTED,NONE DETECTED,50D37285-9A55-4B86-89EA-124F38F85ACD,PEDESTRIAN,Cross/Enter at Intersection,FAILURE TO OBEY TRAFFIC SIGNS SIGNALS OR OFFICER,ON ROADWAY AT CROSSWALK,DISOBEYED PED. SIGNAL,MIXED CLOTHING,Yes,SUSPECTED MINOR INJURY,39.061495,-76.998745,"(39.061495, -76.998745)"
MCP0036008Q,180056136,Montgomery County Police,Injury Crash,11/08/2018 05:02:00 PM,,,,,PARKING LOT IN FRONT OF 13007 WISTERIA DR,,PEDESTRIAN,SINGLE VEHICLE,CLEAR,,DARK LIGHTS ON,NO CONTROLS,NONE DETECTED,NONE DETECTED,0C07A55B-04CF-4C7F-BF1F-EBA4B3598BA3,PEDESTRIAN,Other,NO IMPROPER ACTIONS,OTHER,N/A,MIXED CLOTHING,No,SUSPECTED MINOR INJURY,39.17850333,-77.27039333,"(39.17850333, -77.27039333)"
MCP1334007D,190003328,Montgomery County Police,Injury Crash,01/22/2019 08:50:00 AM,County,CONTOUR RD,County,HORIZON RUN RD,,N/A,PEDESTRIAN,SINGLE VEHICLE,CLEAR,DRY,DAYLIGHT,NO CONTROLS,NONE DETECTED,NONE DETECTED,A65C97FD-C685-46BE-9350-2E50CFBB59A8,PEDESTRIAN,Cross/Enter not at Intersection,DART DASH,ON ROADWAY NOT AT CROSSWALK,NO PED. SIGNAL,MIXED CLOTHING,Yes,SUSPECTED MINOR INJURY,39.155385,-77.19765667,"(39.155385, -77.19765667)"
MCP2789005G,19003417,Montgomery County Police,Injury Crash,01/22/2019 06:15:00 PM,,,,,909 THAYER AVE PARKING LOT,,PEDESTRIAN,SINGLE VEHICLE,CLEAR,,DARK LIGHTS ON,NO CONTROLS,N/A,N/A,3E7A5895-0635-4EC6-9B33-5B3EA7D7837E,PEDESTRIAN,Other,DART DASH,OUTSIDE RIGHT OF WAY,NO PED. SIGNAL,DARK CLOTHING,Yes,POSSIBLE INJURY,38.99313333,-77.02544,"(38.99313333, -77.02544)"
MCP25920011,190002854,Montgomery County Police,Injury Crash,01/17/2019 09:30:00 PM,,,,,PARKING LOT OF GIANT LOCATED AT 20044 GOSHEN RD,,PEDESTRIAN,OTHER,SNOW,,DARK LIGHTS ON,N/A,N/A,N/A,DCA31964-2E33-47A7-A82D-D9C0A7BEF07C,PEDESTRIAN,Standing,NO IMPROPER ACTIONS,OTHER,N/A,UNKNOWN,No,POSSIBLE INJURY,39.12279293,-77.22670388,"(39.12279293, -77.22670388)"